phig_id,uniprot_a,ensembl_a,taxid_species_a,organism_a,taxid_strain_a,strain_a,uniprot_matches_a,modification_a,uniprot_b,ensembl_b,taxid_species_b,organism_b,taxid_strain_b,strain_b,uniprot_matches_b,modification_b,phenotype,disease,host_tissue,evidence_code,interaction_type,pmid,high_level_terms,sequence_A,sequence_B,buffer_col
PHIG:10710,L2FLE8,,,Colletotrichum gloeosporioides,,CFCC80308,species,Ste12delta (deletion),,,1217306,Populus x beijingensis,,Unknown strain,none,,PHIPO:0000363,,BTO:0000713,Macroscopic observation (qualitative observation),interspecies interaction,38748933,Loss of pathogenicity,,,
PHIG:10710,L2FLE8,,,Colletotrichum gloeosporioides,,CFCC80308,species,Ste12delta (deletion),,,1217306,Populus x beijingensis,,Unknown strain,none,,PHIPO:0000365,,BTO:0000713,Macroscopic observation (qualitative observation),interspecies interaction,38748933,Reduced virulence,,,
PHIG:10710,L2FLE8,,,Colletotrichum gloeosporioides,,CFCC80308,species,Ste12+ (wild type) [Wild type product level],,,1217306,Populus x beijingensis,,Unknown strain,none,,PHIPO:0000954,,BTO:0000713,Macroscopic observation (qualitative observation),interspecies interaction,38748933,,,,
PHIG:10710,L2FLE8,,,Colletotrichum gloeosporioides,,CFCC80308,species,Ste12delta-Ste12 transformant(complement by re-introducing the wild-type allele at an ectopic locus) (transformant) [Ectopic],,,1217306,Populus x beijingensis,,Unknown strain,none,,PHIPO:0000954,,BTO:0000713,Macroscopic observation (qualitative observation),interspecies interaction,38748933,Unaffected pathogenicity,,,
PHIG:10710,L2FLE8,,,Colletotrichum gloeosporioides,,CFCC80308,species,Ste12+ (wild type) [Wild type product level],,,1217306,Populus x beijingensis,,Unknown strain,none,,,PHIDO:0000504,,,interspecies interaction,38748933,,,,
,Q9M5J9,,3702,Arabidopsis thaliana,,,species,,Q8NKE6,,5180,Sclerotinia sclerotiorum,,,species,,,,,Co-purification,protein-protein interaction,35468894,,,,
,Q9M5J9,,3702,Arabidopsis thaliana,,,species,,Q8NKE6,,5180,Sclerotinia sclerotiorum,,,species,,,,,PCA,protein-protein interaction,35468894,,,,
,Q9M5J9,,3702,Arabidopsis thaliana,,,species,,A0A1D9QD76,,5180,Sclerotinia sclerotiorum,665079,,strain,,,,,Two-hybrid,protein-protein interaction,35468894,,,,
,Q9M5J9,,3702,Arabidopsis thaliana,,,species,,A0A1D9QD76,,5180,Sclerotinia sclerotiorum,665079,,strain,,,,,PCA,protein-protein interaction,35468894,,,,
PHIG:7767,A0A1D9QD76,,5180,Sclerotinia sclerotiorum,665079,WMA1,strain,PINE1+ (wild type) [Wild type product level],,,3888,Pisum sativum,,cv. Guido,none,,PHIPO:0000954,,BTO:0000713,Macroscopic observation (quantitative observation),interspecies interaction,35468894,,,,
PHIG:7767,A0A1D9QD76,,5180,Sclerotinia sclerotiorum,665079,WMA1,strain,PINE1delta (deletion),,,3888,Pisum sativum,,cv. Guido,none,,PHIPO:0000365,,BTO:0000713,Macroscopic observation (quantitative observation),interspecies interaction,35468894,Reduced virulence,,,
PHIG:7767,A0A1D9QD76,,5180,Sclerotinia sclerotiorum,665079,WMA1,strain,PINE1+ (wild type) [Wild type product level],,,3888,Pisum sativum,,cv. Guido,none,,,PHIDO:0000393,BTO:0000713,,interspecies interaction,35468894,,,,
PHIG:11338,Q8NKE6,,5180,Sclerotinia sclerotiorum,,WMA1,species,PG1+ (wild type) [Wild type product level],,,3888,Pisum sativum,,cv. Guido,none,,PHIPO:0000951,,BTO:0000713,Macroscopic observation (quantitative observation),interspecies interaction,35468894,,,,
PHIG:11338,Q8NKE6,,5180,Sclerotinia sclerotiorum,,WMA1,species,PG1delta (deletion),,,3888,Pisum sativum,,cv. Guido,none,,PHIPO:0000365,,BTO:0000713,Macroscopic observation (quantitative observation),interspecies interaction,35468894,Reduced virulence,,,
PHIG:7767,A0A1D9QD76,,5180,Sclerotinia sclerotiorum,665079,WMA1,strain,PINE1delta (deletion),Q9M5J9,,3702,Arabidopsis thaliana,,ecotype Columbia-0,species,PGIP1 transformant(3xFlag tagged) (transformant) [Overexpression],PHIPO:0000365,,BTO:0000713,Macroscopic observation (quantitative observation),interspecies interaction,35468894,Reduced virulence,,,
PHIG:11338,Q8NKE6,,5180,Sclerotinia sclerotiorum,,WMA1,species,PG1delta (deletion),Q9M5J9,,3702,Arabidopsis thaliana,,ecotype Columbia-0,species,PGIP1 transformant(3xFlag tagged) (transformant) [Overexpression],PHIPO:0000365,,BTO:0000713,Macroscopic observation (quantitative observation),interspecies interaction,35468894,Reduced virulence,,,
PHIG:11266,A0A384JF20,,40559,Botrytis cinerea,332648,,strain,,Q9M5J9,,3702,Arabidopsis thaliana,,,species,,,,,PCA,protein-protein interaction,35468894,,,,
PHIG:11266,A0A384JF20,,40559,Botrytis cinerea,332648,B05.10,strain,PINE1delta (deletion),Q9M5J9,,3702,Arabidopsis thaliana,,ecotype Columbia-0,species,PGIP1+ (wild type) [Wild type product level],PHIPO:0000365,,BTO:0000713,Macroscopic observation (quantitative observation),interspecies interaction,35468894,,,,
,,,5180,Sclerotinia sclerotiorum,,WMA1,none,,Q9M5J9,,3702,Arabidopsis thaliana,,ecotype Columbia-0,species,PGIP1 transformant(3xFlag tagged) (transformant) [Overexpression],PHIPO:0000954,,BTO:0000713,Macroscopic observation (quantitative observation),interspecies interaction,35468894,,,,
PHIG:7767,A0A1D9QD76,,5180,Sclerotinia sclerotiorum,665079,WMA1,strain,PINE1delta (deletion),,,3888,Pisum sativum,,cv. Guido,none,,PHIPO:0000481,,BTO:0000713,Macroscopic observation (quantitative observation),interspecies interaction,35468894,Reduced virulence,,,
PHIG:7767,A0A1D9QD76,,5180,Sclerotinia sclerotiorum,665079,WMA1,strain,PINE1+ (wild type) [Overexpression],,,3702,Arabidopsis thaliana,,ecotype Columbia-0,none,,PHIPO:0001005,,BTO:0001201,Macroscopic observation (qualitative observation),interspecies interaction,35468894,,,,
PHIG:7767,A0A1D9QD76,,5180,Sclerotinia sclerotiorum,665079,WMA1,strain,PINE1delta-PINE transformant(complement by re-introducing the wild-type allele at an ectopic locus) (transformant) [Ectopic],,,3888,Pisum sativum,,cv. Guido,none,,PHIPO:0000954,,BTO:0000713,Macroscopic observation (quantitative observation),interspecies interaction,35468894,Unaffected pathogenicity,,,
PHIG:11338,Q8NKE6,,5180,Sclerotinia sclerotiorum,,WMA1,species,PG1delta-PG1 transformant(complement by re-introducing the wild-type allele at an ectopic locus) (transformant) [Ectopic],,,3888,Pisum sativum,,cv. Guido,none,,PHIPO:0000954,,BTO:0000713,Macroscopic observation (quantitative observation),interspecies interaction,35468894,Unaffected pathogenicity,,,
PHIG:11336,A7EFT6,,5180,Sclerotinia sclerotiorum,665079,WMA1,strain,PINE1-GFP(GFP tag added) (transformant) [Overexpression],,,3702,Arabidopsis thaliana,,ecotype Columbia-0,none,,PHIPO:0000368,,BTO:0000713,Macroscopic observation (quantitative observation),interspecies interaction,35468894,Increased virulence,,,
,,,5180,Sclerotinia sclerotiorum,,WMA1,none,,Q9M5J9,,3702,Arabidopsis thaliana,,ecotype Columbia-0,species,PGIP1 transformant(3xFlag tagged) (transformant) [Overexpression],PHIPO:0000365,,BTO:0000713,Macroscopic observation (quantitative observation),interspecies interaction,35468894,,,,
PHIG:7767,A0A1D9QD76,,5180,Sclerotinia sclerotiorum,665079,WMA1,strain,PINE1+ (wild type) [Wild type product level],,,3888,Pisum sativum,,cv. Guido,none,,PHIPO:0000365,,,Macroscopic observation (qualitative observation),interspecies interaction,35468894,,,,
PHIG:7767,A0A1D9QD76,,5180,Sclerotinia sclerotiorum,665079,WMA1,strain,PINE1delta (deletion),,,3888,Pisum sativum,,cv. Guido,none,,PHIPO:0000952,,,Macroscopic observation (qualitative observation),interspecies interaction,35468894,,,,
PHIG:11353,A0A127ZJK9,,,Sporisorium scitamineum,,MAT-1 x MAT2,species,Cyp64delta (deletion),,,4547,Saccharum officinarum,,XTT22,none,,PHIPO:0000365,,BTO:0001228,Macroscopic observation (qualitative observation),interspecies interaction,41149919,Reduced virulence,,,
PHIG:11353,A0A127ZJK9,,,Sporisorium scitamineum,,MAT-1 x MAT2,species,Cyp64+ (wild type) [Wild type product level],,,4547,Saccharum officinarum,,XTT22,none,,PHIPO:0000951,,BTO:0001228,Macroscopic observation (qualitative observation),interspecies interaction,41149919,,,,
PHIG:11353,A0A127ZJK9,,,Sporisorium scitamineum,,MAT-1 x MAT2,species,SPSC_06289+ (wild type) [Wild type product level],,,4547,Saccharum officinarum,,XTT22,none,,PHIPO:0000951,,BTO:0001228,Macroscopic observation (qualitative observation),interspecies interaction,41149919,Unaffected pathogenicity,,,
PHIG:11353,A0A127ZJK9,,,Sporisorium scitamineum,,MAT-1 x MAT2,species,Cyp64+ (wild type) [Wild type product level],,,4547,Saccharum officinarum,,XTT22,none,,,PHIDO:0000338,,,interspecies interaction,41149919,,,,
PHIG:10430,I1RQ14,,5518,Fusarium graminearum,229533,PH-1,strain,Dug3delta (deletion),,,4565,Triticum aestivum,,Unknown strain,none,,PHIPO:0000365,,BTO:0002119,Macroscopic observation (quantitative observation),interspecies interaction,41295144,Reduced virulence,,,
PHIG:10430,I1RQ14,,5518,Fusarium graminearum,229533,PH-1,strain,Dug3+ (wild type) [Wild type product level],,,4565,Triticum aestivum,,Unknown strain,none,,PHIPO:0000954,,BTO:0002119,Macroscopic observation (qualitative observation),interspecies interaction,41295144,,,,
PHIG:10430,I1RQ14,,5518,Fusarium graminearum,229533,PH-1,strain,Dug3delta-Dug3 transformant(complement by re-introducing the wild-type allele at an ectopic locus) (transformant) [Ectopic],,,4565,Triticum aestivum,,Unknown strain,none,,PHIPO:0000954,,BTO:0002119,Macroscopic observation (qualitative observation),interspecies interaction,41295144,Unaffected pathogenicity,,,
PHIG:10430,I1RQ14,,5518,Fusarium graminearum,229533,PH-1,strain,Dug3delta (deletion),,,4577,Zea mays,,Unknown strain,none,,PHIPO:0000365,,BTO:0002854,Macroscopic observation (qualitative observation),interspecies interaction,41295144,Reduced virulence,,,
PHIG:10430,I1RQ14,,5518,Fusarium graminearum,229533,PH-1,strain,Dug3+ (wild type) [Wild type product level],,,4577,Zea mays,,Unknown strain,none,,PHIPO:0000954,,BTO:0002854,Macroscopic observation (qualitative observation),interspecies interaction,41295144,,,,
PHIG:10430,I1RQ14,,5518,Fusarium graminearum,229533,PH-1,strain,Dug3delta-Dug3 transformant(complement by re-introducing the wild-type allele at an ectopic locus) (transformant) [Ectopic],,,4577,Zea mays,,Unknown strain,none,,PHIPO:0000954,,BTO:0002854,Macroscopic observation (qualitative observation),interspecies interaction,41295144,Unaffected pathogenicity,,,
PHIG:10430,I1RQ14,,5518,Fusarium graminearum,229533,PH-1,strain,Dug3+ (wild type) [Wild type product level],,,4565,Triticum aestivum,,Unknown strain,none,,,PHIDO:0000162,,,interspecies interaction,41295144,,,,
PHIG:8886,A0A1C3YKU0,,5518,Fusarium graminearum,229533,PH-1,strain,FgKnr4+ (wild type) [Wild type product level],,,4565,Triticum aestivum,,cv. Bobwhite,none,,,PHIDO:0000163,,,interspecies interaction,39787257,,,,
PHIG:8886,A0A1C3YKU0,,5518,Fusarium graminearum,229533,PH-1,strain,FgKnr4 delta (deletion),,,4565,Triticum aestivum,,cv. Bobwhite,none,,PHIPO:0000365,,BTO:0001278,Macroscopic observation (quantitative observation),interspecies interaction,39787257,Reduced virulence,,,
PHIG:9476,F9XI26,,1047171,Zymoseptoria tritici,336722,IPO323,strain,Ztknr4+ (wild type) [Wild type product level],,,4565,Triticum aestivum,,cv. Riband,none,,,PHIDO:0000331,,,interspecies interaction,39787257,,,,
PHIG:9476,F9XI26,,1047171,Zymoseptoria tritici,336722,IPO323,strain,ZtKnr4 delta (deletion),,,4565,Triticum aestivum,,cv. Riband,none,,PHIPO:0000365,,BTO:0000713,Macroscopic observation (qualitative observation),interspecies interaction,39787257,Reduced virulence,,,
PHIG:11367,A0A366PZM0,,,Verticillium dahliae,,AT13,species,AP-2αdelta (deletion),,,47965,Acer truncatum,,Unknown strain,none,,PHIPO:0000365,,BTO:0001228,Macroscopic observation (qualitative observation),interspecies interaction,41846537,Reduced virulence,,,
PHIG:11367,A0A366PZM0,,,Verticillium dahliae,,AT13,species,AP-2α+ (wild type) [Wild type product level],,,47965,Acer truncatum,,Unknown strain,none,,PHIPO:0000954,,BTO:0001228,Macroscopic observation (qualitative observation),interspecies interaction,41846537,,,,
PHIG:11367,A0A366PZM0,,,Verticillium dahliae,,AT13,species,AP-2αΔ-AP-2α transformant(complement by re-introducing the wild-type allele at an ectopic locus) (transformant) [Ectopic],,,47965,Acer truncatum,,Unknown strain,none,,PHIPO:0000954,,BTO:0001228,Macroscopic observation (qualitative observation),interspecies interaction,41846537,Unaffected pathogenicity,,,
PHIG:11367,A0A366PZM0,,,Verticillium dahliae,,AT13,species,AP-2α+ (wild type) [Wild type product level],,,3635,Gossypium hirsutum,,cv. Junmian 1,none,,,PHIDO:0000381,,,interspecies interaction,41846537,,,,
PHIG:11367,A0A366PZM0,,,Verticillium dahliae,,AT13,species,AP-2αdelta (deletion),,,47965,Acer truncatum,,Unknown strain,none,,PHIPO:0000365,,BTO:0001300,Macroscopic observation (qualitative observation),interspecies interaction,41846537,Reduced virulence,,,
PHIG:11367,A0A366PZM0,,,Verticillium dahliae,,AT13,species,AP-2α+ (wild type) [Wild type product level],,,47965,Acer truncatum,,Unknown strain,none,,PHIPO:0000951,,BTO:0001300,Macroscopic observation (qualitative observation),interspecies interaction,41846537,,,,
PHIG:11367,A0A366PZM0,,,Verticillium dahliae,,AT13,species,AP-2αΔ-AP-2α transformant(complement by re-introducing the wild-type allele at an ectopic locus) (transformant) [Ectopic],,,47965,Acer truncatum,,Unknown strain,none,,PHIPO:0000954,,BTO:0001300,Macroscopic observation (qualitative observation),interspecies interaction,41846537,Unaffected pathogenicity,,,
PHIG:11367,A0A366PZM0,,,Verticillium dahliae,,AT13,species,AP-2αdelta(T-DNA insertion) (disruption) [Null],,,3635,Gossypium hirsutum,,cv. Junmian 1,none,,PHIPO:0000365,,BTO:0001461,Macroscopic observation (qualitative observation),interspecies interaction,41846537,Reduced virulence,,,
PHIG:11367,A0A366PZM0,,,Verticillium dahliae,,AT13,species,AP-2α+ (wild type) [Wild type product level],,,3635,Gossypium hirsutum,,cv. Junmian 1,none,,PHIPO:0000954,,BTO:0001461,Macroscopic observation (qualitative observation),interspecies interaction,41846537,,,,
PHIG:11367,A0A366PZM0,,,Verticillium dahliae,,AT13,species,AP-2αdelta(T-DNA insertion) (disruption) [Null],,,47965,Acer truncatum,,Unknown strain,none,,PHIPO:0000365,,BTO:0001461,Macroscopic observation (qualitative observation),interspecies interaction,41846537,Reduced virulence,,,
PHIG:9471,F9X807,,1047171,Zymoseptoria tritici,336722,IPO323,strain,Ago1+ (wild type) [Wild type product level],,,4565,Triticum aestivum,,Obelisk,none,,,PHIDO:0000331,,,interspecies interaction,34208898,,,,
PHIG:9471,F9X807,,1047171,Zymoseptoria tritici,336722,IPO323,strain,Ago1delta (deletion),,,4565,Triticum aestivum,,Obelisk,none,,PHIPO:0000365,,BTO:0000713,Macroscopic observation (qualitative observation),interspecies interaction,34208898,Reduced virulence,,,
PHIG:9478,F9XK11,,1047171,Zymoseptoria tritici,336722,IPO323,strain,Dcldelta (deletion),,,4565,Triticum aestivum,,Obelisk,none,,PHIPO:0000951,,BTO:0000713,Macroscopic observation (qualitative observation),interspecies interaction,34208898,Unaffected pathogenicity,,,
PHIG:9471,F9X807,,1047171,Zymoseptoria tritici,336722,IPO323,strain,Ago1delta+Ago1-GFP transformant(complement by re-introducing the wild-type allele at an ectopic locus) (transformant) [Ectopic],,,4565,Triticum aestivum,,Obelisk,none,,PHIPO:0000951,,BTO:0000713,Macroscopic observation (qualitative observation),interspecies interaction,34208898,Unaffected pathogenicity,,,
PHIG:10437,A0A0J9VVL4,,,Fusarium oxysporum,,f. sp. lycopersici,species,Svp2+ (wild type) [Wild type product level],,,4081,Solanum lycopersicum,,cv. Alisa Craig),none,,PHIPO:0000954,,BTO:0001461,Macroscopic observation (quantitative observation),interspecies interaction,39367256,,,,
PHIG:10437,A0A0J9VVL4,,,Fusarium oxysporum,,f. sp. lycopersici,species,Svp2delta (deletion),,,4081,Solanum lycopersicum,,cv. Alisa Craig),none,,PHIPO:0000365,,BTO:0001461,Macroscopic observation (quantitative observation),interspecies interaction,39367256,Reduced virulence,,,
PHIG:10437,A0A0J9VVL4,,,Fusarium oxysporum,,f. sp. lycopersici,species,Svp2delta-Svp2 transformant(complement by re-introducing the wild-type allele at an ectopic locus) (transformant) [Ectopic],,,4081,Solanum lycopersicum,,cv. Alisa Craig),none,,PHIPO:0000954,,BTO:0001461,Macroscopic observation (quantitative observation),interspecies interaction,39367256,Unaffected pathogenicity,,,
PHIG:10437,A0A0J9VVL4,,,Fusarium oxysporum,,f. sp. lycopersici,species,Svp2+ (wild type) [Wild type product level],,,4081,Solanum lycopersicum,,cv. Alisa Craig),none,,,PHIDO:0000164,,,interspecies interaction,39367256,,,,
PHIG:10437,A0A0J9VVL4,,,Fusarium oxysporum,,,species,,Q69GY7,,4113,Solanum tuberosum,,,species,,,,,Two-hybrid,protein-protein interaction,39367256,,,,
PHIG:10437,A0A0J9VVL4,,,Fusarium oxysporum,,,species,,Q69GY7,,4113,Solanum tuberosum,,,species,,,,,PCA,protein-protein interaction,39367256,,,,
PHIG:10437,A0A0J9VVL4,,,Fusarium oxysporum,,,species,,Q69GY7,,4113,Solanum tuberosum,,,species,,,,,Co-purification,protein-protein interaction,39367256,,,,
PHIG:10437,A0A0J9VVL4,,,Fusarium oxysporum,,f. sp. lycopersici,species,Svp2+ (wild type) [Wild type product level],Q69GY7,,4113,Solanum tuberosum,,Unknown strain,species,SlISP+ (wild type) [Wild type product level],PHIPO:0000954,,BTO:0001461,Macroscopic observation (qualitative observation),interspecies interaction,39367256,,,,
PHIG:10437,A0A0J9VVL4,,,Fusarium oxysporum,,f. sp. lycopersici,species,Svp2delta (deletion),Q69GY7,,4113,Solanum tuberosum,,Unknown strain,species,SlISP+ (wild type) [Wild type product level],PHIPO:0000365,,BTO:0001461,Macroscopic observation (qualitative observation),interspecies interaction,39367256,,,,
PHIG:10437,A0A0J9VVL4,,,Fusarium oxysporum,,f. sp. lycopersici,species,Svp2+ (wild type) [Overexpression],Q69GY7,,4113,Solanum tuberosum,,Unknown strain,species,SlISP+ (wild type) [Wild type product level],PHIPO:0000954,,BTO:0001461,Macroscopic observation (qualitative observation),interspecies interaction,39367256,,,,
PHIG:10437,A0A0J9VVL4,,,Fusarium oxysporum,,f. sp. lycopersici,species,Svp2+ (wild type) [Wild type product level],Q69GY7,,4113,Solanum tuberosum,,Unknown strain,species,SlISP+ (wild type) [Overexpression],PHIPO:0000365,,BTO:0001461,Macroscopic observation (qualitative observation),interspecies interaction,39367256,,,,
PHIG:10437,A0A0J9VVL4,,,Fusarium oxysporum,,f. sp. lycopersici,species,Svp2delta (deletion),Q69GY7,,4113,Solanum tuberosum,,Unknown strain,species,SlISP+ (wild type) [Overexpression],PHIPO:0000365,,BTO:0001461,Macroscopic observation (qualitative observation),interspecies interaction,39367256,,,,
PHIG:10437,A0A0J9VVL4,,,Fusarium oxysporum,,f. sp. lycopersici,species,Svp2+ (wild type) [Overexpression],Q69GY7,,4113,Solanum tuberosum,,Unknown strain,species,SlISP+ (wild type) [Overexpression],PHIPO:0000365,,BTO:0001461,Macroscopic observation (qualitative observation),interspecies interaction,39367256,,,,
PHIG:10437,A0A0J9VVL4,,,Fusarium oxysporum,,f. sp. lycopersici,species,Svp2delta (deletion),Q69GY7,,4113,Solanum tuberosum,,Unknown strain,species,SlISPdelta (deletion),PHIPO:0000954,,BTO:0001461,Macroscopic observation (qualitative observation),interspecies interaction,39367256,,,,
PHIG:10437,A0A0J9VVL4,,,Fusarium oxysporum,,f. sp. lycopersici,species,Svp2+ (wild type) [Overexpression],Q69GY7,,4113,Solanum tuberosum,,Unknown strain,species,SlISPdelta (deletion),PHIPO:0000954,,BTO:0001461,Macroscopic observation (qualitative observation),interspecies interaction,39367256,,,,
PHIG:10437,A0A0J9VVL4,,,Fusarium oxysporum,,f. sp. lycopersici,species,Svp2+ (wild type) [Wild type product level],Q69GY7,,4113,Solanum tuberosum,,Unknown strain,species,SlISPdelta (deletion),PHIPO:0000954,,BTO:0001461,Macroscopic observation (qualitative observation),interspecies interaction,39367256,,,,
PHIG:10437,A0A0J9VVL4,,,Fusarium oxysporum,,f. sp. lycopersici,species,Svp2+ (wild type) [Wild type product level],Q69GY7,,4113,Solanum tuberosum,,Unknown strain,species,SlISP+ (wild type) [Overexpression],PHIPO:0001156,,,Macroscopic observation (qualitative observation),interspecies interaction,39367256,,,,
PHIG:10437,A0A0J9VVL4,,,Fusarium oxysporum,,f. sp. lycopersici,species,Svp2+ (wild type) [Wild type product level],Q69GY7,,4113,Solanum tuberosum,,Unknown strain,species,SlISPdelta (deletion),PHIPO:0001155,,,Macroscopic observation (qualitative observation),interspecies interaction,39367256,,,,
PHIG:10437,A0A0J9VVL4,,,Fusarium oxysporum,,f. sp. lycopersici,species,Svp2+ (wild type) [Wild type product level],Q69GY7,,4113,Solanum tuberosum,,Unknown strain,species,SlISP+ (wild type) [Wild type product level],PHIPO:0001228,,,Macroscopic observation (qualitative observation),interspecies interaction,39367256,,,,
PHIG:4721,A0A384J5Y1,,40559,Botrytis cinerea,332648,Nj5-10,strain,Bos1+ (wild type) [Wild type product level],,,3747,Fragaria ananassa,,Unknown strain,none,,PHIPO:0000480,,BTO:0000713,Macroscopic observation (quantitative observation),interspecies interaction,30686204,,,,
PHIG:4721,A0A384J5Y1,,40559,Botrytis cinerea,332648,Bt3-4,strain,Bos1+ (wild type) [Wild type product level],,,3747,Fragaria ananassa,,Unknown strain,none,,PHIPO:0000480,,BTO:0000713,Macroscopic observation (quantitative observation),interspecies interaction,30686204,,,,
PHIG:4721,A0A384J5Y1,,40559,Botrytis cinerea,332648,Bt6-4,strain,Bos1+ (wild type) [Wild type product level],,,3747,Fragaria ananassa,,Unknown strain,none,,PHIPO:0000480,,BTO:0000713,Macroscopic observation (quantitative observation),interspecies interaction,30686204,,,,
PHIG:4721,A0A384J5Y1,,40559,Botrytis cinerea,332648,Yc-6,strain,Bos1+ (wild type) [Wild type product level],,,3747,Fragaria ananassa,,Unknown strain,none,,PHIPO:0000480,,BTO:0000713,Macroscopic observation (quantitative observation),interspecies interaction,30686204,,,,
PHIG:4721,A0A384J5Y1,,40559,Botrytis cinerea,332648,Nj5-10,strain,Bos1(Q846stop) (nonsense mutation) [Not assayed],,,3747,Fragaria ananassa,,Unknown strain,none,,PHIPO:0000985,,BTO:0000713,Macroscopic observation (quantitative observation),interspecies interaction,30686204,Reduced virulence,,,
PHIG:4721,A0A384J5Y1,,40559,Botrytis cinerea,332648,Bt3-4,strain,Bos1(E253D) (amino acid mutation) [Not assayed],,,3747,Fragaria ananassa,,Unknown strain,none,,PHIPO:0000985,,BTO:0000713,Macroscopic observation (quantitative observation),interspecies interaction,30686204,Reduced virulence,,,
PHIG:4721,A0A384J5Y1,,40559,Botrytis cinerea,332648,Bt6-4,strain,Bos1(18.3 (55bp) duplication 835 + 838stop) (amino acid insertion and mutation) [Not assayed],,,3747,Fragaria ananassa,,Unknown strain,none,,PHIPO:0000985,,BTO:0000713,Macroscopic observation (quantitative observation),interspecies interaction,30686204,Reduced virulence,,,
PHIG:4721,A0A384J5Y1,,40559,Botrytis cinerea,332648,Bt6-4,strain,Bos1(18.3 (55bp) duplication 835 + 838stop) (amino acid insertion and mutation) [Not assayed],,,3747,Fragaria ananassa,,Unknown strain,none,,PHIPO:0000985,,BTO:0000713,Macroscopic observation (quantitative observation),interspecies interaction,30686204,Reduced virulence,,,
PHIG:7652,Q709D8,,5507,Fusarium oxysporum,59765,race 3,strain,AVR3+ (race3) (wild type) [Wild type product level],A0A3Q7INH0,,4081,Solanum lycopersicum,,Tristar,species,I-7+ (wild type) [Wild type product level],PHIPO:0001199,,BTO:0001461,Macroscopic observation (quantitative observation),gene-for-gene interaction,26177154,,,,
PHIG:7652,Q709D8,,5507,Fusarium oxysporum,59765,race 3,strain,AVR3+ (race3) (wild type) [Wild type product level],,,4081,Solanum lycopersicum,,cv. Moneymaker,none,,PHIPO:0001200,,BTO:0001461,Macroscopic observation (quantitative observation),gene-for-gene interaction,26177154,,,,
PHIG:7652,Q709D8,,5507,Fusarium oxysporum,59765,race 3,strain,AVR3+ (race3) (wild type) [Wild type product level],,,4081,Solanum lycopersicum,,M82,none,,PHIPO:0001200,,BTO:0001461,Macroscopic observation (quantitative observation),gene-for-gene interaction,26177154,,,,
PHIG:7652,Q709D8,,5507,Fusarium oxysporum,59765,race 3,strain,AVR3+ (race3) (wild type) [Wild type product level],A0A3Q7INH0,,4081,Solanum lycopersicum,,M82,species,I-7+ transformant(express I-7 from Tristar in M82) (transformant) [Ectopic],PHIPO:0001199,,BTO:0001461,Macroscopic observation (quantitative observation),gene-for-gene interaction,26177154,,,,
PHIG:7652,Q709D8,,5507,Fusarium oxysporum,59765,race 3,strain,AVR3+ (race3) (wild type) [Wild type product level],A0A3Q7INH0,,4081,Solanum lycopersicum,,cv. Moneymaker,species,I-7+ transformant(express I-7 from Tristar in MM) (transformant) [Ectopic],PHIPO:0001199,,BTO:0001461,Macroscopic observation (quantitative observation),gene-for-gene interaction,26177154,,,,
PHIG:9042,A0A6P8AYB8,,148305,Magnaporthe grisea,,P1.2,species,PLS1+ (wild type) [Wild type product level],,,4530,Oryza sativa,,Unknown strain,none,,,PHIDO:0000315,,,interspecies interaction,11391010,,,,
PHIG:9042,A0A6P8AYB8,,148305,Magnaporthe grisea,,P1.2,species,PLS1_insertion(Insert a pAN7.1 junction fragment.) (amino acid insertion) [Not assayed],,,4530,Oryza sativa,,Unknown strain,none,,PHIPO:0000363,,BTO:0000713,Macroscopic observation (qualitative observation),interspecies interaction,11391010,Reduced virulence,,,
PHIG:9042,A0A6P8AYB8,,148305,Magnaporthe grisea,,P1.2,species,PLS1_insertion(Insert a pAN7.1 junction fragment.) (amino acid insertion) [Not assayed],,,4513,Hordeum vulgare,,Unknown strain,none,,PHIPO:0000355,,BTO:0000713,Microscopy,interspecies interaction,11391010,Reduced virulence,,,
PHIG:9042,A0A6P8AYB8,,148305,Magnaporthe grisea,,P1.2,species,PLS1_insertion(Insert a pAN7.1 junction fragment.) (amino acid insertion) [Not assayed],,,4513,Hordeum vulgare,,Unknown strain,none,,PHIPO:0000955,,BTO:0000713,Microscopy,interspecies interaction,11391010,Reduced virulence,,,
PHIG:11265,A0A8H6DXR1,,,Bipolaris sorokiniana,,BS_112,species,CE66 (wild type) [Wild type product level],,,4565,Triticum aestivum,,Sonalika,none,,,PHIDO:0000344,,,interspecies interaction,37059379,,,,
PHIG:11265,A0A8H6DXR1,,,Bipolaris sorokiniana,,BS_112,species,CE66 (wild type) [Wild type product level],,,4565,Triticum aestivum,,Sonalika,none,,PHIPO:0000954,,BTO:0000713,Macroscopic observation (quantitative observation),interspecies interaction,37059379,,,,
PHIG:11265,A0A8H6DXR1,,,Bipolaris sorokiniana,,BS_112,species,ce66delta (deletion),,,4565,Triticum aestivum,,Sonalika,none,,PHIPO:0000365,,BTO:0000713,Macroscopic observation (quantitative observation),interspecies interaction,37059379,Reduced virulence,,,
PHIG:11265,A0A8H6DXR1,,,Bipolaris sorokiniana,,BS_112,species,ce66delta+CE66 transformant(complement by re-introducing the wild-type allele at an ectopic locus) (transformant) [Ectopic],,,4565,Triticum aestivum,,Sonalika,none,,PHIPO:0000954,,BTO:0000713,Macroscopic observation (quantitative observation),interspecies interaction,37059379,Unaffected pathogenicity,,,
PHIG:11265,A0A8H6DXR1,,,Bipolaris sorokiniana,,BS_112,species,CE66-YFP transformant(YFP tag added) (transformant) [Ectopic],,,4100,Nicotiana benthamiana,,Unknown strain,none,,PHIPO:0001193,,BTO:0000713,Macroscopic observation (qualitative observation),interspecies interaction,37059379,,,,
PHIG:11265,A0A8H6DXR1,,,Bipolaris sorokiniana,,BS_112,species,CE66deltaSP-YFP transformant(Signal peptides deleted and YFP tagged) (transformant) [Ectopic],,,4100,Nicotiana benthamiana,,Unknown strain,none,,PHIPO:0001193,,BTO:0000713,Macroscopic observation (qualitative observation),interspecies interaction,37059379,,,,
PHIG:9163,Q8NID8,,5499,Passalora fulva,,Unknown strain,species,AVR2+ (wild type) [Wild type product level],,,4081,Solanum lycopersicum,,cv. Vetomold,none,,PHIPO:0000192,,,Macroscopic observation (qualitative observation),interspecies interaction,25902074,,,,
PHIG:9163,Q8NID8,,5499,Passalora fulva,,Unknown strain,species,AVR2(C63F) (amino acid mutation) [Not assayed],,,4081,Solanum lycopersicum,,cv. Vetomold,none,,PHIPO:0000182,,,Macroscopic observation (qualitative observation),interspecies interaction,25902074,,,,
PHIG:790,Q00363,,5499,Passalora fulva,,Unknown strain,species,AVR4+ (wild type) [Wild type product level],,,4081,Solanum lycopersicum,,cv. Purdue 135,none,,PHIPO:0000192,,,Macroscopic observation (qualitative observation),interspecies interaction,25902074,,,,
PHIG:790,Q00363,,5499,Passalora fulva,,Unknown strain,species,AVR4(C40R) (amino acid mutation) [Not assayed],,,4081,Solanum lycopersicum,,cv. Purdue 135,none,,PHIPO:0000182,,,Macroscopic observation (qualitative observation),interspecies interaction,25902074,,,,
PHIG:790,Q00363,,5499,Passalora fulva,,Unknown strain,species,AVR4(C64F) (amino acid mutation) [Not assayed],,,4081,Solanum lycopersicum,,cv. Purdue 135,none,,PHIPO:0000182,,,Macroscopic observation (qualitative observation),interspecies interaction,25902074,,,,
PHIG:790,Q00363,,5499,Passalora fulva,,Unknown strain,species,AVR4(C64S) (amino acid mutation) [Not assayed],,,4081,Solanum lycopersicum,,cv. Purdue 135,none,,PHIPO:0000182,,,Macroscopic observation (qualitative observation),interspecies interaction,25902074,,,,
PHIG:790,Q00363,,5499,Passalora fulva,,Unknown strain,species,AVR4(C64Y) (amino acid mutation) [Not assayed],,,4081,Solanum lycopersicum,,cv. Purdue 135,none,,PHIPO:0000192,,,Macroscopic observation (qualitative observation),interspecies interaction,25902074,,,,
PHIG:790,Q00363,,5499,Passalora fulva,,Unknown strain,species,AVR4(S107V4) (amino acid mutation) [Not assayed],,,4081,Solanum lycopersicum,,cv. Purdue 135,none,,PHIPO:0000192,,,Macroscopic observation (qualitative observation),interspecies interaction,25902074,,,,
PHIG:9160,A0A023UJQ9,,5499,Passalora fulva,,Unknown strain,species,Avr5+ (wild type) [Wild type product level],,,4081,Solanum lycopersicum,,cv. Moneymaker,none,,PHIPO:0000192,,,Macroscopic observation (qualitative observation),interspecies interaction,25902074,,,,
PHIG:9160,A0A023UJQ9,,5499,Passalora fulva,,Unknown strain,species,AVR5(G90R) (amino acid mutation) [Not assayed],,,4081,Solanum lycopersicum,,cv. Moneymaker,none,,PHIPO:0000182,,,Macroscopic observation (qualitative observation),interspecies interaction,25902074,,,,
PHIG:9163,Q8NID8,,5499,Passalora fulva,,Unknown strain,species,AVR2+ (wild type) [Wild type product level],,,4081,Solanum lycopersicum,,cv. Vetomold,none,,,PHIDO:0000365,,,interspecies interaction,25902074,,,,
PHIG:10486,R0IML1,,93612,Setosphaeria turcica,671987,01-23,strain,Rab4(RNAi) (disruption) [Knockdown],,,4577,Zea mays,,cv. B73,none,,PHIPO:0000365,,BTO:0000713,Macroscopic observation (quantitative observation),interspecies interaction,38264490,Reduced virulence,,,
PHIG:10486,R0IML1,,93612,Setosphaeria turcica,671987,01-23,strain,Rab4+ (wild type) [Wild type product level],,,4577,Zea mays,,cv. B73,none,,PHIPO:0000951,,BTO:0000713,Macroscopic observation (quantitative observation),interspecies interaction,38264490,,,,
PHIG:10486,R0IML1,,93612,Setosphaeria turcica,671987,01-23,strain,Rab4+ (wild type) [Wild type product level],,,4577,Zea mays,,cv. B73,none,,,PHIDO:0000465,,,interspecies interaction,38264490,,,,
PHIG:10443,K3VU68,,101028,Fusarium pseudograminearum,1028729,CF14047,strain,Fp487delta (deletion),,,4565,Triticum aestivum,,Yangmai 15,none,,PHIPO:0000363,,BTO:0002119,Macroscopic observation (quantitative observation),interspecies interaction,38824820,Loss of pathogenicity,,,
PHIG:10443,K3VU68,,101028,Fusarium pseudograminearum,1028729,CF14047,strain,Fp487+ (wild type) [Wild type product level],,,4565,Triticum aestivum,,Yangmai 15,none,,PHIPO:0000951,,BTO:0002119,Macroscopic observation (quantitative observation),interspecies interaction,38824820,,,,
PHIG:10443,K3VU68,,101028,Fusarium pseudograminearum,1028729,CF14047,strain,Fp487 transformant(complement by re-introducing the wild-type allele at an ectopic locus) (transformant) [Ectopic],,,4565,Triticum aestivum,,Yangmai 15,none,,PHIPO:0000951,,BTO:0002119,Macroscopic observation (quantitative observation),interspecies interaction,38824820,Unaffected pathogenicity,,,
PHIG:10443,K3VU68,,101028,Fusarium pseudograminearum,1028729,CF14047,strain,Fp487(dsRNA) (disruption) [Knockdown],,,4513,Hordeum vulgare,,no strain,none,,PHIPO:0000365,,BTO:0005094,Macroscopic observation (qualitative observation),interspecies interaction,38824820,Reduced virulence,,,
PHIG:10443,K3VU68,,101028,Fusarium pseudograminearum,1028729,CF14047,strain,Fp487+ (wild type) [Wild type product level],,,4513,Hordeum vulgare,,no strain,none,,PHIPO:0000951,,BTO:0005094,Macroscopic observation (qualitative observation),interspecies interaction,38824820,,,,
PHIG:10443,K3VU68,,101028,Fusarium pseudograminearum,1028729,CF14047,strain,Fp487(dsRNA) (disruption) [Knockdown],,,4565,Triticum aestivum,,Yangmai 15,none,,PHIPO:0000365,,BTO:0001300,Macroscopic observation (qualitative observation),interspecies interaction,38824820,Reduced virulence,,,
PHIG:10443,K3VU68,,101028,Fusarium pseudograminearum,1028729,CF14047,strain,Fp487+ (wild type) [Wild type product level],,,4565,Triticum aestivum,,Yangmai 15,none,,PHIPO:0000951,,BTO:0001300,Macroscopic observation (qualitative observation),interspecies interaction,38824820,,,,
PHIG:10443,K3VU68,,101028,Fusarium pseudograminearum,1028729,CF14047,strain,Fp487+ (wild type) [Wild type product level],,,4565,Triticum aestivum,,Yangmai 15,none,,,PHIDO:0000102,,,interspecies interaction,38824820,,,,
PHIG:10443,K3VU68,,101028,Fusarium pseudograminearum,1028729,CF14047,strain,Fp487+ (wild type) [Wild type product level],,,4513,Hordeum vulgare,,no strain,none,,,PHIDO:0000102,,,interspecies interaction,38824820,,,,
PHIG:10443,K3VU68,,101028,Fusarium pseudograminearum,1028729,CF14047,strain,Fp487delta (deletion),,,4565,Triticum aestivum,,Yangmai 15,none,,PHIPO:0000363,,BTO:0000268,Macroscopic observation (qualitative observation),interspecies interaction,38824820,Loss of pathogenicity,,,
PHIG:10443,K3VU68,,101028,Fusarium pseudograminearum,1028729,CF14047,strain,Fp487+ (wild type) [Wild type product level],,,4565,Triticum aestivum,,Yangmai 15,none,,PHIPO:0000951,,BTO:0000268,Macroscopic observation (qualitative observation),interspecies interaction,38824820,,,,
PHIG:10443,K3VU68,,101028,Fusarium pseudograminearum,1028729,CF14047,strain,Fp487 transformant(complement by re-introducing the wild-type allele at an ectopic locus) (transformant) [Ectopic],,,4565,Triticum aestivum,,Yangmai 15,none,,PHIPO:0000951,,BTO:0000268,Macroscopic observation (qualitative observation),interspecies interaction,38824820,Unaffected pathogenicity,,,
PHIG:11250,P27323,,3702,Arabidopsis thaliana,,,species,,P41151,,3702,Arabidopsis thaliana,,,species,,,,,Two-hybrid,protein-protein interaction,26714171,,,,
PHIG:5576,Q6TA23,,67593,Phytophthora sojae,,P6497,species,Avr1b-mRFP transformant(RFP-tagged) (transformant) [Ectopic],,,3847,Glycine max,,HARO13,none,,PHIPO:0000952,,,Macroscopic observation (qualitative observation),gene-for-gene interaction,26714171,,,,
PHIG:5576,Q6TA23,,67593,Phytophthora sojae,,P6497,species,Avr1b-mRFP transformant(RFP-tagged) (transformant) [Ectopic],,,3847,Glycine max,,cv. Williams,none,,PHIPO:0000954,,,Macroscopic observation (qualitative observation),gene-for-gene interaction,26714171,,,,
PHIG:2539,A0A0M5K865,,67593,Phytophthora sojae,,P6497,species,Crn108+ (wild type) [Wild type product level],,,3847,Glycine max,,cv. Williams,none,,PHIPO:0000954,,BTO:0000613,Macroscopic observation (quantitative observation),interspecies interaction,26714171,,,,
PHIG:2539,A0A0M5K865,,67593,Phytophthora sojae,,P6497,species,Crn108 (disruption) [Knockdown],,,3847,Glycine max,,cv. Williams,none,,PHIPO:0000365,,BTO:0000613,Macroscopic observation (quantitative observation),interspecies interaction,26714171,Reduced virulence,,,
PHIG:2539,A0A0M5K865,,67593,Phytophthora sojae,,P6497,species,Crn108+ (wild type) [Wild type product level],,,3847,Glycine max,,cv. Williams,none,,PHIPO:0001083,,BTO:0000613,Microscopy,interspecies interaction,26714171,,,,
PHIG:2539,A0A0M5K865,,67593,Phytophthora sojae,,P6497,species,Crn108+ (wild type) [Wild type product level],,,3847,Glycine max,,cv. Williams,none,,PHIPO:0001014,,BTO:0000613,Microscopy,interspecies interaction,26714171,,,,
PHIG:11322,A0A0U3N0U8,,67593,Phytophthora sojae,,P6497,species,Crn112+ (wild type) [Wild type product level],,,3847,Glycine max,,cv. Williams,none,,PHIPO:0000954,,BTO:0000613,Macroscopic observation (quantitative observation),interspecies interaction,26714171,,,,
PHIG:11322,A0A0U3N0U8,,67593,Phytophthora sojae,,P6497,species,Crn112 (disruption) [Knockdown],,,3847,Glycine max,,cv. Williams,none,,PHIPO:0000365,,BTO:0000613,Macroscopic observation (quantitative observation),interspecies interaction,26714171,Reduced virulence,,,
PHIG:2539,A0A0M5K865,,67593,Phytophthora sojae,,P6497,species,Crn108+ (wild type) [Wild type product level],,,3847,Glycine max,,cv. Williams,none,,,PHIDO:0000318,,,interspecies interaction,26714171,,,,
PHIG:5576,Q6TA23,,67593,Phytophthora sojae,,P6497,species,Crn108sp-Avr1bCt transformant(with signal peptide from Crn108 fused with C-terminal of Avr1b) (transformant) [Ectopic],,,3847,Glycine max,,HARO13,none,,PHIPO:0000952,,,Macroscopic observation (qualitative observation),gene-for-gene interaction,26714171,,,,
PHIG:5576,Q6TA23,,67593,Phytophthora sojae,,P6497,species,Crn108sp-Avr1bCt transformant(with signal peptide from Crn108 fused with C-terminal of Avr1b) (transformant) [Ectopic],,,3847,Glycine max,,cv. Williams,none,,PHIPO:0000954,,,Macroscopic observation (qualitative observation),gene-for-gene interaction,26714171,,,,
PHIG:11137,A0ACC0V3D2,,47278,Trichothecium roseum,,FH2−2,species,StuAdelta (deletion),,,3750,Malus domestica,,cv. Fuji,none,,PHIPO:0000365,,BTO:0000486,Macroscopic observation (qualitative observation),interspecies interaction,40864244,Reduced virulence,,,
PHIG:11137,A0ACC0V3D2,,47278,Trichothecium roseum,,FH2−2,species,StuA+ (wild type) [Wild type product level],,,3750,Malus domestica,,cv. Fuji,none,,PHIPO:0000951,,BTO:0000486,Macroscopic observation (qualitative observation),interspecies interaction,40864244,,,,
PHIG:11137,A0ACC0V3D2,,47278,Trichothecium roseum,,FH2−2,species,StuAdelta_StuA transformant(complement by re-introducing the wild-type allele at an ectopic locus) (transformant) [Ectopic],,,3750,Malus domestica,,cv. Fuji,none,,PHIPO:0000951,,BTO:0000486,Macroscopic observation (qualitative observation),interspecies interaction,40864244,Unaffected pathogenicity,,,
PHIG:11137,A0ACC0V3D2,,47278,Trichothecium roseum,,FH2−2,species,StuA+ (wild type) [Wild type product level],,,3750,Malus domestica,,cv. Fuji,none,,,PHIDO:0000157,,,interspecies interaction,40864244,,,,
PHIG:11040,G4N0Z0,,318829,Magnaporthe oryzae,242507,Guy11,strain,pmk1-AS(Q104G) (amino acid mutation) [Not assayed],,,4530,Oryza sativa,,cv. CO-39,none,,PHIPO:0000340,,BTO:0000713,Microscopy,interspecies interaction,29567712,Reduced virulence,,,
PHIG:11040,G4N0Z0,,318829,Magnaporthe oryzae,242507,Guy11,strain,pmk1-AS(Q104G) (amino acid mutation) [Not assayed],,,4530,Oryza sativa,,cv. CO-39,none,,PHIPO:0001193,,BTO:0000713,Microscopy,interspecies interaction,29567712,Reduced virulence,,,
PHIG:11040,G4N0Z0,,318829,Magnaporthe oryzae,242507,Guy11,strain,pmk1-AS(Q104G) (amino acid mutation) [Not assayed],,,4530,Oryza sativa,,cv. CO-39,none,,PHIPO:0001001,,BTO:0000713,Microscopy,interspecies interaction,29567712,Reduced virulence,,,
PHIG:11040,G4N0Z0,,318829,Magnaporthe oryzae,242507,Guy11,strain,pmk1-AS(Q104G) (amino acid mutation) [Not assayed],,,4530,Oryza sativa,,cv. CO-39,none,,PHIPO:0001000,,BTO:0000713,Microscopy,interspecies interaction,29567712,Reduced virulence,,,
PHIG:259,G4N184,,318829,Magnaporthe oryzae,242507,Guy11,strain,sep6delta (deletion),,,4530,Oryza sativa,,cv. CO-39,none,,PHIPO:0000339,,BTO:0000713,Microscopy,interspecies interaction,29567712,Reduced virulence,,,
PHIG:11040,G4N0Z0,,318829,Magnaporthe oryzae,242507,Guy11,strain,pmk1delta (deletion),,,4530,Oryza sativa,,cv. CO-39,none,,PHIPO:0000481,,BTO:0000713,Macroscopic observation (quantitative observation),interspecies interaction,29567712,Loss of pathogenicity,,,
PHIG:11040,G4N0Z0,,318829,Magnaporthe oryzae,242507,Guy11,strain,pmk1-AS(Q104G) (amino acid mutation) [Not assayed],,,4530,Oryza sativa,,cv. CO-39,none,,PHIPO:0000481,,BTO:0000713,Macroscopic observation (quantitative observation),interspecies interaction,29567712,Loss of pathogenicity,,,
PHIG:11040,G4N0Z0,,318829,Magnaporthe oryzae,242507,Guy11,strain,pmk1-AS(Q104G) (amino acid mutation) [Not assayed],,,4530,Oryza sativa,,cv. CO-39,none,,PHIPO:0001003,,BTO:0000713,Microscopy,interspecies interaction,29567712,Unaffected pathogenicity,,,
PHIG:11040,G4N0Z0,,318829,Magnaporthe oryzae,242507,Guy11,strain,pmk1-AS(Q104G) (amino acid mutation) [Not assayed],,,4530,Oryza sativa,,cv. CO-39,none,,PHIPO:0001004,,BTO:0000713,Microscopy,interspecies interaction,29567712,Unaffected pathogenicity,,,
PHIG:11040,G4N0Z0,,318829,Magnaporthe oryzae,242507,Guy11,strain,pmk1-AS(Q104G) (amino acid mutation) [Not assayed],,,4530,Oryza sativa,,Mokoto,none,,PHIPO:0000340,,BTO:0000713,Microscopy,interspecies interaction,29567712,Reduced virulence,,,
PHIG:11040,G4N0Z0,,318829,Magnaporthe oryzae,242507,Guy11,strain,pmk1-AS(Q104G) (amino acid mutation) [Not assayed],,,4513,Hordeum vulgare,,cv. Golden Promise,none,,PHIPO:0000340,,BTO:0000713,Microscopy,interspecies interaction,29567712,Reduced virulence,,,
PHIG:11040,G4N0Z0,,318829,Magnaporthe oryzae,242507,Guy11,strain,pmk1-AS(Q104G) (amino acid mutation) [Not assayed],,,4530,Oryza sativa,,cv. CO-39,none,,PHIPO:0001014,,BTO:0000713,Microscopy,interspecies interaction,29567712,Reduced virulence,,,
PHIG:11040,G4N0Z0,,318829,Magnaporthe oryzae,242507,Guy11,strain,pmk1-AS(Q104G) (amino acid mutation) [Not assayed],,,4530,Oryza sativa,,cv. CO-39,none,,PHIPO:0000355,,BTO:0000713,Microscopy,interspecies interaction,29567712,Loss of pathogenicity,,,
PHIG:11040,G4N0Z0,,318829,Magnaporthe oryzae,242507,Guy11,strain,pmk1-AS(Q104G) (amino acid mutation) [Not assayed],,,4530,Oryza sativa,,cv. CO-39,none,,PHIPO:0001001,,BTO:0000713,Microscopy,interspecies interaction,29567712,Loss of pathogenicity,,,
PHIG:11040,G4N0Z0,,318829,Magnaporthe oryzae,242507,Guy11,strain,pmk1-AS(Q104G) (amino acid mutation) [Not assayed],,,4530,Oryza sativa,,cv. CO-39,none,,PHIPO:0000995,,BTO:0000713,Microscopy,interspecies interaction,29567712,,,,
PHIG:11040,G4N0Z0,,318829,Magnaporthe oryzae,242507,Guy11,strain,pmk1-AS(Q104G) (amino acid mutation) [Not assayed],,,4530,Oryza sativa,,cv. CO-39,none,,PHIPO:0000995,,BTO:0000713,Microscopy,interspecies interaction,29567712,,,,
PHIG:11040,G4N0Z0,,318829,Magnaporthe oryzae,242507,Guy11,strain,pmk1+ (wild type) [Wild type product level],,,4530,Oryza sativa,,cv. CO-39,none,,,PHIDO:0000315,BTO:0000713,,interspecies interaction,29567712,,,,
PHIG:11040,G4N0Z0,,318829,Magnaporthe oryzae,242507,Guy11,strain,pmk1+ (wild type) [Wild type product level],,,4530,Oryza sativa,,Mokoto,none,,,PHIDO:0000315,BTO:0000713,,interspecies interaction,29567712,,,,
PHIG:11040,G4N0Z0,,318829,Magnaporthe oryzae,242507,Guy11,strain,pmk1+ (wild type) [Wild type product level],,,4530,Oryza sativa,,Mokoto,none,,PHIPO:0000335,,BTO:0000713,Microscopy,interspecies interaction,29567712,,,,
PHIG:11040,G4N0Z0,,318829,Magnaporthe oryzae,242507,Guy11,strain,pmk1+ (wild type) [Wild type product level],,,4530,Oryza sativa,,cv. CO-39,none,,PHIPO:0000335,,BTO:0000713,Microscopy,interspecies interaction,29567712,,,,
PHIG:11040,G4N0Z0,,318829,Magnaporthe oryzae,242507,Guy11,strain,pmk1+ (wild type) [Wild type product level],,,4530,Oryza sativa,,cv. CO-39,none,,PHIPO:0001004,,BTO:0000713,Microscopy,interspecies interaction,29567712,,,,
PHIG:11040,G4N0Z0,,318829,Magnaporthe oryzae,242507,Guy11,strain,pmk1+ (wild type) [Wild type product level],,,4530,Oryza sativa,,cv. CO-39,none,,PHIPO:0000927,,BTO:0000713,Microscopy,interspecies interaction,29567712,,,,
PHIG:11040,G4N0Z0,,318829,Magnaporthe oryzae,242507,Guy11,strain,pmk1+ (wild type) [Wild type product level],,,4530,Oryza sativa,,cv. CO-39,none,,PHIPO:0001232,,BTO:0000713,Microscopy,interspecies interaction,29567712,,,,
PHIG:11040,G4N0Z0,,318829,Magnaporthe oryzae,242507,Guy11,strain,pmk1+ (wild type) [Wild type product level],,,4530,Oryza sativa,,cv. CO-39,none,,PHIPO:0001232,,BTO:0000713,Microscopy,interspecies interaction,29567712,,,,
PHIG:11040,G4N0Z0,,318829,Magnaporthe oryzae,242507,Guy11,strain,pmk1+ (wild type) [Wild type product level],,,4530,Oryza sativa,,cv. CO-39,none,,PHIPO:0001004,,BTO:0000713,Microscopy,interspecies interaction,29567712,,,,
PHIG:259,G4N184,,318829,Magnaporthe oryzae,242507,Guy11,strain,sep6+ (wild type) [Wild type product level],,,4530,Oryza sativa,,cv. CO-39,none,,PHIPO:0000335,,BTO:0000713,Microscopy,interspecies interaction,29567712,,,,
PHIG:11040,G4N0Z0,,318829,Magnaporthe oryzae,242507,Guy11,strain,pmk1+ (wild type) [Wild type product level],,,4530,Oryza sativa,,cv. CO-39,none,,PHIPO:0000480,,BTO:0000713,Macroscopic observation (quantitative observation),interspecies interaction,29567712,,,,
PHIG:11040,G4N0Z0,,318829,Magnaporthe oryzae,242507,Guy11,strain,pmk1+ (wild type) [Wild type product level],,,4530,Oryza sativa,,cv. CO-39,none,,PHIPO:0000480,,BTO:0000713,Macroscopic observation (quantitative observation),interspecies interaction,29567712,,,,
PHIG:11040,G4N0Z0,,318829,Magnaporthe oryzae,242507,Guy11,strain,pmk1+ (wild type) [Wild type product level],,,4530,Oryza sativa,,cv. CO-39,none,,PHIPO:0000331,,BTO:0000713,Microscopy,interspecies interaction,29567712,,,,
PHIG:11040,G4N0Z0,,318829,Magnaporthe oryzae,242507,Guy11,strain,pmk1+ (wild type) [Wild type product level],,,4530,Oryza sativa,,cv. CO-39,none,,PHIPO:0001004,,BTO:0000713,Microscopy,interspecies interaction,29567712,,,,
PHIG:11040,G4N0Z0,,318829,Magnaporthe oryzae,242507,Guy11,strain,pmk1+ (wild type) [Wild type product level],,,4530,Oryza sativa,,cv. CO-39,none,,PHIPO:0001003,,BTO:0000713,Microscopy,interspecies interaction,29567712,,,,
PHIG:11040,G4N0Z0,,318829,Magnaporthe oryzae,242507,Guy11,strain,pmk1+ (wild type) [Wild type product level],,,4530,Oryza sativa,,cv. CO-39,none,,PHIPO:0001004,,BTO:0000713,Microscopy,interspecies interaction,29567712,,,,
PHIG:11040,G4N0Z0,,318829,Magnaporthe oryzae,242507,Guy11,strain,pmk1+ (wild type) [Wild type product level],,,4530,Oryza sativa,,cv. CO-39,none,,PHIPO:0001083,,BTO:0000713,Microscopy,interspecies interaction,29567712,,,,
PHIG:11040,G4N0Z0,,318829,Magnaporthe oryzae,242507,Guy11,strain,pmk1+ (wild type) [Wild type product level],,,4513,Hordeum vulgare,,cv. Golden Promise,none,,PHIPO:0000335,,BTO:0000713,Microscopy,interspecies interaction,29567712,,,,
PHIG:11423,D0N0I9,,4787,Phytophthora infestans,403677,,strain,,M1CGA4,,4113,Solanum tuberosum,,,species,,,,,Two-hybrid,protein-protein interaction,25936676,,,,
PHIG:11423,D0N0I9,,4787,Phytophthora infestans,403677,,strain,,M1CGA4,,4113,Solanum tuberosum,,,species,,,,,Co-purification,protein-protein interaction,25936676,,,,
,,,4787,Phytophthora infestans,,88069,none,,M1CGA4,,4113,Solanum tuberosum,,cv. Bintje,species,KRBP1 transformant(overexpression) (transformant) [Overexpression],PHIPO:0000368,,BTO:0000713,Macroscopic observation (quantitative observation),interspecies interaction,25936676,,,,
,,,4787,Phytophthora infestans,,88069,none,,M1CGA4,,4113,Solanum tuberosum,,cv. Bintje,species,KRBP1mut(three GxxG motifs were mutated to GDDG) (amino acid insertion and mutation) [Overexpression],PHIPO:0000954,,BTO:0000713,Macroscopic observation (quantitative observation),interspecies interaction,25936676,,,,
PHIG:11423,D0N0I9,,4787,Phytophthora infestans,403677,88069,strain,Pi04089+ (wild type) [Wild type product level],,,4113,Solanum tuberosum,,cv. Bintje,none,,,PHIDO:0000206,,,interspecies interaction,25936676,,,,
PHIG:11423,D0N0I9,,4787,Phytophthora infestans,403677,88069,strain,Pi04089-GFP transformant(GFP tag added) (transformant) [Overexpression],,,4100,Nicotiana benthamiana,,Unknown strain,none,,PHIPO:0000368,,BTO:0000713,Macroscopic observation (quantitative observation),interspecies interaction,25936676,Increased virulence,,,
PHIG:11426,W2RE78,,4792,Phytophthora parasitica,761204,1121,strain,E4+ (wild type) [Wild type product level],,,3702,Arabidopsis thaliana,,ecotype Columbia-0,none,,,PHIDO:0000363,,,interspecies interaction,30320960,,,,
PHIG:11426,W2RE78,,4792,Phytophthora parasitica,761204,1121,strain,E4+ (wild type) [Wild type product level],,,4100,Nicotiana benthamiana,,Florida 301,none,,PHIPO:0000954,,BTO:0000713,Macroscopic observation (quantitative observation),interspecies interaction,30320960,,,,
PHIG:11426,W2RE78,,4792,Phytophthora parasitica,761204,E4S2A6,strain,siE4(silenced) (disruption) [Knockdown],,,4100,Nicotiana benthamiana,,Florida 301,none,,PHIPO:0000365,,BTO:0000713,Macroscopic observation (quantitative observation),interspecies interaction,30320960,Reduced virulence,,,
PHIG:11426,W2RE78,,4792,Phytophthora parasitica,761204,1121,strain,E4+ (wild type) [Ectopic],,,4100,Nicotiana benthamiana,,Florida 301,none,,PHIPO:0000477,,BTO:0000713,Macroscopic observation (qualitative observation),interspecies interaction,30320960,,,,
PHIG:11426,W2RE78,,4792,Phytophthora parasitica,761204,1121,strain,E4+ (wild type) [Ectopic],,,35889,Nicotiana glutinosa,,Unknown strain,none,,PHIPO:0000477,,BTO:0000713,Macroscopic observation (qualitative observation),interspecies interaction,30320960,,,,
PHIG:11426,W2RE78,,4792,Phytophthora parasitica,761204,1121,strain,E4+ (wild type) [Ectopic],,,4097,Nicotiana tabacum,,Unknown strain,none,,PHIPO:0000477,,BTO:0000713,Macroscopic observation (qualitative observation),interspecies interaction,30320960,,,,
PHIG:11426,W2RE78,,4792,Phytophthora parasitica,761204,1121,strain,E4+ (wild type) [Ectopic],,,4081,Solanum lycopersicum,,Unknown strain,none,,PHIPO:0000477,,BTO:0000713,Macroscopic observation (qualitative observation),interspecies interaction,30320960,,,,
PHIG:11426,W2RE78,,4792,Phytophthora parasitica,761204,1121,strain,E4+ (wild type) [Ectopic],,,4113,Solanum tuberosum,,Unknown strain,none,,PHIPO:0000477,,BTO:0000713,Macroscopic observation (qualitative observation),interspecies interaction,30320960,,,,
PHIG:11426,W2RE78,,4792,Phytophthora parasitica,761204,1121,strain,E4+ (wild type) [Ectopic],,,3702,Arabidopsis thaliana,,ecotype Columbia-0,none,,PHIPO:0000477,,BTO:0000713,Macroscopic observation (qualitative observation),interspecies interaction,30320960,,,,
PHIG:10910,G4MXB1,,318829,Magnaporthe oryzae,242507,Guy11,strain,Mad2delta (deletion),,,4530,Oryza sativa,,CO39,none,,PHIPO:0000365,,BTO:0000713,Macroscopic observation (qualitative observation),interspecies interaction,40969119,Reduced virulence,,,
PHIG:10910,G4MXB1,,318829,Magnaporthe oryzae,242507,,strain,,G4N332,,318829,Magnaporthe oryzae,242507,,strain,,,,,Two-hybrid,protein-protein interaction,40969119,,,,
PHIG:10910,G4MXB1,,318829,Magnaporthe oryzae,242507,Guy11,strain,Mad2+ (wild type) [Wild type product level],,,4530,Oryza sativa,,CO39,none,,,PHIDO:0000315,,,interspecies interaction,40969119,,,,
PHIG:10910,G4MXB1,,318829,Magnaporthe oryzae,242507,Guy11,strain,Mad2+ (wild type) [Wild type product level],,,4530,Oryza sativa,,CO39,none,,PHIPO:0000954,,BTO:0000713,Macroscopic observation (qualitative observation),interspecies interaction,40969119,,,,
PHIG:10910,G4MXB1,,318829,Magnaporthe oryzae,242507,Guy11,strain,Mad2delta-Mad2 transformant(complement by re-introducing the wild-type allele at an ectopic locus) (transformant) [Ectopic],,,4530,Oryza sativa,,CO39,none,,PHIPO:0000954,,BTO:0000713,Macroscopic observation (qualitative observation),interspecies interaction,40969119,Unaffected pathogenicity,,,
PHIG:10910,G4MXB1,,318829,Magnaporthe oryzae,242507,Guy11,strain,Mad2delta (deletion),,,4530,Oryza sativa,,CO39,none,,PHIPO:0000359,,BTO:0000713,Macroscopic observation (qualitative observation),interspecies interaction,40969119,Reduced virulence,,,
PHIG:10910,G4MXB1,,318829,Magnaporthe oryzae,242507,Guy11,strain,Mad2delta (deletion),,,4530,Oryza sativa,,CO39,none,,PHIPO:0000369,,BTO:0000713,Macroscopic observation (qualitative observation),interspecies interaction,40969119,Reduced virulence,,,
PHIG:9081,G4N332,,318829,Magnaporthe oryzae,242507,,strain,,G4MXB1,,318829,Magnaporthe oryzae,242507,,strain,,,,,PCA,protein-protein interaction,40969119,,,,
PHIG:9081,G4N332,,318829,Magnaporthe oryzae,242507,,strain,,G4MXB1,,318829,Magnaporthe oryzae,242507,,strain,,,,,Co-purification,protein-protein interaction,40969119,,,,
PHIG:11395,A0A4P7N932,,,Magnaporthe oryzae,,Guy11,species,Avr1-CO39+ (wild type) [Wild type product level],,,4530,Oryza sativa,,cv. Sasanishiki,none,,PHIPO_EXT:0000018,,,Macroscopic observation (qualitative observation),gene-for-gene interaction,23548743,,,,
PHIG:11395,A0A4P7N932,,,Magnaporthe oryzae,,Guy11,species,Avr1-CO39+ (wild type) [Wild type product level],,,4530,Oryza sativa,,cv. Sasanishiki,none,,PHIPO_EXT:0000014,,,Macroscopic observation (qualitative observation),gene-for-gene interaction,23548743,,,,
PHIG:11395,A0A4P7N932,,,Magnaporthe oryzae,,Guy11,species,Avr1-CO39+ (wild type) [Wild type product level],F7J0M4,,4530,Oryza sativa,39947,Kanto51,strain,RGA4+ (wild type) [Ectopic],PHIPO_EXT:0000012,,,Macroscopic observation (qualitative observation),gene-for-gene interaction,23548743,,,,
PHIG:11395,A0A4P7N932,,,Magnaporthe oryzae,,Guy11,species,Avr1-CO39+ (wild type) [Wild type product level],F7J0N2,,4530,Oryza sativa,39947,Kanto51,strain,RGA5A+ (wild type) [Ectopic],PHIPO_EXT:0000012,,,Macroscopic observation (qualitative observation),gene-for-gene interaction,23548743,,,,
PHIG:11395,A0A4P7N932,,,Magnaporthe oryzae,,Guy11,species,Avr1-CO39+ (wild type) [Wild type product level],,,4530,Oryza sativa,,Kanto51,none,,PHIPO_EXT:0000012,,,Macroscopic observation (qualitative observation),gene-for-gene interaction,23548743,,,,
PHIG:5149,B9WZW9,,318829,Magnaporthe oryzae,,,species,,F7J0N2,,4530,Oryza sativa,39947,,strain,,,,,Two-hybrid,protein-protein interaction,23548743,,,,
PHIG:11395,A0A4P7N932,,,Magnaporthe oryzae,,,species,,F7J0N2,,4530,Oryza sativa,39947,,strain,,,,,Two-hybrid,protein-protein interaction,23548743,,,,
PHIG:11395,A0A4P7N932,,,Magnaporthe oryzae,,Guy11,species,Avr1-CO39+ (wild type) [Wild type product level],,,4530,Oryza sativa,,cv. Sasanishiki,none,,,PHIDO:0000315,,,interspecies interaction,23548743,,,,
PHIG:5149,B9WZW9,,318829,Magnaporthe oryzae,,Guy11,species,AVR-Pia+ (wild type) [Wild type product level],F7J0M4,,4530,Oryza sativa,39947,Kanto51,strain,RGA4+ (wild type) [Ectopic],PHIPO_EXT:0000012,,,Macroscopic observation (qualitative observation),gene-for-gene interaction,23548743,,,,
PHIG:8167,A0A063CBJ7,,1159556,Ustilaginoidea virens,,,species,,Q69JX7,,4530,Oryza sativa,39947,,strain,,,,,Two-hybrid,protein-protein interaction,41637513,,,,
,,,1159556,Ustilaginoidea virens,,JS60-2,none,,Q69JX7,,4530,Oryza sativa,39947,cv. Nipponbare,strain,RNS4+ (wild type) [Wild type product level],PHIPO:0000954,,BTO:0005436,Macroscopic observation (quantitative observation),interspecies interaction,41637513,,,,
,,,1159556,Ustilaginoidea virens,,JS60-2,none,,Q69JX7,,4530,Oryza sativa,39947,cv. Nipponbare,strain,RNS4(insertion line) (disruption) [Not assayed],PHIPO:0000368,,BTO:0005436,Macroscopic observation (quantitative observation),interspecies interaction,41637513,,,,
,,,1159556,Ustilaginoidea virens,,JS60-2,none,,Q69JX7,,4530,Oryza sativa,39947,cv. Nipponbare,strain,RNS4_OE transformant(overexpression) (transformant) [Overexpression],PHIPO:0000365,,BTO:0005436,Macroscopic observation (quantitative observation),interspecies interaction,41637513,,,,
PHIG:8167,A0A063CBJ7,,1159556,Ustilaginoidea virens,,JS60-2,species,Scre2+ (wild type) [Wild type product level],,,4530,Oryza sativa,,cv. Nipponbare,none,,,PHIDO:0000449,,,interspecies interaction,41637513,,,,
PHIG:8167,A0A063CBJ7,,1159556,Ustilaginoidea virens,,,species,,Q69JX7,,4530,Oryza sativa,39947,,strain,,,,,PCA,protein-protein interaction,41637513,,,,
PHIG:573,I1S411,,5518,Fusarium graminearum,229533,PH-1,strain,OSP24+ (wild type) [Wild type product level],,,4565,Triticum aestivum,,cv. Bobwhite,none,,,PHIDO:0000162,,,interspecies interaction,38409036,,,,
PHIG:573,I1S411,,5518,Fusarium graminearum,229533,PH-1,strain,Ops4delta (deletion),,,4565,Triticum aestivum,,cv. Apogee,none,,PHIPO:0000365,,BTO:0002119,Macroscopic observation (qualitative observation),interspecies interaction,38409036,Reduced virulence,,,
PHIG:573,I1S411,,5518,Fusarium graminearum,229533,PH-1,strain,OSP24+ (wild type) [Wild type product level],,,4565,Triticum aestivum,,cv. Apogee,none,,PHIPO:0000954,,BTO:0002119,Macroscopic observation (quantitative observation),interspecies interaction,38409036,Unaffected pathogenicity,,,
PHIG:573,I1S411,,5518,Fusarium graminearum,229533,PH-1,strain,osp24delta-OSP24 transformant(complementation of the Δosp24 mutant with the osp24 gene residing within the TSI locus 1) (transformant) [Wild type product level],,,4565,Triticum aestivum,,cv. Apogee,none,,PHIPO:0000954,,BTO:0002119,Macroscopic observation (quantitative observation),interspecies interaction,38409036,Unaffected pathogenicity,,,
PHIG:573,I1S411,,5518,Fusarium graminearum,229533,PH-1,strain,PtrpC-mCherry-TtrpC transformant(PtrpC-mCherry-TtrpC cassette transformed into TSI locus 1) (transformant) [Ectopic],,,4565,Triticum aestivum,,cv. Bobwhite,none,,PHIPO:0000954,,BTO:0001278,Macroscopic observation (quantitative observation),interspecies interaction,38409036,Unaffected pathogenicity,,,
PHIG:10623,A0A1D8PJ80,,5476,Candida albicans,237561,SN152,strain,Pph21+ (wild type) [Wild type product level],,,10090,Mus musculus,,ICR,none,,PHIPO:0000954,,BTO:0001385,Macroscopic observation (qualitative observation),interspecies interaction,41011426,,,,
PHIG:10623,A0A1D8PJ80,,5476,Candida albicans,237561,Unknown strain,strain,Pph21delta (deletion),,,10090,Mus musculus,,ICR,none,,PHIPO:0000365,,BTO:0001385,Macroscopic observation (qualitative observation),interspecies interaction,41011426,Reduced virulence,,,
PHIG:10623,A0A1D8PJ80,,5476,Candida albicans,237561,SN152,strain,Pph21+ (wild type) [Wild type product level],,,10090,Mus musculus,,ICR,none,,,PHIDO:0000120,,,interspecies interaction,41011426,,,,
PHIG:323,P54292,,287,Pseudomonas aeruginosa,208964,PA14,strain,rhlRdelta (deletion),,,6239,Caenorhabditis elegans,,N2,none,,PHIPO:0001068,,BTO:0001489,Cell growth assay,interspecies interaction,28715477,Loss of pathogenicity,,,
PHIG:324,P54291,,287,Pseudomonas aeruginosa,208964,PA14,strain,rhlIdelta (deletion),,,6239,Caenorhabditis elegans,,N2,none,,PHIPO:0001069,,BTO:0001489,Cell growth assay,interspecies interaction,28715477,Unaffected pathogenicity,,,
PHIG:321,P25084,,287,Pseudomonas aeruginosa,208964,PA14,strain,lasRdelta (deletion),,,6239,Caenorhabditis elegans,,N2,none,,PHIPO:0001069,,BTO:0001489,Cell growth assay,interspecies interaction,28715477,Unaffected pathogenicity,,,
PHIG:332,P33883,,287,Pseudomonas aeruginosa,208964,PA14,strain,lasIdelta (deletion),,,6239,Caenorhabditis elegans,,N2,none,,PHIPO:0001069,,BTO:0001489,Cell growth assay,interspecies interaction,28715477,Unaffected pathogenicity,,,
PHIG:323,P54292,,287,Pseudomonas aeruginosa,208964,PA14,strain,rhlRdelta (deletion),,,10090,Mus musculus,,BALB/c,none,,PHIPO:0000365,,BTO:0000763,Substance quantification evidence,interspecies interaction,28715477,Reduced virulence,,,
PHIG:324,P54291,,287,Pseudomonas aeruginosa,208964,PA14,strain,rhlIdelta (deletion),,,10090,Mus musculus,,BALB/c,none,,PHIPO:0000954,,BTO:0000763,Substance quantification evidence,interspecies interaction,28715477,Unaffected pathogenicity,,,
PHIG:321,P25084,,287,Pseudomonas aeruginosa,208964,PA14,strain,lasRdelta (deletion),,,10090,Mus musculus,,BALB/c,none,,PHIPO:0000365,,BTO:0000763,Substance quantification evidence,interspecies interaction,28715477,Reduced virulence,,,
PHIG:332,P33883,,287,Pseudomonas aeruginosa,208964,PA14,strain,lasIdelta (deletion),,,10090,Mus musculus,,BALB/c,none,,PHIPO:0000365,,BTO:0000763,Substance quantification evidence,interspecies interaction,28715477,Reduced virulence,,,
PHIG:323,P54292,,287,Pseudomonas aeruginosa,208964,PA14,strain,rhlR+ (wild type) [Wild type product level],,,6239,Caenorhabditis elegans,,N2,none,,PHIPO:0001069,,BTO:0001489,Cell growth assay,interspecies interaction,28715477,,,,
PHIG:324,P54291,,287,Pseudomonas aeruginosa,208964,PA14,strain,rhlI+ (wild type) [Wild type product level],,,6239,Caenorhabditis elegans,,N2,none,,PHIPO:0001069,,BTO:0001489,Cell growth assay,interspecies interaction,28715477,,,,
PHIG:321,P25084,,287,Pseudomonas aeruginosa,208964,PA14,strain,lasR+ (wild type) [Wild type product level],,,6239,Caenorhabditis elegans,,N2,none,,PHIPO:0001069,,BTO:0001489,Cell growth assay,interspecies interaction,28715477,,,,
PHIG:332,P33883,,287,Pseudomonas aeruginosa,208964,PA14,strain,lasI+ (wild type) [Wild type product level],,,6239,Caenorhabditis elegans,,N2,none,,PHIPO:0001069,,BTO:0001489,Cell growth assay,interspecies interaction,28715477,,,,
PHIG:323,P54292,,287,Pseudomonas aeruginosa,208964,PA14,strain,rhlR+ (wild type) [Wild type product level],,,10090,Mus musculus,,BALB/c,none,,PHIPO:0000954,,BTO:0000763,Substance quantification evidence,interspecies interaction,28715477,,,,
PHIG:324,P54291,,287,Pseudomonas aeruginosa,208964,PA14,strain,rhlI+ (wild type) [Wild type product level],,,10090,Mus musculus,,BALB/c,none,,PHIPO:0000954,,BTO:0000763,Substance quantification evidence,interspecies interaction,28715477,,,,
PHIG:321,P25084,,287,Pseudomonas aeruginosa,208964,PA14,strain,lasR+ (wild type) [Wild type product level],,,10090,Mus musculus,,BALB/c,none,,PHIPO:0000954,,BTO:0000763,Substance quantification evidence,interspecies interaction,28715477,,,,
PHIG:332,P33883,,287,Pseudomonas aeruginosa,208964,PA14,strain,lasI+ (wild type) [Wild type product level],,,10090,Mus musculus,,BALB/c,none,,PHIPO:0000954,,BTO:0000763,Substance quantification evidence,interspecies interaction,28715477,,,,
PHIG:323,P54292,,287,Pseudomonas aeruginosa,208964,PA14,strain,rhlR+ (wild type) [Wild type product level],,,10090,Mus musculus,,BALB/c,none,,,PHIDO:0000281,BTO:0000763,,interspecies interaction,28715477,,,,
PHIG:324,P54291,,287,Pseudomonas aeruginosa,208964,PA14,strain,rhlI+ (wild type) [Wild type product level],,,10090,Mus musculus,,BALB/c,none,,,PHIDO:0000281,BTO:0000763,,interspecies interaction,28715477,,,,
PHIG:321,P25084,,287,Pseudomonas aeruginosa,208964,PA14,strain,lasR+ (wild type) [Wild type product level],,,10090,Mus musculus,,BALB/c,none,,,PHIDO:0000281,BTO:0000763,,interspecies interaction,28715477,,,,
PHIG:332,P33883,,287,Pseudomonas aeruginosa,208964,PA14,strain,lasI+ (wild type) [Wild type product level],,,10090,Mus musculus,,BALB/c,none,,,PHIDO:0000281,BTO:0000763,,interspecies interaction,28715477,,,,
PHIG:9859,I1REI8,,5518,Fusarium graminearum,229533,PH-1,strain,CFEM1+ (wild type) [Wild type product level],,,4577,Zea mays,,cv. B73,none,,PHIPO:0000954,,BTO:0001041,Macroscopic observation (quantitative observation),interspecies interaction,36577386,,,,
PHIG:9859,I1REI8,,5518,Fusarium graminearum,229533,PH-1,strain,cfem1delta (deletion),,,4577,Zea mays,,cv. B73,none,,PHIPO:0000365,,BTO:0001041,Macroscopic observation (quantitative observation),interspecies interaction,36577386,Reduced virulence,,,
PHIG:10422,I1REL7,,5518,Fusarium graminearum,229533,PH-1,strain,cfem3delta (deletion),,,4577,Zea mays,,cv. B73,none,,PHIPO:0000365,,BTO:0001041,Macroscopic observation (quantitative observation),interspecies interaction,36577386,Reduced virulence,,,
PHIG:10419,I1RAQ3,,5518,Fusarium graminearum,229533,PH-1,strain,cfemn1delta (deletion),,,4577,Zea mays,,cv. B73,none,,PHIPO:0000365,,BTO:0001041,Macroscopic observation (quantitative observation),interspecies interaction,36577386,Reduced virulence,,,
PHIG:10414,A0A1C3YKD4,,5518,Fusarium graminearum,229533,PH-1,strain,cfem18delta (deletion),,,4577,Zea mays,,cv. B73,none,,PHIPO:0000365,,BTO:0001041,Macroscopic observation (quantitative observation),interspecies interaction,36577386,Reduced virulence,,,
PHIG:10423,I1RET0,,5518,Fusarium graminearum,229533,PH-1,strain,cfem5delta (deletion),,,4577,Zea mays,,cv. B73,none,,PHIPO:0000365,,BTO:0001041,Macroscopic observation (quantitative observation),interspecies interaction,36577386,Reduced virulence,,,
PHIG:2500,I1RX03,,5518,Fusarium graminearum,229533,PH-1,strain,cfem8delta (deletion),,,4577,Zea mays,,cv. B73,none,,PHIPO:0000365,,BTO:0001041,Macroscopic observation (quantitative observation),interspecies interaction,36577386,Reduced virulence,,,
PHIG:9859,I1REI8,,5518,Fusarium graminearum,229533,PH-1,strain,CFEM1+ (wild type) [Wild type product level],,,4577,Zea mays,,cv. B73,none,,,PHIDO:0000164,,,interspecies interaction,36577386,,,,
PHIG:9859,I1REI8,,5518,Fusarium graminearum,229533,PH-1,strain,cfem1delta (deletion),,,4565,Triticum aestivum,,cv. Bobwhite,none,,PHIPO:0000365,,BTO:0000268,Macroscopic observation (quantitative observation),interspecies interaction,36577386,Reduced virulence,,,
PHIG:9859,I1REI8,,5518,Fusarium graminearum,229533,,strain,,A0A1D6F5N5,,4577,Zea mays,,,species,,,,,Two-hybrid,protein-protein interaction,36577386,,,,
PHIG:9859,I1REI8,,5518,Fusarium graminearum,229533,,strain,,A0A1D6E0S8,,4577,Zea mays,,,species,,,,,Two-hybrid,protein-protein interaction,36577386,,,,
PHIG:9859,I1REI8,,5518,Fusarium graminearum,229533,,strain,,A0A1D6E0S8,,4577,Zea mays,,,species,,,,,Co-purification,protein-protein interaction,36577386,,,,
PHIG:9859,I1REI8,,5518,Fusarium graminearum,229533,,strain,,A0A1D6E0S8,,4577,Zea mays,,,species,,,,,PCA,protein-protein interaction,36577386,,,,
PHIG:9859,I1REI8,,5518,Fusarium graminearum,229533,,strain,,A0A1D6F5N5,,4577,Zea mays,,,species,,,,,PCA,protein-protein interaction,36577386,,,,
PHIG:10422,I1REL7,,5518,Fusarium graminearum,229533,,strain,,A0A1D6E0S8,,4577,Zea mays,,,species,,,,,Two-hybrid,protein-protein interaction,36577386,,,,
PHIG:10423,I1RET0,,5518,Fusarium graminearum,229533,,strain,,A0A1D6E0S8,,4577,Zea mays,,,species,,,,,Two-hybrid,protein-protein interaction,36577386,,,,
PHIG:10419,I1RAQ3,,5518,Fusarium graminearum,229533,,strain,,A0A1D6F5N5,,4577,Zea mays,,,species,,,,,PCA,protein-protein interaction,36577386,,,,
PHIG:10422,I1REL7,,5518,Fusarium graminearum,229533,,strain,,A0A1D6F5N5,,4577,Zea mays,,,species,,,,,PCA,protein-protein interaction,36577386,,,,
PHIG:10423,I1RET0,,5518,Fusarium graminearum,229533,,strain,,A0A1D6F5N5,,4577,Zea mays,,,species,,,,,PCA,protein-protein interaction,36577386,,,,
,,,5518,Fusarium graminearum,,PH-1,none,,A0A1D6E0S8,,4577,Zea mays,,cv. B73,species,WAK17+ (wild type) [Wild type product level],PHIPO:0000954,,BTO:0001041,Macroscopic observation (qualitative observation),interspecies interaction,36577386,,,,
,,,5518,Fusarium graminearum,,PH-1,none,,A0A1D6E0S8,,4577,Zea mays,,cv. B73,species,Wak17delta (deletion),PHIPO:0000368,,BTO:0001041,Macroscopic observation (qualitative observation),interspecies interaction,36577386,,,,
PHIG:9859,I1REI8,,5518,Fusarium graminearum,229533,PH-1,strain,cfem1delta (deletion),A0A1D6E0S8,,4577,Zea mays,,cv. B73,species,Wak17delta (deletion),PHIPO:0000954,,BTO:0001041,Macroscopic observation (qualitative observation),interspecies interaction,36577386,Unaffected pathogenicity,,,
PHIG:10517,A0A1D6F5N5,,4577,Zea mays,,,species,,A0A1D6E0S8,,4577,Zea mays,,,species,,,,,Two-hybrid,protein-protein interaction,36577386,,,,
PHIG:9859,I1REI8,,5518,Fusarium graminearum,229533,PH-1,strain,CFEM1+ (wild type) [Ectopic],,,4100,Nicotiana benthamiana,,Unknown strain,none,,PHIPO:0000182,,BTO:0000713,Macroscopic observation (qualitative observation),interspecies interaction,36577386,,,,
PHIG:10423,I1RET0,,5518,Fusarium graminearum,229533,PH-1,strain,CFEM5+ (wild type) [Ectopic],,,4100,Nicotiana benthamiana,,Unknown strain,none,,PHIPO:0000182,,BTO:0000713,Macroscopic observation (qualitative observation),interspecies interaction,36577386,,,,
PHIG:9859,I1REI8,,5518,Fusarium graminearum,229533,PH-1,strain,CFEM1+ (wild type) [Ectopic],A0A1D6E0S8,,4577,Zea mays,,cv. B73,species,WAK17-GFP transformant(with GFP tag) (transformant) [Ectopic],PHIPO:0000182,,BTO:0000713,Macroscopic observation (qualitative observation),interspecies interaction,36577386,,,,
PHIG:10431,I1RW93,,5518,Fusarium graminearum,229533,,strain,,A0A1D6E0S8,,4577,Zea mays,,,species,,,,,Two-hybrid,protein-protein interaction,36577386,,,,
PHIG:10425,I1RIE1,,5518,Fusarium graminearum,229533,,strain,,A0A1D6E0S8,,4577,Zea mays,,,species,,,,,Two-hybrid,protein-protein interaction,36577386,,,,
PHIG:10431,I1RW93,,5518,Fusarium graminearum,229533,,strain,,A0A1D6F5N5,,4577,Zea mays,,,species,,,,,Two-hybrid,protein-protein interaction,36577386,,,,
PHIG:10425,I1RIE1,,5518,Fusarium graminearum,229533,,strain,,A0A1D6F5N5,,4577,Zea mays,,,species,,,,,Two-hybrid,protein-protein interaction,36577386,,,,
PHIG:10431,I1RW93,,5518,Fusarium graminearum,229533,PH-1,strain,cfem7delta (deletion),,,4577,Zea mays,,cv. B73,none,,PHIPO:0000954,,BTO:0001041,Macroscopic observation (qualitative observation),interspecies interaction,36577386,Unaffected pathogenicity,,,
PHIG:10425,I1RIE1,,5518,Fusarium graminearum,229533,PH-1,strain,cfem10delta (deletion),,,4577,Zea mays,,cv. B73,none,,PHIPO:0000954,,BTO:0001041,Macroscopic observation (qualitative observation),interspecies interaction,36577386,Unaffected pathogenicity,,,
PHIG:10416,A0A1C3YLG2,,5518,Fusarium graminearum,229533,PH-1,strain,cfem21delta (deletion),,,4577,Zea mays,,cv. B73,none,,PHIPO:0000954,,BTO:0001041,Macroscopic observation (qualitative observation),interspecies interaction,36577386,Unaffected pathogenicity,,,
PHIG:10427,I1RIG7,,5518,Fusarium graminearum,229533,PH-1,strain,cfem11delta (deletion),,,4577,Zea mays,,cv. B73,none,,PHIPO:0000954,,BTO:0001041,Macroscopic observation (qualitative observation),interspecies interaction,36577386,Unaffected pathogenicity,,,
PHIG:10427,I1RIG7,,5518,Fusarium graminearum,229533,PH-1,strain,CFEM11+ (wild type) [Ectopic],,,4100,Nicotiana benthamiana,,Unknown strain,none,,PHIPO:0000182,,BTO:0000713,Macroscopic observation (qualitative observation),interspecies interaction,36577386,,,,
PHIG:10417,I1R9N3,,5518,Fusarium graminearum,229533,PH-1,strain,Eng1+ (wild type) [Wild type product level],,,4565,Triticum aestivum,,cv. Zhongyuan 98-68,none,,PHIPO:0000954,,BTO:0000268,Macroscopic observation (qualitative observation),interspecies interaction,23266949,,,,
PHIG:10417,I1R9N3,,5518,Fusarium graminearum,229533,PH-1,strain,Eng1delta (deletion),,,4565,Triticum aestivum,,cv. Zhongyuan 98-68,none,,PHIPO:0000365,,BTO:0000268,Macroscopic observation (qualitative observation),interspecies interaction,23266949,Reduced virulence,,,
PHIG:10418,I1RAN9,,5518,Fusarium graminearum,229533,PH-1,strain,CbhC1delta (deletion),,,4565,Triticum aestivum,,cv. Zhongyuan 98-68,none,,PHIPO:0000365,,BTO:0000268,Macroscopic observation (qualitative observation),interspecies interaction,23266949,Reduced virulence,,,
PHIG:10420,I1RBQ4,,5518,Fusarium graminearum,229533,PH-1,strain,RgaseBdelta (deletion),,,4565,Triticum aestivum,,cv. Zhongyuan 98-68,none,,PHIPO:0000954,,BTO:0000268,Macroscopic observation (qualitative observation),interspecies interaction,23266949,Unaffected pathogenicity,,,
PHIG:9859,I1REI8,,5518,Fusarium graminearum,229533,PH-1,strain,CFEM1+ (wild type) [Wild type product level],,,4565,Triticum aestivum,,cv. Zhongyuan 98-68,none,,PHIPO:0000954,,BTO:0000268,Macroscopic observation (qualitative observation),interspecies interaction,23266949,,,,
PHIG:9859,I1REI8,,5518,Fusarium graminearum,229533,PH-1,strain,CFEM1delta (deletion),,,4565,Triticum aestivum,,cv. Zhongyuan 98-68,none,,PHIPO:0000365,,BTO:0000268,Macroscopic observation (qualitative observation),interspecies interaction,23266949,Reduced virulence,,,
PHIG:10421,I1RCU1,,5518,Fusarium graminearum,229533,PH-1,strain,Cic1+ (wild type) [Wild type product level],,,4565,Triticum aestivum,,cv. Zhongyuan 98-68,none,,PHIPO:0000954,,BTO:0000268,Macroscopic observation (qualitative observation),interspecies interaction,23266949,,,,
PHIG:10421,I1RCU1,,5518,Fusarium graminearum,229533,PH-1,strain,Cic1delta (deletion),,,4565,Triticum aestivum,,cv. Zhongyuan 98-68,none,,PHIPO:0000365,,BTO:0000268,Macroscopic observation (qualitative observation),interspecies interaction,23266949,Reduced virulence,,,
PHIG:10421,I1RCU1,,5518,Fusarium graminearum,229533,PH-1,strain,Cic1+ (wild type) [Wild type product level],,,4565,Triticum aestivum,,cv. Zhongyuan 98-68,none,,PHIPO:0000954,,BTO:0001278,Macroscopic observation (qualitative observation),interspecies interaction,23266949,,,,
PHIG:10421,I1RCU1,,5518,Fusarium graminearum,229533,PH-1,strain,Cic1delta (deletion),,,4565,Triticum aestivum,,cv. Zhongyuan 98-68,none,,PHIPO:0000365,,BTO:0001278,Macroscopic observation (qualitative observation),interspecies interaction,23266949,Reduced virulence,,,
PHIG:10421,I1RCU1,,5518,Fusarium graminearum,229533,PH-1,strain,Cic1+ (wild type) [Wild type product level],,,4565,Triticum aestivum,,cv. Zhongyuan 98-68,none,,,PHIDO:0000162,,,interspecies interaction,23266949,,,,
PHIG:8144,I1S2J4,,5518,Fusarium graminearum,229533,PH-1,strain,Nps9delta (deletion),,,4565,Triticum aestivum,,cv. Zhongyuan 98-68,none,,PHIPO:0000365,,BTO:0000268,Macroscopic observation (qualitative observation),interspecies interaction,23266949,Reduced virulence,,,
PHIG:8150,I1S2J6,,5518,Fusarium graminearum,229533,PH-1,strain,Fgm2delta (deletion),,,4565,Triticum aestivum,,cv. Zhongyuan 98-68,none,,PHIPO:0000365,,BTO:0000268,Macroscopic observation (qualitative observation),interspecies interaction,23266949,Reduced virulence,,,
PHIG:951,I1S2J9,,5518,Fusarium graminearum,229533,PH-1,strain,Fgm5delta (deletion),,,4565,Triticum aestivum,,cv. Zhongyuan 98-68,none,,PHIPO:0000365,,BTO:0000268,Macroscopic observation (qualitative observation),interspecies interaction,23266949,Reduced virulence,,,
PHIG:8144,I1S2J4,,5518,Fusarium graminearum,229533,PH-1,strain,Nps9delta (deletion),,,4565,Triticum aestivum,,cv. Zhongyuan 98-68,none,,PHIPO:0000365,,BTO:0001278,Macroscopic observation (qualitative observation),interspecies interaction,23266949,Reduced virulence,,,
PHIG:8150,I1S2J6,,5518,Fusarium graminearum,229533,PH-1,strain,Fgm2delta (deletion),,,4565,Triticum aestivum,,cv. Zhongyuan 98-68,none,,PHIPO:0000365,,BTO:0001278,Macroscopic observation (qualitative observation),interspecies interaction,23266949,Reduced virulence,,,
PHIG:951,I1S2J9,,5518,Fusarium graminearum,229533,PH-1,strain,Fgm5delta (deletion),,,4565,Triticum aestivum,,cv. Zhongyuan 98-68,none,,PHIPO:0000365,,BTO:0001278,Macroscopic observation (qualitative observation),interspecies interaction,23266949,Reduced virulence,,,
PHIG:8897,G8CYZ6,,5518,Fusarium graminearum,,PH-1,species,Ve1+ (wild type) [Wild type product level],,,4565,Triticum aestivum,,cv. Bobwhite,none,,,PHIDO:0000163,,,interspecies interaction,22013911,,,,
PHIG:8897,G8CYZ6,,5518,Fusarium graminearum,,PH-1,species,Ve1(hygromycin-Ve1_promoter disruption) (disruption) [Not assayed],,,4565,Triticum aestivum,,cv. Bobwhite,none,,PHIPO:0000365,,BTO:0005985,Macroscopic observation (qualitative observation),interspecies interaction,22013911,Reduced virulence,,,
PHIG:8897,G8CYZ6,,5518,Fusarium graminearum,,PH-1,species,Ve1_disruption-Ve1 transformant(complement by re-introducing the wild-type allele at an ectopic locus) (transformant) [Not assayed],,,4565,Triticum aestivum,,cv. Bobwhite,none,,PHIPO:0000951,,BTO:0005985,Macroscopic observation (qualitative observation),interspecies interaction,22013911,,,,
,,,4787,Phytophthora infestans,,88069,none,,M1CR37,,4113,Solanum tuberosum,,cv E3,species,Vik-GFP transformant(GFP tag added) (transformant) [Overexpression],PHIPO:0000368,,BTO:0000713,Macroscopic observation (quantitative observation),interspecies interaction,29588335,,,,
PHIG:11321,D0NVS7,,4787,Phytophthora infestans,403677,88069,strain,Pi17316-GFP transformant(35S) (transformant) [Overexpression],,,4100,Nicotiana benthamiana,,Unknown strain,none,,PHIPO:0001204,,BTO:0000713,Macroscopic observation (quantitative observation),interspecies interaction,29588335,,,,
PHIG:357,D0NPN8,,4787,Phytophthora infestans,403677,88069,strain,Avr3a-GFP transformant(GFP tag added) (transformant) [Overexpression],,,4100,Nicotiana benthamiana,,Unknown strain,none,,PHIPO:0001204,,BTO:0000713,Macroscopic observation (quantitative observation),interspecies interaction,29588335,,,,
,,,4787,Phytophthora infestans,,88069,none,,M1CR37,,4113,Solanum tuberosum,,cv E3,species,Vik-GFP transformant(GFP tag added) (transformant) [Overexpression],PHIPO:0001204,,BTO:0000713,Macroscopic observation (quantitative observation),interspecies interaction,29588335,,,,
PHIG:11321,D0NVS7,,4787,Phytophthora infestans,403677,88069,strain,Pi17316+ (wild type) [Wild type product level],,,4113,Solanum tuberosum,,cv E3,none,,,PHIDO:0000206,,,interspecies interaction,29588335,,,,
PHIG:11287,A0A098DND1,,5518,Fusarium graminearum,229533,,strain,,A0A3B6KTG2,,4565,Triticum aestivum,,,species,,,,,Two-hybrid,protein-protein interaction,41656854,,,,
PHIG:11287,A0A098DND1,,5518,Fusarium graminearum,229533,,strain,,A0A3B5YUK0,,4565,Triticum aestivum,,,species,,,,,Two-hybrid,protein-protein interaction,41656854,,,,
PHIG:11287,A0A098DND1,,5518,Fusarium graminearum,229533,,strain,,A0A3B6PQH4,,4565,Triticum aestivum,,,species,,,,,Two-hybrid,protein-protein interaction,41656854,,,,
PHIG:11287,A0A098DND1,,5518,Fusarium graminearum,229533,,strain,,A0A2X0S4F1,,4565,Triticum aestivum,,,species,,,,,Two-hybrid,protein-protein interaction,41656854,,,,
PHIG:11287,A0A098DND1,,5518,Fusarium graminearum,229533,MDC_Fg1,strain,Eff18 (wild type) [Wild type product level],,,4565,Triticum aestivum,,Unknown strain,none,,,PHIDO:0000162,,,interspecies interaction,41656854,,,,
PHIG:9468,A0A2K9YW04,,1047171,Zymoseptoria tritici,,Unknown strain,species,AvrStb63D7-GFP transformant(fused to the GFP reporter with its own promoter  and terminator) (transformant) [Ectopic],A0A1D5VHV3,,4565,Triticum aestivum,,cv. Chinese Spring,species,stb6+ (wild type) [Wild type product level],PHIPO:0000331,,BTO:0000713,Microscopy,gene-for-gene interaction,38265007,,,,
PHIG:9467,A0A2H1GET6,,,Zymoseptoria tritici,,Unknown strain,species,AvrStb61E4-GFP transformant(fused to the GFP reporter with its own promoter  and terminator) (transformant) [Ectopic],A0A1D5VHV3,,4565,Triticum aestivum,,cv. Chinese Spring,species,stb6+ (wild type) [Wild type product level],PHIPO:0000355,,BTO:0000713,Microscopy,gene-for-gene interaction,38265007,,,,
PHIG:9467,A0A2H1GET6,,,Zymoseptoria tritici,,Unknown strain,species,AvrStb61E4 (wild type) [Not assayed],A0A1D5VHV3,,4565,Triticum aestivum,,cv. Chinese Spring,species,stb6+ (wild type) [Wild type product level],PHIPO:0000365,,BTO:0000713,Macroscopic observation (qualitative observation),gene-for-gene interaction,38265007,,,,
PHIG:8947,I1RWL9,,5518,Fusarium graminearum,229533,PH-1,strain,Pls1+ (wild type) [Wild type product level],,,4565,Triticum aestivum,,Unknown strain,none,,,PHIDO:0000163,,,interspecies interaction,18339563,,,,
PHIG:8947,I1RWL9,,5518,Fusarium graminearum,229533,PH-1,strain,Pls1delta (deletion),,,4565,Triticum aestivum,,Unknown strain,none,,PHIPO:0000951,,BTO:0001278,Macroscopic observation (quantitative observation),interspecies interaction,18339563,Unaffected pathogenicity,,,
PHIG:8881,A0A0E0SBS3,,5518,Fusarium graminearum,229533,PH-1,strain,Mes1delta (deletion),,,4565,Triticum aestivum,,Unknown strain,none,,PHIPO:0000365,,BTO:0001278,Macroscopic observation (quantitative observation),interspecies interaction,18339563,Reduced virulence,,,
PHIG:8881,A0A0E0SBS3,,5518,Fusarium graminearum,229533,PH-1,strain,mes1delta-mes1 transformant(complement by re-introducing the wild-type allele at an ectopic locus) (transformant) [Ectopic],,,4565,Triticum aestivum,,Unknown strain,none,,PHIPO:0000951,,BTO:0001278,Macroscopic observation (quantitative observation),interspecies interaction,18339563,,,,
PHIG:5619,G4NGP6,,318829,Magnaporthe oryzae,242507,Guy11,strain,Neo1delta (deletion),,,4530,Oryza sativa,,cv. CO-39,none,,PHIPO:0000365,,BTO:0000713,Macroscopic observation (qualitative observation),interspecies interaction,41973336,Reduced virulence,,,
PHIG:5619,G4NGP6,,318829,Magnaporthe oryzae,242507,Guy11,strain,Neo1+ (wild type) [Wild type product level],,,4530,Oryza sativa,,cv. CO-39,none,,PHIPO:0000954,,BTO:0000713,Macroscopic observation (qualitative observation),interspecies interaction,41973336,,,,
PHIG:5619,G4NGP6,,318829,Magnaporthe oryzae,242507,Guy11,strain,Neo1delta-Neo1 transformant(complement by re-introducing the wild-type allele at an ectopic locus) (transformant) [Ectopic],,,4530,Oryza sativa,,cv. CO-39,none,,PHIPO:0000954,,BTO:0000713,Macroscopic observation (qualitative observation),interspecies interaction,41973336,Unaffected pathogenicity,,,
PHIG:5619,G4NGP6,,318829,Magnaporthe oryzae,242507,Guy11,strain,Neo1delta (deletion),,,4513,Hordeum vulgare,,Unknown strain,none,,PHIPO:0000365,,BTO:0000713,Macroscopic observation (qualitative observation),interspecies interaction,41973336,Reduced virulence,,,
PHIG:5619,G4NGP6,,318829,Magnaporthe oryzae,242507,Guy11,strain,Neo1+ (wild type) [Wild type product level],,,4513,Hordeum vulgare,,Unknown strain,none,,PHIPO:0000954,,BTO:0000713,Macroscopic observation (qualitative observation),interspecies interaction,41973336,,,,
PHIG:5619,G4NGP6,,318829,Magnaporthe oryzae,242507,Guy11,strain,Neo1delta-Neo1 transformant(complement by re-introducing the wild-type allele at an ectopic locus) (transformant) [Ectopic],,,4513,Hordeum vulgare,,Unknown strain,none,,PHIPO:0000954,,BTO:0000713,Macroscopic observation (qualitative observation),interspecies interaction,41973336,Unaffected pathogenicity,,,
PHIG:5619,G4NGP6,,318829,Magnaporthe oryzae,242507,,strain,,A0ABQ8NCL8,,148305,Magnaporthe grisea,,,species,,,,,Co-purification,protein-protein interaction,41973336,,,,
PHIG:5619,G4NGP6,,318829,Magnaporthe oryzae,242507,,strain,,G5EHD2,,318829,Magnaporthe oryzae,242507,,strain,,,,,Co-purification,protein-protein interaction,41973336,,,,
PHIG:5619,G4NGP6,,318829,Magnaporthe oryzae,242507,Guy11,strain,Neo1+ (wild type) [Wild type product level],,,4530,Oryza sativa,,cv. CO-39,none,,,PHIDO:0000315,,,interspecies interaction,41973336,,,,
PHIG:5619,G4NGP6,,318829,Magnaporthe oryzae,242507,Guy11,strain,Neo1delta (deletion),,,4530,Oryza sativa,,cv. CO-39,none,,PHIPO:0000365,,BTO:0000713,Macroscopic observation (qualitative observation),interspecies interaction,41973336,Reduced virulence,,,
PHIG:5619,G4NGP6,,318829,Magnaporthe oryzae,242507,Guy11,strain,Neo1+ (wild type) [Wild type product level],,,4530,Oryza sativa,,cv. CO-39,none,,PHIPO:0000954,,BTO:0000713,Macroscopic observation (qualitative observation),interspecies interaction,41973336,,,,
PHIG:5619,G4NGP6,,318829,Magnaporthe oryzae,242507,Guy11,strain,Neo1delta-Neo1 transformant(complement by re-introducing the wild-type allele at an ectopic locus) (transformant) [Ectopic],,,4530,Oryza sativa,,cv. CO-39,none,,PHIPO:0000954,,BTO:0000713,Macroscopic observation (qualitative observation),interspecies interaction,41973336,Unaffected pathogenicity,,,
PHIG:6597,I1RYS3,,5518,Fusarium graminearum,229533,PH-1,strain,FG09532.1+ (wild type) [Wild type product level],,,4565,Triticum aestivum,,Unknown strain,none,,PHIPO:0000480,,BTO:0002119,Macroscopic observation (qualitative observation),interspecies interaction,25758923,,,,
PHIG:6597,I1RYS3,,5518,Fusarium graminearum,229533,PH-1,strain,FG09532.1delta (deletion),,,4565,Triticum aestivum,,Unknown strain,none,,PHIPO:0000985,,BTO:0002119,Macroscopic observation (qualitative observation),interspecies interaction,25758923,Reduced virulence,,,
PHIG:4673,I1S0R5,,5518,Fusarium graminearum,229533,PH-1,strain,FG10302.1delta (deletion),,,4565,Triticum aestivum,,Unknown strain,none,,PHIPO:0000985,,BTO:0002119,Macroscopic observation (qualitative observation),interspecies interaction,25758923,Reduced virulence,,,
PHIG:4673,I1S0R5,,5518,Fusarium graminearum,229533,PH-1,strain,FG10302.1delta (deletion),,,4565,Triticum aestivum,,Unknown strain,none,,PHIPO:0000232,,BTO:0000668,Substance quantification evidence,interspecies interaction,25758923,,,,
PHIG:6597,I1RYS3,,5518,Fusarium graminearum,229533,PH-1,strain,FG09532.1delta (deletion),,,4565,Triticum aestivum,,Unknown strain,none,,PHIPO:0000234,,BTO:0000668,Substance quantification evidence,interspecies interaction,25758923,,,,
PHIG:4673,I1S0R5,,5518,Fusarium graminearum,229533,PH-1,strain,FG10302.1+ (wild type) [Wild type product level],,,4565,Triticum aestivum,,Unknown strain,none,,PHIPO:0000233,,BTO:0000668,Substance quantification evidence,interspecies interaction,25758923,,,,
PHIG:6597,I1RYS3,,5518,Fusarium graminearum,229533,PH-1,strain,FG09532.1+ (wild type) [Wild type product level],,,4565,Triticum aestivum,,Unknown strain,none,,PHIPO:0000233,,BTO:0000668,Substance quantification evidence,interspecies interaction,25758923,,,,
PHIG:4673,I1S0R5,,5518,Fusarium graminearum,229533,PH-1,strain,FG10302.1+ (wild type) [Wild type product level],,,4565,Triticum aestivum,,Unknown strain,none,,PHIPO:0000480,,BTO:0002119,Macroscopic observation (qualitative observation),interspecies interaction,25758923,,,,
PHIG:6597,I1RYS3,,5518,Fusarium graminearum,229533,PH-1,strain,FG09532.1+ (wild type) [Wild type product level],,,4565,Triticum aestivum,,Unknown strain,none,,,PHIDO:0000163,BTO:0000628,,interspecies interaction,25758923,,,,
PHIG:4673,I1S0R5,,5518,Fusarium graminearum,229533,PH-1,strain,FG10302.1+ (wild type) [Wild type product level],,,4565,Triticum aestivum,,Unknown strain,none,,,PHIDO:0000163,BTO:0000628,,interspecies interaction,25758923,,,,
PHIG:7217,C0LT61,,5507,Fusarium oxysporum,59765,Fol007,strain,Six5+ (wild type) [Wild type product level],,,4081,Solanum lycopersicum,,cv. C32,none,,PHIPO:0001200,,BTO:0001461,Macroscopic observation (quantitative observation),gene-for-gene interaction,25967461,,,,
PHIG:7217,C0LT61,,5507,Fusarium oxysporum,59765,f. sp. lycopersici,strain,Six5delta (deletion),,,4081,Solanum lycopersicum,,cv. C32,none,,PHIPO:0001199,,BTO:0001461,Macroscopic observation (quantitative observation),gene-for-gene interaction,25967461,,,,
PHIG:7217,C0LT61,,5507,Fusarium oxysporum,59765,Fol007,strain,Six5+ (wild type) [Wild type product level],,,4081,Solanum lycopersicum,,cv. C32,none,,,PHIDO:0000381,,,interspecies interaction,25967461,,,,
PHIG:7217,C0LT61,,5507,Fusarium oxysporum,59765,Fol007,strain,Six5+ (wild type) [Wild type product level],,,4081,Solanum lycopersicum,,90E341F line,none,,PHIPO:0001199,,BTO:0001461,Macroscopic observation (quantitative observation),gene-for-gene interaction,25967461,,,,
PHIG:7217,C0LT61,,5507,Fusarium oxysporum,59765,f. sp. lycopersici,strain,Six5delta (deletion),,,4081,Solanum lycopersicum,,90E341F line,none,,PHIPO:0001200,,BTO:0001461,Macroscopic observation (quantitative observation),gene-for-gene interaction,25967461,,,,
PHIG:7217,C0LT61,,5507,Fusarium oxysporum,59765,f. sp. lycopersici,strain,Six5delta-Six5 transformant(complement by re-introducing the wild-type allele at an ectopic locus) (transformant) [Ectopic],,,4081,Solanum lycopersicum,,90E341F line,none,,PHIPO:0001199,,BTO:0001461,Macroscopic observation (quantitative observation),gene-for-gene interaction,25967461,,,,
PHIG:8258,D0U2D1,,5507,Fusarium oxysporum,59765,f. sp. lycopersici,strain,Avr2deltasp(signal peptide deleted) (partial amino acid deletion) [Ectopic],Q9XET3,,4081,Solanum lycopersicum,,Unknown strain,species,I2+ (wild type) [Ectopic],PHIPO:0000192,,BTO:0000713,Macroscopic observation (qualitative observation),gene-for-gene interaction,25967461,,,,
PHIG:7217,C0LT61,,5507,Fusarium oxysporum,59765,f. sp. lycopersici,strain,Six5deltasp(signal peptide deleted) (partial amino acid deletion) [Ectopic],Q9XET3,,4081,Solanum lycopersicum,,Unknown strain,species,I2+ (wild type) [Ectopic],PHIPO:0000182,,BTO:0000713,Macroscopic observation (qualitative observation),gene-for-gene interaction,25967461,,,,
PHIG:8258,D0U2D1,,5507,Fusarium oxysporum,59765,,strain,,C0LT61,,5507,Fusarium oxysporum,59765,,strain,,,,,Two-hybrid,protein-protein interaction,25967461,,,,
PHIG:8258,D0U2D1,,5507,Fusarium oxysporum,59765,,strain,,C0LT61,,5507,Fusarium oxysporum,59765,,strain,,,,,Affinity Capture-Western,protein-protein interaction,25967461,,,,
PHIG:1386,I1RCP1,,5518,Fusarium graminearum,229533,PH-1,strain,Cch1+ (wild type) [Not assayed],,,4565,Triticum aestivum,,cv. Bobwhite,none,,,PHIDO:0000163,,,interspecies interaction,18083828,,,,
PHIG:1386,I1RCP1,,5518,Fusarium graminearum,229533,PH-1,strain,Cch1delta (deletion),,,4565,Triticum aestivum,,cv. Bobwhite,none,,PHIPO:0000951,,BTO:0000468,Macroscopic observation (qualitative observation),interspecies interaction,18083828,Unaffected pathogenicity,,,
PHIG:10661,Q6FTZ3,,5478,Candida glabrata,284593,ATCC 2001,strain,Mss11delta (deletion),,,7137,Galleria mellonella,,Unknown strain,none,,PHIPO:0001068,,BTO:0001489,Macroscopic observation (qualitative observation),interspecies interaction,38239503,Reduced virulence,,,
PHIG:10661,Q6FTZ3,,5478,Candida glabrata,284593,ATCC 2001,strain,Mss11+ (wild type) [Wild type product level],,,7137,Galleria mellonella,,Unknown strain,none,,PHIPO:0001069,,BTO:0001489,Macroscopic observation (qualitative observation),interspecies interaction,38239503,,,,
PHIG:10661,Q6FTZ3,,5478,Candida glabrata,284593,ATCC 2001,strain,Mss11delta-Mss11 transformant(complement by re-introducing the wild-type allele at an ectopic locus) (transformant) [Ectopic],,,7137,Galleria mellonella,,Unknown strain,none,,PHIPO:0001069,,BTO:0001489,Macroscopic observation (qualitative observation),interspecies interaction,38239503,Unaffected pathogenicity,,,
PHIG:10661,Q6FTZ3,,5478,Candida glabrata,284593,ATCC 2001,strain,Mss11+ (wild type) [Wild type product level],,,7137,Galleria mellonella,,Unknown strain,none,,,PHIDO:0000071,,,interspecies interaction,38239503,,,,
PHIG:9045,A0A4P7N9S9,,,Magnaporthe oryzae,,98-06,species,Moeitf1+ (wild type) [Wild type product level],,,4530,Oryza sativa,,cv. CO-39,none,,,PHIDO:0000315,,,interspecies interaction,35430769,,,,
PHIG:9045,A0A4P7N9S9,,,Magnaporthe oryzae,,98-06,species,Moeitf1delta (deletion),,,4530,Oryza sativa,,cv. CO-39,none,,PHIPO:0000365,,BTO:0005094,Macroscopic observation (qualitative observation),interspecies interaction,35430769,Reduced virulence,,,
PHIG:9046,A0A4P7NCA7,,,Magnaporthe oryzae,,98-06,species,Moeitf2delta (deletion),,,4530,Oryza sativa,,cv. CO-39,none,,PHIPO:0000365,,BTO:0005094,Macroscopic observation (qualitative observation),interspecies interaction,35430769,Reduced virulence,,,
PHIG:9045,A0A4P7N9S9,,,Magnaporthe oryzae,,98-06,species,Moeitf1delta+Moeitf1 transformant(complement by re-introducing the wild-type allele at an ectopic locus) (transformant) [Ectopic],,,4530,Oryza sativa,,cv. CO-39,none,,PHIPO:0000951,,BTO:0005094,Macroscopic observation (qualitative observation),interspecies interaction,35430769,Unaffected pathogenicity,,,
PHIG:9046,A0A4P7NCA7,,,Magnaporthe oryzae,,98-06,species,Moeitf2delta+Moeitf2 transformant(complement by re-introducing the wild-type allele at an ectopic locus) (transformant) [Ectopic],,,4530,Oryza sativa,,cv. CO-39,none,,PHIPO:0000951,,BTO:0005094,Macroscopic observation (qualitative observation),interspecies interaction,35430769,Unaffected pathogenicity,,,
PHIG:9045,A0A4P7N9S9,,,Magnaporthe oryzae,,98-06,species,Moeitf1delta+TrpC‐T1REP transformant(express an effector (T1REP) in the Moeitf1 deletion strain) (transformant) [Ectopic],,,4530,Oryza sativa,,cv. CO-39,none,,PHIPO:0000365,,BTO:0005094,Macroscopic observation (qualitative observation),interspecies interaction,35430769,Reduced virulence,,,
PHIG:9045,A0A4P7N9S9,,,Magnaporthe oryzae,,98-06,species,Moeitf1delta+TrpC‐T2REP transformant(express an effector (T2REP) in the Moeitf1 deletion strain) (transformant) [Ectopic],,,4530,Oryza sativa,,cv. CO-39,none,,PHIPO:0000365,,BTO:0005094,Macroscopic observation (qualitative observation),interspecies interaction,35430769,Reduced virulence,,,
PHIG:9046,A0A4P7NCA7,,,Magnaporthe oryzae,,98-06,species,Moeitf2delta+TrpC‐T1REP transformant(express an effector (T1REP) in the Moeitf1 deletion strain) (transformant) [Ectopic],,,4530,Oryza sativa,,cv. CO-39,none,,PHIPO:0000365,,BTO:0005094,Macroscopic observation (qualitative observation),interspecies interaction,35430769,Reduced virulence,,,
PHIG:9046,A0A4P7NCA7,,,Magnaporthe oryzae,,98-06,species,Moeitf2delta+TrpC‐T2REP transformant(express an effector (T2REP) in the Moeitf1 deletion strain) (transformant) [Ectopic],,,4530,Oryza sativa,,cv. CO-39,none,,PHIPO:0000365,,BTO:0005094,Macroscopic observation (qualitative observation),interspecies interaction,35430769,Reduced virulence,,,
PHIG:9049,G4MN61,,318829,Magnaporthe oryzae,242507,98-06,strain,T2REPdelta (deletion),,,4530,Oryza sativa,,cv. CO-39,none,,PHIPO:0000365,,BTO:0005094,Macroscopic observation (qualitative observation),interspecies interaction,35430769,Reduced virulence,,,
PHIG:7590,P0C431,,5518,Fusarium graminearum,229533,PH-1,strain,OS-2+ (wild type) [Wild type product level],,,4565,Triticum aestivum,,Unknown strain,none,,PHIPO:0000954,,BTO:0001278,Macroscopic observation (qualitative observation),interspecies interaction,22591226,,,,
PHIG:7590,P0C431,,5518,Fusarium graminearum,229533,PH-1,strain,OS-2delta (deletion),,,4565,Triticum aestivum,,Unknown strain,none,,PHIPO:0000365,,BTO:0001278,Macroscopic observation (qualitative observation),interspecies interaction,22591226,Reduced virulence,,,
PHIG:7590,P0C431,,5518,Fusarium graminearum,229533,PH-1,strain,OS-2+ (wild type) [Wild type product level],,,4577,Zea mays,,Unknown strain,none,,PHIPO:0000954,,BTO:0000266,Macroscopic observation (qualitative observation),interspecies interaction,22591226,,,,
PHIG:7590,P0C431,,5518,Fusarium graminearum,229533,PH-1,strain,OS-2delta (deletion),,,4577,Zea mays,,Unknown strain,none,,PHIPO:0000365,,BTO:0000266,Macroscopic observation (qualitative observation),interspecies interaction,22591226,Reduced virulence,,,
PHIG:7590,P0C431,,5518,Fusarium graminearum,229533,PH-1,strain,OS-2+ (wild type) [Wild type product level],,,4565,Triticum aestivum,,Unknown strain,none,,,PHIDO:0000162,,,interspecies interaction,22591226,,,,
PHIG:7590,P0C431,,5518,Fusarium graminearum,229533,PH-1,strain,OS-2+ (wild type) [Wild type product level],,,4565,Triticum aestivum,,Unknown strain,none,,PHIPO:0000233,,BTO:0001278,Substance quantification evidence,interspecies interaction,22591226,,,,
PHIG:7590,P0C431,,5518,Fusarium graminearum,229533,PH-1,strain,OS-2delta (deletion),,,4565,Triticum aestivum,,Unknown strain,none,,PHIPO:0000219,,BTO:0001278,Substance quantification evidence,interspecies interaction,22591226,,,,
PHIG:7590,P0C431,,5518,Fusarium graminearum,229533,PH-1,strain,OS-2+ (wild type) [Wild type product level],,,4577,Zea mays,,Unknown strain,none,,PHIPO:0000233,,,Substance quantification evidence,interspecies interaction,22591226,,,,
PHIG:7590,P0C431,,5518,Fusarium graminearum,229533,PH-1,strain,OS-2delta (deletion),,,4577,Zea mays,,Unknown strain,none,,PHIPO:0000219,,,Substance quantification evidence,interspecies interaction,22591226,,,,
PHIG:8926,I1RMT4,,5518,Fusarium graminearum,229533,PH-1,strain,Ppg1delta (deletion),,,4565,Triticum aestivum,,Unknown strain,none,,PHIPO:0000365,,BTO:0001278,Macroscopic observation (qualitative observation),interspecies interaction,37278525,Reduced virulence,,,
PHIG:8906,I1RDG9,,5518,Fusarium graminearum,229533,PH-1,strain,Ham3delta (deletion),,,4565,Triticum aestivum,,Unknown strain,none,,PHIPO:0000365,,BTO:0001278,Macroscopic observation (qualitative observation),interspecies interaction,37278525,Reduced virulence,,,
PHIG:8923,I1RMB3,,5518,Fusarium graminearum,229533,PH-1,strain,Mob3delta (deletion),,,4565,Triticum aestivum,,Unknown strain,none,,PHIPO:0000365,,BTO:0001278,Macroscopic observation (qualitative observation),interspecies interaction,37278525,Reduced virulence,,,
PHIG:8936,I1RSN3,,,Fusarium graminearum,,PH-1,species,Ham2delta (deletion),,,4565,Triticum aestivum,,Unknown strain,none,,PHIPO:0000365,,BTO:0001278,Macroscopic observation (qualitative observation),interspecies interaction,37278525,Reduced virulence,,,
PHIG:8930,I1RN65,,5518,Fusarium graminearum,229533,PH-1,strain,Pp2aadelta (deletion),,,4565,Triticum aestivum,,Unknown strain,none,,PHIPO:0000365,,BTO:0001278,Macroscopic observation (qualitative observation),interspecies interaction,37278525,Reduced virulence,,,
PHIG:8950,I1RXZ4,,5518,Fusarium graminearum,229533,PH-1,strain,Ham4delta (deletion),,,4565,Triticum aestivum,,Unknown strain,none,,PHIPO:0000365,,BTO:0001278,Macroscopic observation (qualitative observation),interspecies interaction,37278525,Reduced virulence,,,
PHIG:8926,I1RMT4,,5518,Fusarium graminearum,229533,PH-1,strain,Ppg1delta+Ppg1transformant(complement by re-introducing the wild-type allele at an ectopic locus) (transformant) [Ectopic],,,4565,Triticum aestivum,,Unknown strain,none,,PHIPO:0000951,,BTO:0001278,Macroscopic observation (qualitative observation),interspecies interaction,37278525,Unaffected pathogenicity,,,
PHIG:8906,I1RDG9,,5518,Fusarium graminearum,229533,PH-1,strain,Ham3delta+Ham3 transformant(complement by re-introducing the wild-type allele at an ectopic locus) (transformant) [Ectopic],,,4565,Triticum aestivum,,Unknown strain,none,,PHIPO:0000951,,BTO:0001278,Macroscopic observation (qualitative observation),interspecies interaction,37278525,Unaffected pathogenicity,,,
PHIG:8923,I1RMB3,,5518,Fusarium graminearum,229533,PH-1,strain,Mob3delta+Mob3 transformant(complement by re-introducing the wild-type allele at an ectopic locus) (transformant) [Ectopic],,,4565,Triticum aestivum,,Unknown strain,none,,PHIPO:0000951,,BTO:0001278,Macroscopic observation (qualitative observation),interspecies interaction,37278525,Unaffected pathogenicity,,,
PHIG:8936,I1RSN3,,,Fusarium graminearum,,PH-1,species,Ham2delta+Ham2 transformant(complement by re-introducing the wild-type allele at an ectopic locus) (transformant) [Ectopic],,,4565,Triticum aestivum,,Unknown strain,none,,PHIPO:0000951,,BTO:0001278,Macroscopic observation (qualitative observation),interspecies interaction,37278525,Unaffected pathogenicity,,,
PHIG:8930,I1RN65,,5518,Fusarium graminearum,229533,PH-1,strain,Pp2aadelta+Pp2aa transformant(complement by re-introducing the wild-type allele at an ectopic locus) (transformant) [Ectopic],,,4565,Triticum aestivum,,Unknown strain,none,,PHIPO:0000951,,BTO:0001278,Macroscopic observation (qualitative observation),interspecies interaction,37278525,Unaffected pathogenicity,,,
PHIG:8950,I1RXZ4,,5518,Fusarium graminearum,229533,PH-1,strain,Ham4delta+Ham4 transformant(complement by re-introducing the wild-type allele at an ectopic locus) (transformant) [Ectopic],,,4565,Triticum aestivum,,Unknown strain,none,,PHIPO:0000951,,BTO:0001278,Macroscopic observation (qualitative observation),interspecies interaction,37278525,Unaffected pathogenicity,,,
PHIG:8926,I1RMT4,,5518,Fusarium graminearum,229533,PH-1,strain,Ppg1delta (deletion),,,4577,Zea mays,,Unknown strain,none,,PHIPO:0000951,,BTO:0002854,Macroscopic observation (qualitative observation),interspecies interaction,37278525,Reduced virulence,,,
PHIG:8906,I1RDG9,,5518,Fusarium graminearum,229533,PH-1,strain,Ham3delta (deletion),,,4577,Zea mays,,Unknown strain,none,,PHIPO:0000365,,BTO:0002854,Macroscopic observation (qualitative observation),interspecies interaction,37278525,Reduced virulence,,,
PHIG:8923,I1RMB3,,5518,Fusarium graminearum,229533,PH-1,strain,Mob3delta (deletion),,,4577,Zea mays,,Unknown strain,none,,PHIPO:0000365,,BTO:0002854,Macroscopic observation (qualitative observation),interspecies interaction,37278525,Reduced virulence,,,
PHIG:8936,I1RSN3,,,Fusarium graminearum,,PH-1,species,Ham2delta (deletion),,,4577,Zea mays,,Unknown strain,none,,PHIPO:0000365,,BTO:0002854,Macroscopic observation (qualitative observation),interspecies interaction,37278525,Reduced virulence,,,
PHIG:8930,I1RN65,,5518,Fusarium graminearum,229533,PH-1,strain,Pp2aadelta (deletion),,,4577,Zea mays,,Unknown strain,none,,PHIPO:0000365,,BTO:0002854,Macroscopic observation (qualitative observation),interspecies interaction,37278525,Reduced virulence,,,
PHIG:8950,I1RXZ4,,5518,Fusarium graminearum,229533,PH-1,strain,Ham4delta (deletion),,,4577,Zea mays,,Unknown strain,none,,PHIPO:0000365,,BTO:0002854,Macroscopic observation (qualitative observation),interspecies interaction,37278525,Reduced virulence,,,
PHIG:8926,I1RMT4,,5518,Fusarium graminearum,229533,PH-1,strain,Ppg1delta+Ppg1transformant(complement by re-introducing the wild-type allele at an ectopic locus) (transformant) [Ectopic],,,4577,Zea mays,,Unknown strain,none,,PHIPO:0000951,,BTO:0002854,Macroscopic observation (qualitative observation),interspecies interaction,37278525,Unaffected pathogenicity,,,
PHIG:8906,I1RDG9,,5518,Fusarium graminearum,229533,PH-1,strain,Ham3delta+Ham3 transformant(complement by re-introducing the wild-type allele at an ectopic locus) (transformant) [Ectopic],,,4577,Zea mays,,Unknown strain,none,,PHIPO:0000951,,BTO:0002854,Macroscopic observation (qualitative observation),interspecies interaction,37278525,Unaffected pathogenicity,,,
PHIG:8923,I1RMB3,,5518,Fusarium graminearum,229533,PH-1,strain,Mob3delta+Mob3 transformant(complement by re-introducing the wild-type allele at an ectopic locus) (transformant) [Ectopic],,,4577,Zea mays,,Unknown strain,none,,PHIPO:0000951,,BTO:0002854,Macroscopic observation (qualitative observation),interspecies interaction,37278525,Unaffected pathogenicity,,,
PHIG:8936,I1RSN3,,,Fusarium graminearum,,PH-1,species,Ham2delta+Ham2 transformant(complement by re-introducing the wild-type allele at an ectopic locus) (transformant) [Ectopic],,,4577,Zea mays,,Unknown strain,none,,PHIPO:0000951,,BTO:0002854,Macroscopic observation (qualitative observation),interspecies interaction,37278525,Unaffected pathogenicity,,,
PHIG:8930,I1RN65,,5518,Fusarium graminearum,229533,PH-1,strain,Pp2aadelta+Pp2aa transformant(complement by re-introducing the wild-type allele at an ectopic locus) (transformant) [Ectopic],,,4577,Zea mays,,Unknown strain,none,,PHIPO:0000951,,BTO:0002854,Macroscopic observation (qualitative observation),interspecies interaction,37278525,Unaffected pathogenicity,,,
PHIG:8950,I1RXZ4,,5518,Fusarium graminearum,229533,PH-1,strain,Ham4delta+Ham4 transformant(complement by re-introducing the wild-type allele at an ectopic locus) (transformant) [Ectopic],,,4577,Zea mays,,Unknown strain,none,,PHIPO:0000951,,BTO:0002854,Macroscopic observation (qualitative observation),interspecies interaction,37278525,Unaffected pathogenicity,,,
PHIG:8926,I1RMT4,,5518,Fusarium graminearum,229533,,strain,,I1RZG0,,5518,Fusarium graminearum,229533,,strain,,,,,Two-hybrid,protein-protein interaction,37278525,,,,
PHIG:8906,I1RDG9,,5518,Fusarium graminearum,229533,,strain,,I1RZG0,,5518,Fusarium graminearum,229533,,strain,,,,,Two-hybrid,protein-protein interaction,37278525,,,,
PHIG:8936,I1RSN3,,,Fusarium graminearum,,,species,,I1RZG0,,5518,Fusarium graminearum,229533,,strain,,,,,Two-hybrid,protein-protein interaction,37278525,,,,
PHIG:8926,I1RMT4,,5518,Fusarium graminearum,229533,PH-1,strain,Ppg+ (wild type) [Wild type product level],,,4565,Triticum aestivum,,Unknown strain,none,,,PHIDO:0000163,,,interspecies interaction,37278525,,,,
PHIG:309,Q8TG19,,5518,Fusarium graminearum,,,species,,I1RDG9,,5518,Fusarium graminearum,229533,,strain,,,,,Two-hybrid,protein-protein interaction,37278525,,,,
PHIG:309,Q8TG19,,5518,Fusarium graminearum,,,species,,I1RMT4,,5518,Fusarium graminearum,229533,,strain,,,,,Two-hybrid,protein-protein interaction,37278525,,,,
PHIG:309,Q8TG19,,5518,Fusarium graminearum,,,species,,I1RN65,,5518,Fusarium graminearum,229533,,strain,,,,,Two-hybrid,protein-protein interaction,37278525,,,,
PHIG:309,Q8TG19,,5518,Fusarium graminearum,,,species,,I1RSN3,,,Fusarium graminearum,,,species,,,,,Two-hybrid,protein-protein interaction,37278525,,,,
PHIG:309,Q8TG19,,5518,Fusarium graminearum,,,species,,I1RXZ4,,5518,Fusarium graminearum,229533,,strain,,,,,Affinity Capture-Western,protein-protein interaction,37278525,,,,
PHIG:309,Q8TG19,,5518,Fusarium graminearum,,,species,,I1RMB3,,5518,Fusarium graminearum,229533,,strain,,,,,Affinity Capture-Western,protein-protein interaction,37278525,,,,
PHIG:5152,A0A169T708,,,Fusarium oxysporum,,f. sp. lycopersici race1,species,AVR1+ (wild type) [Wild type product level],A0A3Q7JJ52,,4081,Solanum lycopersicum,,M82,species,I+ (wild type) [Wild type product level],PHIPO:0000192,,BTO:0000713,Macroscopic observation (qualitative observation),gene-for-gene interaction,27995670,,,,
PHIG:5152,A0A169T708,,,Fusarium oxysporum,,f. sp. lycopersici race1,species,AVR1+ (wild type) [Wild type product level],A0A3Q7JJ52,,4081,Solanum lycopersicum,,cv. Moneymaker,species,Idelta (deletion),PHIPO:0001204,,BTO:0000713,Macroscopic observation (qualitative observation),gene-for-gene interaction,27995670,,,,
PHIG:5152,A0A169T708,,,Fusarium oxysporum,,f. sp. lycopersici race1,species,AVR1+ (wild type) [Wild type product level],A0A3Q7JJ52,,4081,Solanum lycopersicum,,M82,species,I(Q922Y) (amino acid mutation) [Ectopic],PHIPO:0001204,,BTO:0000713,Macroscopic observation (qualitative observation),gene-for-gene interaction,27995670,,,,
PHIG:5152,A0A169T708,,,Fusarium oxysporum,,f. sp. lycopersici race1,species,AVR1+ (wild type) [Wild type product level],A0A3Q7JJ52,,4081,Solanum lycopersicum,,M82,species,I(T925Y) (amino acid mutation) [Ectopic],PHIPO:0001204,,BTO:0000713,Macroscopic observation (qualitative observation),gene-for-gene interaction,27995670,,,,
PHIG:5152,A0A169T708,,,Fusarium oxysporum,,f. sp. lycopersici race1,species,AVR1+ (wild type) [Wild type product level],,,4081,Solanum lycopersicum,,cv. C32,none,,,PHIDO:0000164,,,interspecies interaction,27995670,,,,
PHIG:8960,I1S287,,5518,Fusarium graminearum,229533,PH-1,strain,Rab1DN(S22N) (amino acid mutation) [Not assayed],,,4565,Triticum aestivum,,Unknown strain,none,,PHIPO:0000365,,BTO:0001278,Macroscopic observation (qualitative observation),interspecies interaction,35055095,Reduced virulence,,,
PHIG:8960,I1S287,,5518,Fusarium graminearum,229533,PH-1,strain,Rab1CA(Q67L) (amino acid mutation) [Not assayed],,,4565,Triticum aestivum,,Unknown strain,none,,PHIPO:0000951,,BTO:0001278,Macroscopic observation (qualitative observation),interspecies interaction,35055095,Reduced virulence,,,
PHIG:8960,I1S287,,5518,Fusarium graminearum,229533,PH-1,strain,Rab1DN(S22N) (amino acid mutation) [Not assayed],,,4565,Triticum aestivum,,Unknown strain,none,,PHIPO:0000365,,BTO:0000268,Macroscopic observation (qualitative observation),interspecies interaction,35055095,Reduced virulence,,,
PHIG:8960,I1S287,,5518,Fusarium graminearum,229533,PH-1,strain,Rab1+ (wild type) [Wild type product level],,,4565,Triticum aestivum,,Unknown strain,none,,,PHIDO:0000163,,,interspecies interaction,35055095,,,,
PHIG:1961,A0A0D1C8C8,,5270,Ustilago maydis,,,species,,B4FQV3,,4577,Zea mays,,,species,,,,,Affinity Capture-Western,protein-protein interaction,25888589,,,,
PHIG:1961,A0A0D1C8C8,,5270,Ustilago maydis,,,species,,B4FQV3,,4577,Zea mays,,,species,,,,,PCA,protein-protein interaction,25888589,,,,
PHIG:1961,A0A0D1C8C8,,5270,Ustilago maydis,,SG200,species,See1+ (wild type) [Wild type product level],,,4577,Zea mays,,cv. Early Golden Bantam,none,,PHIPO:0001268,,BTO:0000713,Macroscopic observation (quantitative observation),interspecies interaction,25888589,,,,
PHIG:1961,A0A0D1C8C8,,5270,Ustilago maydis,,SG200,species,See1delta (deletion),,,4577,Zea mays,,cv. Early Golden Bantam,none,,PHIPO:0001269,,BTO:0000713,Macroscopic observation (quantitative observation),interspecies interaction,25888589,Reduced virulence,,,
PHIG:1961,A0A0D1C8C8,,5270,Ustilago maydis,,SG200,species,See1delta (deletion),,,4577,Zea mays,,cv. Early Golden Bantam,none,,PHIPO:0001268,,BTO:0001830,Macroscopic observation (quantitative observation),interspecies interaction,25888589,Unaffected pathogenicity,,,
PHIG:1961,A0A0D1C8C8,,5270,Ustilago maydis,,SG200,species,See1delta (deletion),,,4577,Zea mays,,cv. Early Golden Bantam,none,,PHIPO:0001268,,BTO:0005305,Macroscopic observation (quantitative observation),interspecies interaction,25888589,Unaffected pathogenicity,,,
PHIG:1961,A0A0D1C8C8,,5270,Ustilago maydis,,SG200,species,See1+ (wild type) [Wild type product level],,,4577,Zea mays,,cv. Early Golden Bantam,none,,PHIPO:0001229,,BTO:0000858; BTO:0004501,Microscopy,interspecies interaction,25888589,,,,
PHIG:1961,A0A0D1C8C8,,5270,Ustilago maydis,,SG200,species,See1+ (wild type) [Wild type product level],,,4577,Zea mays,,cv. Early Golden Bantam,none,,PHIPO:0001268,,BTO:0001830,Macroscopic observation (quantitative observation),interspecies interaction,25888589,,,,
PHIG:1961,A0A0D1C8C8,,5270,Ustilago maydis,,SG200,species,See1+ (wild type) [Wild type product level],,,4577,Zea mays,,cv. Early Golden Bantam,none,,PHIPO:0001268,,BTO:0005305,Macroscopic observation (quantitative observation),interspecies interaction,25888589,,,,
PHIG:1961,A0A0D1C8C8,,5270,Ustilago maydis,,SG200,species,See1delta (deletion),,,4577,Zea mays,,cv. Early Golden Bantam,none,,PHIPO:0001252,,BTO:0000858; BTO:0004501,Microscopy,interspecies interaction,25888589,,,,
PHIG:1961,A0A0D1C8C8,,5270,Ustilago maydis,,SG200,species,See1+ (wild type) [Wild type product level],,,4577,Zea mays,,cv. Early Golden Bantam,none,,PHIPO:0001277,,BTO:0001228,Microscopy,interspecies interaction,25888589,,,,
PHIG:1961,A0A0D1C8C8,,5270,Ustilago maydis,,SG200,species,See1delta (deletion),,,4577,Zea mays,,cv. Early Golden Bantam,none,,PHIPO:0001278,,BTO:0001228,Microscopy,interspecies interaction,25888589,,,,
PHIG:1961,A0A0D1C8C8,,5270,Ustilago maydis,,SG200,species,See1delta (deletion),,,4577,Zea mays,,cv. Early Golden Bantam,none,,PHIPO:0001277,,BTO:0000079,Microscopy,interspecies interaction,25888589,,,,
PHIG:1961,A0A0D1C8C8,,5270,Ustilago maydis,,SG200,species,See1+ (wild type) [Wild type product level],,,4577,Zea mays,,cv. Early Golden Bantam,none,,PHIPO:0001277,,BTO:0000079,Microscopy,interspecies interaction,25888589,,,,
PHIG:1961,A0A0D1C8C8,,5270,Ustilago maydis,,SG200,species,"See1 transformant(HIS-tagged, overexpression) (transformant) [Ectopic]",,,4577,Zea mays,,cv. Early Golden Bantam,none,,PHIPO:0001268,,BTO:0000713,Macroscopic observation (quantitative observation),interspecies interaction,25888589,Unaffected pathogenicity,,,
PHIG:1961,A0A0D1C8C8,,5270,Ustilago maydis,,SG200,species,"See1 transformant(HIS-tagged, overexpression) (transformant) [Ectopic]",,,4577,Zea mays,,cv. Early Golden Bantam,none,,PHIPO:0001276,,BTO:0001830,Macroscopic observation (quantitative observation),interspecies interaction,25888589,Increased virulence,,,
PHIG:1961,A0A0D1C8C8,,5270,Ustilago maydis,,SG200,species,"See1 transformant(HIS-tagged, overexpression) (transformant) [Ectopic]",,,4577,Zea mays,,cv. Early Golden Bantam,none,,PHIPO:0001277,,BTO:0000079,Microscopy,interspecies interaction,25888589,,,,
PHIG:1961,A0A0D1C8C8,,5270,Ustilago maydis,,SG200,species,"See1 transformant(HIS-tagged, overexpression) (transformant) [Ectopic]",,,4577,Zea mays,,cv. Early Golden Bantam,none,,PHIPO:0001280,,BTO:0000636; BTO:0001830,Microscopy,interspecies interaction,25888589,,,,
PHIG:1961,A0A0D1C8C8,,5270,Ustilago maydis,,SG200,species,See1+ (wild type) [Wild type product level],,,4577,Zea mays,,cv. Early Golden Bantam,none,,,PHIDO:0000096,BTO:0000713; BTO:0001830,,interspecies interaction,25888589,,,,
PHIG:1961,A0A0D1C8C8,,5270,Ustilago maydis,,SG200,species,See1+ (wild type) [Wild type product level],,,4577,Zea mays,,cv. Early Golden Bantam,none,,PHIPO:0001268,,BTO:0001830,Macroscopic observation (quantitative observation),interspecies interaction,25888589,,,,
PHIG:1961,A0A0D1C8C8,,5270,Ustilago maydis,,SG200,species,See1+ (wild type) [Wild type product level],,,4577,Zea mays,,cv. Early Golden Bantam,none,,PHIPO:0001277,,BTO:0000079,Microscopy,interspecies interaction,25888589,,,,
PHIG:1961,A0A0D1C8C8,,5270,Ustilago maydis,,SG200,species,See1+ (wild type) [Wild type product level],,,4577,Zea mays,,cv. Early Golden Bantam,none,,PHIPO:0001277,,BTO:0000636; BTO:0001830,Microscopy,interspecies interaction,25888589,,,,
PHIG:1961,A0A0D1C8C8,,5270,Ustilago maydis,,SG200,species,See1+ (wild type) [Wild type product level],,,4577,Zea mays,,cv. Early Golden Bantam,none,,PHIPO:0001268,,BTO:0000713,Macroscopic observation (quantitative observation),interspecies interaction,25888589,,,,
PHIG:1961,A0A0D1C8C8,,5270,Ustilago maydis,,,species,,B4FQV3,,4577,Zea mays,,,species,,,,,Two-hybrid,protein-protein interaction,25888589,,,,
PHIG:10483,A7EQI8,,5180,Sclerotinia sclerotiorum,665079,Scl02-05,strain,Hog1delta (deletion),,,3847,Glycine max,,Daewon,none,,PHIPO:0000365,,BTO:0000713,Macroscopic observation (qualitative observation),interspecies interaction,38374637,Reduced virulence,,,
PHIG:10483,A7EQI8,,5180,Sclerotinia sclerotiorum,665079,Scl02-05,strain,Hog1+ (wild type) [Wild type product level],,,3847,Glycine max,,Daewon,none,,PHIPO:0000951,,BTO:0000713,Macroscopic observation (qualitative observation),interspecies interaction,38374637,,,,
PHIG:7818,A7F519,,5180,Sclerotinia sclerotiorum,665079,Scl02-05,strain,Shk1delta (deletion),,,3847,Glycine max,,Daewon,none,,PHIPO:0000365,,BTO:0000713,Macroscopic observation (qualitative observation),interspecies interaction,38374637,Reduced virulence,,,
PHIG:7818,A7F519,,5180,Sclerotinia sclerotiorum,665079,Scl02-05,strain,Shk1+ (wild type) [Wild type product level],,,3847,Glycine max,,Daewon,none,,PHIPO:0000951,,BTO:0000713,Macroscopic observation (qualitative observation),interspecies interaction,38374637,,,,
PHIG:10483,A7EQI8,,5180,Sclerotinia sclerotiorum,665079,Scl02-05,strain,Hog1+ (wild type) [Wild type product level],,,3847,Glycine max,,Daewon,none,,,PHIDO:0000324,,,interspecies interaction,38374637,,,,
PHIG:7818,A7F519,,5180,Sclerotinia sclerotiorum,665079,Scl02-05,strain,Shk1+ (wild type) [Wild type product level],,,3847,Glycine max,,Daewon,none,,,PHIDO:0000324,,,interspecies interaction,38374637,,,,
PHIG:10410,A0A194W4R1,,,Cytospora mali,,Unknown strain,species,SR1+ (wild type) [Wild type product level],,,3750,Malus domestica,,Unknown strain,none,,PHIPO:0000951,,BTO:0001411,Macroscopic observation (quantitative observation),interspecies interaction,40432254,,,,
PHIG:10410,A0A194W4R1,,,Cytospora mali,,Unknown strain,species,SR1delta (deletion),,,3750,Malus domestica,,Unknown strain,none,,PHIPO:0000365,,BTO:0001411,Macroscopic observation (quantitative observation),interspecies interaction,40432254,Reduced virulence,,,
PHIG:10410,A0A194W4R1,,,Cytospora mali,,Unknown strain,species,SR1delta-SR1 transformant(complement by re-introducing the wild-type allele at an ectopic locus) (transformant) [Ectopic],,,3750,Malus domestica,,Unknown strain,none,,PHIPO:0000951,,BTO:0001411,Macroscopic observation (quantitative observation),interspecies interaction,40432254,Unaffected pathogenicity,,,
PHIG:10410,A0A194W4R1,,,Cytospora mali,,Unknown strain,species,SR1 transformant(overexpression) (transformant) [Overexpression],,,3750,Malus domestica,,Unknown strain,none,,PHIPO:0001192,,BTO:0000713,Macroscopic observation (quantitative observation),interspecies interaction,40432254,,,,
PHIG:10410,A0A194W4R1,,,Cytospora mali,,Unknown strain,species,SR1 transformant(overexpression) (transformant) [Overexpression],,,3750,Malus domestica,,Unknown strain,none,,PHIPO:0001015,,BTO:0000713,Macroscopic observation (quantitative observation),interspecies interaction,40432254,,,,
,,,578113,Cytospora mali,,Unknown strain,none,,A0A498JRN3,,3750,Malus domestica,,Unknown strain,species,Tsn2 (disruption) [Knockdown],PHIPO:0000368,,BTO:0000713,Macroscopic observation (quantitative observation),interspecies interaction,40432254,,,,
PHIG:10410,A0A194W4R1,,,Cytospora mali,,Unknown strain,species,SR1+ (wild type) [Wild type product level],,,3750,Malus domestica,,Unknown strain,none,,,PHIDO:0000435,,,interspecies interaction,40432254,,,,
PHIG:10469,K9GH36,,,Penicillium digitatum,,Unknown strain,species,CDIE1+ (wild type) [Ectopic],,,4100,Nicotiana benthamiana,,Unknown strain,none,,PHIPO:0000477,,BTO:0000713,Macroscopic observation (qualitative observation),interspecies interaction,40229290,,,,
PHIG:10469,K9GH36,,,Penicillium digitatum,,Unknown strain,species,CDIE1+ (wild type) [Ectopic],,,3750,Malus domestica,,Unknown strain,none,,PHIPO:0000477,,BTO:0000486,Macroscopic observation (qualitative observation),interspecies interaction,40229290,,,,
PHIG:10471,A0A0A2LF35,,40296,Penicillium italicum,,Unknown strain,species,PITC+ (wild type) [Ectopic],,,3750,Malus domestica,,Unknown strain,none,,PHIPO:0000477,,BTO:0000713,Macroscopic observation (qualitative observation),interspecies interaction,40229290,,,,
PHIG:10470,A0A0A2J765,,27334,Penicillium expansum,,Unknown strain,species,PEX2+ (wild type) [Ectopic],,,3750,Malus domestica,,Unknown strain,none,,PHIPO:0000477,,BTO:0000713,Macroscopic observation (qualitative observation),interspecies interaction,40229290,,,,
PHIG:10469,K9GH36,,,Penicillium digitatum,,Unknown strain,species,CDIE1deltaSP(deletion of the signal peptide) (partial amino acid deletion) [Ectopic],,,4100,Nicotiana benthamiana,,Unknown strain,none,,PHIPO:0000477,,BTO:0000713,Macroscopic observation (qualitative observation),interspecies interaction,40229290,,,,
PHIG:10469,K9GH36,,,Penicillium digitatum,,Unknown strain,species,CDIE1deltaSP(deletion of the signal peptide) (partial amino acid deletion) [Ectopic],,,3750,Malus domestica,,Unknown strain,none,,PHIPO:0000477,,BTO:0000486,Macroscopic observation (qualitative observation),interspecies interaction,40229290,,,,
PHIG:10469,K9GH36,,,Penicillium digitatum,,Unknown strain,species,CDIE1+ (wild type) [Wild type product level],,,2711,Citrus sinensis,,Unknown strain,none,,PHIPO:0000954,,BTO:0000486,Macroscopic observation (quantitative observation),interspecies interaction,40229290,,,,
PHIG:10469,K9GH36,,,Penicillium digitatum,,Unknown strain,species,CDIE1delta (deletion),,,2711,Citrus sinensis,,Unknown strain,none,,PHIPO:0000365,,BTO:0000486,Macroscopic observation (quantitative observation),interspecies interaction,40229290,Reduced virulence,,,
PHIG:10469,K9GH36,,,Penicillium digitatum,,,species,,A0A067DI64,,2711,Citrus sinensis,,,species,,,,,Two-hybrid,protein-protein interaction,40229290,,,,
PHIG:10469,K9GH36,,,Penicillium digitatum,,,species,,A0A067DI64,,2711,Citrus sinensis,,,species,,,,,Co-purification,protein-protein interaction,40229290,,,,
PHIG:10469,K9GH36,,,Penicillium digitatum,,,species,,A0A067DI64,,2711,Citrus sinensis,,,species,,,,,PCA,protein-protein interaction,40229290,,,,
PHIG:10469,K9GH36,,,Penicillium digitatum,,Unknown strain,species,CDIE1+ (wild type) [Ectopic],,,4100,Nicotiana benthamiana,,Unknown strain,none,,PHIPO:0001193,,BTO:0000713,Macroscopic observation (qualitative observation),interspecies interaction,40229290,,,,
PHIG:10469,K9GH36,,,Penicillium digitatum,,Unknown strain,species,CDIE1+ (wild type) [Ectopic],A0A067DI64,,2711,Citrus sinensis,,Unknown strain,species,Hsp70+ (wild type) [Ectopic],PHIPO:0000465,,BTO:0000713,Macroscopic observation (qualitative observation),interspecies interaction,40229290,,,,
PHIG:10401,A0A067DI64,,2711,Citrus sinensis,,,species,,A0A067F2C3,,2711,Citrus sinensis,,,species,,,,,Co-purification,protein-protein interaction,40229290,,,,
PHIG:10469,K9GH36,,,Penicillium digitatum,,Unknown strain,species,CDIE1+ (wild type) [Wild type product level],,,2711,Citrus sinensis,,Unknown strain,none,,,PHIDO:0000174,,,interspecies interaction,40229290,,,,
PHIG:4137,O42772,,1047171,Zymoseptoria tritici,,IPO323,species,SDHB transformant(Cbx29-SDHB(H267L)) (transformant) [Not assayed],,,4565,Triticum aestivum,,cv. Riband,none,,PHIPO:0000986,,BTO:0000713,Macroscopic observation (quantitative observation),interspecies interaction,22536383,Increased virulence,,,
PHIG:9475,F9XH52,,1047171,Zymoseptoria tritici,336722,IPO323,strain,SDHC transformant(Flu1-SDHC(S83G)) (transformant) [Not assayed],,,4565,Triticum aestivum,,cv. Riband,none,,PHIPO:0000986,,BTO:0000713,Macroscopic observation (quantitative observation),interspecies interaction,22536383,Increased virulence,,,
PHIG:9475,F9XH52,,1047171,Zymoseptoria tritici,336722,IPO323,strain,SDHC transformant(Izm1-SDHC(H152R)) (transformant) [Not assayed],,,4565,Triticum aestivum,,cv. Riband,none,,PHIPO:0000986,,BTO:0000713,Macroscopic observation (quantitative observation),interspecies interaction,22536383,Increased virulence,,,
PHIG:9475,F9XH52,,1047171,Zymoseptoria tritici,336722,IPO323,strain,SDHC transformant(Izm7-SDHC(N86K)) (transformant) [Not assayed],,,4565,Triticum aestivum,,cv. Riband,none,,PHIPO:0000986,,BTO:0000713,Macroscopic observation (quantitative observation),interspecies interaction,22536383,Increased virulence,,,
PHIG:9475,F9XH52,,1047171,Zymoseptoria tritici,336722,IPO323,strain,SDHC transformant(Flu4-SDHC(A84V)) (transformant) [Not assayed],,,4565,Triticum aestivum,,cv. Riband,none,,PHIPO:0000986,,BTO:0000713,Macroscopic observation (quantitative observation),interspecies interaction,22536383,Increased virulence,,,
PHIG:4137,O42772,,1047171,Zymoseptoria tritici,,IPO323,species,SDHB+ (wild type) [Not assayed],,,4565,Triticum aestivum,,cv. Riband,none,,PHIPO:0000480,,BTO:0000713,Macroscopic observation (quantitative observation),interspecies interaction,22536383,,,,
PHIG:9475,F9XH52,,1047171,Zymoseptoria tritici,336722,IPO323,strain,SDHC+ (wild type) [Not assayed],,,4565,Triticum aestivum,,cv. Riband,none,,PHIPO:0000480,,BTO:0000713,Macroscopic observation (quantitative observation),interspecies interaction,22536383,,,,
PHIG:4137,O42772,,1047171,Zymoseptoria tritici,,IPO323,species,SDHB+ (wild type) [Not assayed],,,4565,Triticum aestivum,,cv. Riband,none,,,PHIDO:0000329,BTO:0000713,,interspecies interaction,22536383,,,,
PHIG:9475,F9XH52,,1047171,Zymoseptoria tritici,336722,IPO323,strain,SDHC+ (wild type) [Not assayed],,,4565,Triticum aestivum,,cv. Riband,none,,,PHIDO:0000329,BTO:0000713,,interspecies interaction,22536383,,,,
PHIG:11363,A0A8E5ME34,,1159556,Ustilaginoidea virens,,P1,species,Pks1+ (wild type) [Wild type product level],,,4530,Oryza sativa,,cv. Wanxian 98,none,,,PHIDO:0000449,,,interspecies interaction,41745253,,,,
PHIG:11363,A0A8E5ME34,,1159556,Ustilaginoidea virens,,P1,species,Pks1delta (deletion),,,4530,Oryza sativa,,cv. Wanxian 98,none,,PHIPO:0000952,,BTO:0002119,Macroscopic observation (quantitative observation),interspecies interaction,41745253,Loss of pathogenicity,,,
PHIG:11363,A0A8E5ME34,,1159556,Ustilaginoidea virens,,P1,species,Pks1delta-Pks1 transformant(complement by re-introducing the wild-type allele at an ectopic locus) (transformant) [Ectopic],,,4530,Oryza sativa,,cv. Wanxian 98,none,,PHIPO:0000951,,BTO:0002119,Macroscopic observation (quantitative observation),interspecies interaction,41745253,Unaffected pathogenicity,,,
PHIG:11363,A0A8E5ME34,,1159556,Ustilaginoidea virens,,P1,species,Pks1+ (wild type) [Wild type product level],,,4530,Oryza sativa,,cv. Wanxian 98,none,,PHIPO:0000951,,BTO:0002119,Macroscopic observation (quantitative observation),interspecies interaction,41745253,,,,
PHIG:3025,P14756,,287,Pseudomonas aeruginosa,208964,RP45,strain,lasB+ (wild type) [Wild type product level],,,10090,Mus musculus,,C57BL/6NCrl,none,,PHIPO:0001069,,,Macroscopic observation (quantitative observation),interspecies interaction,33510733,,,,
PHIG:3025,P14756,,287,Pseudomonas aeruginosa,208964,RP73,strain,lasB+ (wild type) [Wild type product level],,,10090,Mus musculus,,C57BL/6NCrl,none,,PHIPO:0001068,,,Macroscopic observation (quantitative observation),interspecies interaction,33510733,,,,
PHIG:3025,P14756,,287,Pseudomonas aeruginosa,208964,RP45,strain,lasB+ (wild type) [Wild type product level],,,10090,Mus musculus,,C57BL/6NCrl,none,,PHIPO:0000954,,,Macroscopic observation (quantitative observation),interspecies interaction,33510733,,,,
PHIG:3025,P14756,,287,Pseudomonas aeruginosa,208964,RP45,strain,lasBdelta (deletion),,,10090,Mus musculus,,C57BL/6NCrl,none,,PHIPO:0000954,,,Macroscopic observation (quantitative observation),interspecies interaction,33510733,Unaffected pathogenicity,,,
PHIG:3025,P14756,,287,Pseudomonas aeruginosa,208964,RP73,strain,lasB+ (wild type) [Wild type product level],,,10090,Mus musculus,,C57BL/6NCrl,none,,PHIPO:0000954,,,Macroscopic observation (quantitative observation),interspecies interaction,33510733,,,,
PHIG:3025,P14756,,287,Pseudomonas aeruginosa,208964,RP73,strain,lasBdelta (deletion),,,10090,Mus musculus,,C57BL/6NCrl,none,,PHIPO:0000954,,,Macroscopic observation (quantitative observation),interspecies interaction,33510733,Unaffected pathogenicity,,,
PHIG:3025,P14756,,287,Pseudomonas aeruginosa,208964,RP45,strain,lasB+ (wild type) [Wild type product level],,,10090,Mus musculus,,C57BL/6NCrl,none,,PHIPO:0000954,,,Macroscopic observation (quantitative observation),interspecies interaction,33510733,,,,
PHIG:3025,P14756,,287,Pseudomonas aeruginosa,208964,RP45,strain,lasBdelta (deletion),,,10090,Mus musculus,,C57BL/6NCrl,none,,PHIPO:0000365,,,Macroscopic observation (quantitative observation),interspecies interaction,33510733,Reduced virulence,,,
PHIG:3025,P14756,,287,Pseudomonas aeruginosa,208964,RP45,strain,lasB+ (wild type) [Wild type product level],,,10090,Mus musculus,,C57BL/6NCrl,none,,PHIPO:0001256,,,Substance quantification evidence,interspecies interaction,33510733,,,,
PHIG:3025,P14756,,287,Pseudomonas aeruginosa,208964,RP45,strain,lasBdelta (deletion),,,10090,Mus musculus,,C57BL/6NCrl,none,,PHIPO:0000992,,,Substance quantification evidence,interspecies interaction,33510733,,,,
PHIG:3025,P14756,,287,Pseudomonas aeruginosa,208964,RP45,strain,lasB+ (wild type) [Wild type product level],,,10090,Mus musculus,,C57BL/6NCrl,none,,PHIPO:0001256,,,Substance quantification evidence,interspecies interaction,33510733,,,,
PHIG:3025,P14756,,287,Pseudomonas aeruginosa,208964,RP45,strain,lasBdelta (deletion),,,10090,Mus musculus,,C57BL/6NCrl,none,,PHIPO:0000992,,,Substance quantification evidence,interspecies interaction,33510733,,,,
PHIG:3025,P14756,,287,Pseudomonas aeruginosa,208964,RP45,strain,lasB+ (wild type) [Wild type product level],,,10090,Mus musculus,,C57BL/6NCrl,none,,PHIPO:0001256,,,Substance quantification evidence,interspecies interaction,33510733,,,,
PHIG:3025,P14756,,287,Pseudomonas aeruginosa,208964,RP45,strain,lasBdelta (deletion),,,10090,Mus musculus,,C57BL/6NCrl,none,,PHIPO:0000992,,,Substance quantification evidence,interspecies interaction,33510733,,,,
PHIG:3025,P14756,,287,Pseudomonas aeruginosa,208964,RP45,strain,lasB+ (wild type) [Wild type product level],,,10090,Mus musculus,,C57BL/6NCrl,none,,PHIPO:0001256,,,Substance quantification evidence,interspecies interaction,33510733,,,,
PHIG:3025,P14756,,287,Pseudomonas aeruginosa,208964,RP45,strain,lasBdelta (deletion),,,10090,Mus musculus,,C57BL/6NCrl,none,,PHIPO:0000992,,,Substance quantification evidence,interspecies interaction,33510733,,,,
PHIG:3025,P14756,,287,Pseudomonas aeruginosa,208964,RP45,strain,lasB+ (wild type) [Wild type product level],,,10090,Mus musculus,,C57BL/6NCrl,none,,PHIPO:0001256,,,Substance quantification evidence,interspecies interaction,33510733,,,,
PHIG:3025,P14756,,287,Pseudomonas aeruginosa,208964,RP45,strain,lasBdelta (deletion),,,10090,Mus musculus,,C57BL/6NCrl,none,,PHIPO:0000992,,,Substance quantification evidence,interspecies interaction,33510733,,,,
PHIG:3025,P14756,,287,Pseudomonas aeruginosa,208964,RP45,strain,lasB+ (wild type) [Wild type product level],,,10090,Mus musculus,,C57BL/6NCrl,none,,PHIPO:0001256,,,Substance quantification evidence,interspecies interaction,33510733,,,,
PHIG:3025,P14756,,287,Pseudomonas aeruginosa,208964,RP45,strain,lasBdelta (deletion),,,10090,Mus musculus,,C57BL/6NCrl,none,,PHIPO:0000992,,,Substance quantification evidence,interspecies interaction,33510733,,,,
PHIG:3025,P14756,,287,Pseudomonas aeruginosa,208964,RP45,strain,lasB+ (wild type) [Wild type product level],,,10090,Mus musculus,,C57BL/6NCrl,none,,PHIPO:0001256,,,Substance quantification evidence,interspecies interaction,33510733,,,,
PHIG:3025,P14756,,287,Pseudomonas aeruginosa,208964,RP45,strain,lasBdelta (deletion),,,10090,Mus musculus,,C57BL/6NCrl,none,,PHIPO:0000992,,,Substance quantification evidence,interspecies interaction,33510733,,,,
PHIG:3025,P14756,,287,Pseudomonas aeruginosa,208964,RP45,strain,lasB+ (wild type) [Wild type product level],,,10090,Mus musculus,,C57BL/6NCrl,none,,PHIPO:0001256,,,Substance quantification evidence,interspecies interaction,33510733,,,,
PHIG:3025,P14756,,287,Pseudomonas aeruginosa,208964,RP45,strain,lasBdelta (deletion),,,10090,Mus musculus,,C57BL/6NCrl,none,,PHIPO:0000992,,,Substance quantification evidence,interspecies interaction,33510733,,,,
PHIG:3025,P14756,,287,Pseudomonas aeruginosa,208964,RP45,strain,lasB+ (wild type) [Wild type product level],,,10090,Mus musculus,,C57BL/6NCrl,none,,PHIPO:0001256,,,Substance quantification evidence,interspecies interaction,33510733,,,,
PHIG:3025,P14756,,287,Pseudomonas aeruginosa,208964,RP45,strain,lasBdelta (deletion),,,10090,Mus musculus,,C57BL/6NCrl,none,,PHIPO:0000992,,,Substance quantification evidence,interspecies interaction,33510733,,,,
PHIG:3025,P14756,,287,Pseudomonas aeruginosa,208964,RP45,strain,lasBdelta (deletion),,,10090,Mus musculus,,C57BL/6NCrl,none,,PHIPO:0001069,,,Macroscopic observation (quantitative observation),interspecies interaction,33510733,Unaffected pathogenicity,,,
PHIG:3025,P14756,,287,Pseudomonas aeruginosa,208964,RP73,strain,lasBdelta (deletion),,,10090,Mus musculus,,C57BL/6NCrl,none,,PHIPO:0001068,,,Macroscopic observation (quantitative observation),interspecies interaction,33510733,,,,
PHIG:3025,P14756,,287,Pseudomonas aeruginosa,208964,RP45,strain,lasB+ (wild type) [Wild type product level],,,10090,Mus musculus,,C57BL/6NCrl,none,,PHIPO:0001256,,,Substance quantification evidence,interspecies interaction,33510733,,,,
PHIG:3025,P14756,,287,Pseudomonas aeruginosa,208964,RP45,strain,lasBdelta (deletion),,,10090,Mus musculus,,C57BL/6NCrl,none,,PHIPO:0000992,,,Substance quantification evidence,interspecies interaction,33510733,,,,
PHIG:9924,I1RIG8,,5518,Fusarium graminearum,229533,PH-1,strain,FG03600+ (wild type) [Wild type product level],,,4565,Triticum aestivum,,SM482,none,,PHIPO:0000954,,BTO:0000713,Macroscopic observation (qualitative observation),interspecies interaction,39365766,,,,
PHIG:9924,I1RIG8,,5518,Fusarium graminearum,229533,PH-1,strain,FG03600delta (deletion),,,4565,Triticum aestivum,,SM482,none,,PHIPO:0000365,,BTO:0000713,Macroscopic observation (qualitative observation),interspecies interaction,39365766,Reduced virulence,,,
PHIG:9924,I1RIG8,,5518,Fusarium graminearum,229533,PH-1,strain,FG03600delta-FG03600 transformant(complement by re-introducing the wild-type allele at an ectopic locus) (transformant) [Ectopic],,,4565,Triticum aestivum,,SM482,none,,PHIPO:0000954,,BTO:0000713,Macroscopic observation (qualitative observation),interspecies interaction,39365766,Unaffected pathogenicity,,,
PHIG:9924,I1RIG8,,5518,Fusarium graminearum,229533,PH-1,strain,FG03600+ (wild type) [Wild type product level],,,4565,Triticum aestivum,,SM482,none,,PHIPO:0000954,,BTO:0001278,Macroscopic observation (qualitative observation),interspecies interaction,39365766,,,,
PHIG:9924,I1RIG8,,5518,Fusarium graminearum,229533,PH-1,strain,FG03600+ (wild type) [Wild type product level],,,4565,Triticum aestivum,,cv. Fielder,none,,PHIPO:0000954,,BTO:0001278,Macroscopic observation (qualitative observation),interspecies interaction,39365766,,,,
PHIG:9924,I1RIG8,,5518,Fusarium graminearum,229533,PH-1,strain,FG03600delta (deletion),,,4565,Triticum aestivum,,SM482,none,,PHIPO:0000365,,BTO:0001278,Macroscopic observation (qualitative observation),interspecies interaction,39365766,Reduced virulence,,,
PHIG:9924,I1RIG8,,5518,Fusarium graminearum,229533,PH-1,strain,FG03600delta-FG03600 transformant(complement by re-introducing the wild-type allele at an ectopic locus) (transformant) [Ectopic],,,4565,Triticum aestivum,,SM482,none,,PHIPO:0000954,,BTO:0001278,Macroscopic observation (qualitative observation),interspecies interaction,39365766,Unaffected pathogenicity,,,
PHIG:9924,I1RIG8,,5518,Fusarium graminearum,229533,PH-1,strain,Fg03600(1-69 deleted) (partial amino acid deletion) [Ectopic],,,4565,Triticum aestivum,,SM482,none,,PHIPO:0000365,,BTO:0001278,Macroscopic observation (qualitative observation),interspecies interaction,39365766,Reduced virulence,,,
PHIG:9924,I1RIG8,,5518,Fusarium graminearum,229533,PH-1,strain,FG03600+ (wild type) [Ectopic],,,4100,Nicotiana benthamiana,,Unknown strain,none,,PHIPO:0000927,,BTO:0000713,Microscopy,interspecies interaction,39365766,,,,
PHIG:9924,I1RIG8,,5518,Fusarium graminearum,229533,PH-1,strain,Fg03600(1-69 deleted) (partial amino acid deletion) [Ectopic],,,4100,Nicotiana benthamiana,,Unknown strain,none,,PHIPO:0000928,,BTO:0000713,Microscopy,interspecies interaction,39365766,,,,
PHIG:9924,I1RIG8,,5518,Fusarium graminearum,229533,PH-1,strain,FG03600+ (wild type) [Wild type product level],A0A3B6LYY6,,4565,Triticum aestivum,,cv. Fielder,species,PGRL1-RNAi (disruption) [Knockdown],PHIPO:0000368,,BTO:0001278,Macroscopic observation (qualitative observation),interspecies interaction,39365766,,,,
PHIG:9924,I1RIG8,,5518,Fusarium graminearum,229533,PH-1,strain,FG03600+ (wild type) [Wild type product level],A0A3B6LYY6,,4565,Triticum aestivum,,cv. Fielder,species,PGRL1-RNAi (disruption) [Knockdown],PHIPO:0000232,,BTO:0002119,Macroscopic observation (qualitative observation),interspecies interaction,39365766,,,,
PHIG:9924,I1RIG8,,5518,Fusarium graminearum,229533,PH-1,strain,FG03600+ (wild type) [Wild type product level],,,4565,Triticum aestivum,,SM482,none,,,PHIDO:0000162,,,interspecies interaction,39365766,,,,
PHIG:7524,I1RC73,,5518,Fusarium graminearum,229533,PH-1,strain,FgSR+ (wild type) [Wild type product level],,,4565,Triticum aestivum,,cv. Jimai 22,none,,PHIPO:0000480,,BTO:0002119,Macroscopic observation (qualitative observation),interspecies interaction,30874562,,,,
PHIG:7524,I1RC73,,5518,Fusarium graminearum,229533,PH-1,strain,FgSRdelta (deletion),,,4565,Triticum aestivum,,cv. Jimai 22,none,,PHIPO:0000480,,BTO:0002119,Macroscopic observation (qualitative observation),interspecies interaction,30874562,Reduced virulence,,,
PHIG:7524,I1RC73,,5518,Fusarium graminearum,229533,PH-1,strain,FgSR+ (wild type) [Wild type product level],,,4565,Triticum aestivum,,cv. Jimai 22,none,,PHIPO:0000233,,BTO:0000668,Substance quantification evidence,interspecies interaction,30874562,,,,
PHIG:7524,I1RC73,,5518,Fusarium graminearum,229533,PH-1,strain,FgSRdelta (deletion),,,4565,Triticum aestivum,,cv. Jimai 22,none,,PHIPO:0000219,,BTO:0000668,Substance quantification evidence,interspecies interaction,30874562,Reduced virulence,,,
PHIG:7524,I1RC73,,5518,Fusarium graminearum,229533,PH-1,strain,FgSR+ (wild type) [Wild type product level],,,4565,Triticum aestivum,,cv. Jimai 22,none,,,PHIDO:0000163,BTO:0002119,,interspecies interaction,30874562,,,,
PHIG:10399,Q5ALV2,,5476,Candida albicans,237561,SN152,strain,Sla1delta (deletion),,,10090,Mus musculus,,C57BL/6,none,,PHIPO:0001068,,BTO:0001489,Macroscopic observation (qualitative observation),interspecies interaction,39464835,Reduced virulence,,,
PHIG:10399,Q5ALV2,,5476,Candida albicans,237561,SN152,strain,Sla1+ (wild type) [Wild type product level],,,10090,Mus musculus,,C57BL/6,none,,PHIPO:0001069,,BTO:0001489,Macroscopic observation (qualitative observation),interspecies interaction,39464835,,,,
PHIG:10399,Q5ALV2,,5476,Candida albicans,237561,,strain,,Q59X67,,5476,Candida albicans,237561,,strain,,,,,Co-purification,protein-protein interaction,39464835,,,,
PHIG:10399,Q5ALV2,,5476,Candida albicans,237561,,strain,,Q59X67,,5476,Candida albicans,237561,,strain,,,,,Co-purification,protein-protein interaction,39464835,,,,
PHIG:5984,Q59X67,,5476,Candida albicans,237561,SN152,strain,Efg1delta (deletion),,,10090,Mus musculus,,C57BL/6,none,,PHIPO:0001068,,BTO:0001489,Macroscopic observation (qualitative observation),interspecies interaction,39464835,Reduced virulence,,,
PHIG:5984,Q59X67,,5476,Candida albicans,237561,SN152,strain,Efg1delta (deletion),,,10090,Mus musculus,,C57BL/6,none,,PHIPO:0001068,,BTO:0001489,Macroscopic observation (qualitative observation),interspecies interaction,39464835,Reduced virulence,,,
PHIG:10399,Q5ALV2,,5476,Candida albicans,237561,SN152,strain,Sla1+ (wild type) [Wild type product level],,,10090,Mus musculus,,C57BL/6,none,,,PHIDO:0000071,,,interspecies interaction,39464835,,,,
PHIG:10475,A0A1D9Q4E6,,,Sclerotinia sclerotiorum,,1980,species,Lae1delta (deletion),,,4100,Nicotiana benthamiana,,Unknown strain,none,,PHIPO:0000365,,BTO:0000713,Macroscopic observation (qualitative observation),interspecies interaction,41295166,Reduced virulence,,,
PHIG:10475,A0A1D9Q4E6,,,Sclerotinia sclerotiorum,,1980,species,Lae1+ (wild type) [Wild type product level],,,4100,Nicotiana benthamiana,,Unknown strain,none,,PHIPO:0000951,,BTO:0000713,Macroscopic observation (qualitative observation),interspecies interaction,41295166,,,,
PHIG:10475,A0A1D9Q4E6,,,Sclerotinia sclerotiorum,,1980,species,Lae1delta (deletion),,,3702,Arabidopsis thaliana,,ecotype Columbia-0,none,,PHIPO:0000365,,BTO:0000713,Macroscopic observation (qualitative observation),interspecies interaction,41295166,Reduced virulence,,,
PHIG:10475,A0A1D9Q4E6,,,Sclerotinia sclerotiorum,,1980,species,Lae1+ (wild type) [Wild type product level],,,3702,Arabidopsis thaliana,,ecotype Columbia-0,none,,PHIPO:0000951,,BTO:0000713,Macroscopic observation (qualitative observation),interspecies interaction,41295166,,,,
PHIG:10479,A0A1D9QGD1,,,Sclerotinia sclerotiorum,,1980,species,Vel1delta (deletion),,,4100,Nicotiana benthamiana,,Unknown strain,none,,PHIPO:0000365,,BTO:0000713,Macroscopic observation (qualitative observation),interspecies interaction,41295166,Reduced virulence,,,
PHIG:10479,A0A1D9QGD1,,,Sclerotinia sclerotiorum,,1980,species,Vel1+ (wild type) [Wild type product level],,,4100,Nicotiana benthamiana,,Unknown strain,none,,PHIPO:0000951,,BTO:0000713,Macroscopic observation (qualitative observation),interspecies interaction,41295166,,,,
PHIG:10479,A0A1D9QGD1,,,Sclerotinia sclerotiorum,,1980,species,Vel1delta (deletion),,,3702,Arabidopsis thaliana,,ecotype Columbia-0,none,,PHIPO:0000365,,BTO:0000713,Macroscopic observation (qualitative observation),interspecies interaction,41295166,Reduced virulence,,,
PHIG:10479,A0A1D9QGD1,,,Sclerotinia sclerotiorum,,1980,species,Vel1+ (wild type) [Wild type product level],,,3702,Arabidopsis thaliana,,ecotype Columbia-0,none,,PHIPO:0000951,,BTO:0000713,Macroscopic observation (qualitative observation),interspecies interaction,41295166,,,,
PHIG:9054,G4MQT2,,318829,Magnaporthe oryzae,242507,Guy11,strain,Nle1+ (wild type) [Wild type product level],,,4530,Oryza sativa,,cv. CO39,none,,,PHIDO:0000315,,,interspecies interaction,38519521,,,,
PHIG:9054,G4MQT2,,318829,Magnaporthe oryzae,242507,Guy11,strain,Nle1delta (deletion),,,4530,Oryza sativa,,cv. CO39,none,,PHIPO:0000365,,BTO:0000713,Macroscopic observation (quantitative observation),interspecies interaction,38519521,Reduced virulence,,,
PHIG:9054,G4MQT2,,318829,Magnaporthe oryzae,242507,Guy11,strain,Nle1delta+Nle1 transformant(complement by re-introducing the wild-type allele at an ectopic locus) (transformant) [Ectopic],,,4530,Oryza sativa,,cv. CO39,none,,PHIPO:0000951,,BTO:0000713,Macroscopic observation (quantitative observation),interspecies interaction,38519521,Unaffected pathogenicity,,,
PHIG:9054,G4MQT2,,318829,Magnaporthe oryzae,242507,Guy11,strain,Ubip:MoNle1-HA transformant(NLE1 (Guy11 strain) with an ubiquitin promoter and a C-terminal HA tag) (transformant) [Overexpression],,,4530,Oryza sativa,,cv. CO39,none,,PHIPO:0000368,,BTO:0000713,Macroscopic observation (qualitative observation),interspecies interaction,38519521,Increased virulence,,,
PHIG:9054,G4MQT2,,318829,Magnaporthe oryzae,242507,Guy11,strain,Ubip:MoNle1-HA transformant(NLE1 (Guy11 strain) with an ubiquitin promoter and a C-terminal HA tag) (transformant) [Overexpression],,,4530,Oryza sativa,,cv. CO39,none,,PHIPO:0001155,,,Substance quantification evidence,interspecies interaction,38519521,,,,
PHIG:9054,G4MQT2,,318829,Magnaporthe oryzae,242507,Guy11,strain,Ubip:MoNle1-HA transformant(NLE1 (Guy11 strain) with an ubiquitin promoter and a C-terminal HA tag) (transformant) [Overexpression],,,4530,Oryza sativa,,cv. CO39,none,,PHIPO:0001155,,,Substance quantification evidence,interspecies interaction,38519521,,,,
PHIG:9054,G4MQT2,,318829,Magnaporthe oryzae,242507,,strain,,Q651M2,,4530,Oryza sativa,39947,,strain,,,,,Two-hybrid,protein-protein interaction,38519521,,,,
PHIG:9054,G4MQT2,,318829,Magnaporthe oryzae,242507,Guy11,strain,Nle1+ (wild type) [Wild type product level],,,4530,Oryza sativa,,cv. CO39,none,,PHIPO:0000365,,BTO:0000713,Macroscopic observation (quantitative observation),interspecies interaction,38519521,,,,
PHIG:9054,G4MQT2,,318829,Magnaporthe oryzae,242507,,strain,,Q651M2,,4530,Oryza sativa,39947,,strain,,,,,Affinity Capture-Western,protein-protein interaction,38519521,,,,
PHIG:9054,G4MQT2,,318829,Magnaporthe oryzae,242507,,strain,,Q651M2,,4530,Oryza sativa,39947,,strain,,,,,Co-purification,protein-protein interaction,38519521,,,,
PHIG:9054,G4MQT2,,318829,Magnaporthe oryzae,242507,RB22,strain,Nle1+ (wild type) [Wild type product level],Q651M2,,4530,Oryza sativa,39947,cv. Nipponbare,strain,PUX8B.2-HA-OE transformant(overexpression HA tagged protein) (transformant) [Ectopic],PHIPO:0000365,,BTO:0000713,Macroscopic observation (quantitative observation),interspecies interaction,38519521,,,,
PHIG:9054,G4MQT2,,318829,Magnaporthe oryzae,242507,RB22,strain,Nle1+ (wild type) [Wild type product level],Q651M2,,4530,Oryza sativa,39947,cv. Nipponbare,strain,PUX8B.2+ (wild type) [Wild type product level],PHIPO:0000954,,BTO:0000713,Macroscopic observation (quantitative observation),interspecies interaction,38519521,,,,
PHIG:9054,G4MQT2,,318829,Magnaporthe oryzae,242507,RB22,strain,Nle1+ (wild type) [Wild type product level],Q652B7,,,Oryza sativa,,cv. Nipponbare,species,PUX8B.1+ (wild type) [Wild type product level],PHIPO:0000954,,BTO:0000713,Macroscopic observation (quantitative observation),interspecies interaction,38519521,,,,
PHIG:9054,G4MQT2,,318829,Magnaporthe oryzae,242507,RB22,strain,Nle1+ (wild type) [Wild type product level],Q652B7,,,Oryza sativa,,cv. Nipponbare,species,PUX8B.1-HA-OE transformant(overexpression HA tagged protein) (transformant) [Ectopic],PHIPO:0000368,,BTO:0000713,Macroscopic observation (quantitative observation),interspecies interaction,38519521,,,,
PHIG:9146,Q651M2,,4530,Oryza sativa,39947,,strain,,A0A0P0WBY5,,4530,Oryza sativa,39947,,strain,,,,,Two-hybrid,protein-protein interaction,38519521,,,,
PHIG:9146,Q651M2,,4530,Oryza sativa,39947,,strain,,Q69RC4,,4530,Oryza sativa,39947,,strain,,,,,Two-hybrid,protein-protein interaction,38519521,,,,
PHIG:9146,Q651M2,,4530,Oryza sativa,39947,,strain,,Q7XPR1,,4530,Oryza sativa,39947,,strain,,,,,Two-hybrid,protein-protein interaction,38519521,,,,
PHIG:9146,Q651M2,,4530,Oryza sativa,39947,,strain,,Q6Z1D5,,4530,Oryza sativa,39947,,strain,,,,,Two-hybrid,protein-protein interaction,38519521,,,,
PHIG:9054,G4MQT2,,318829,Magnaporthe oryzae,242507,RB22,strain,Nle1+ (wild type) [Wild type product level],A0A0P0WBY5,,4530,Oryza sativa,39947,cv. Nipponbare,strain,Cdc48-6+ (wild type) [Wild type product level],PHIPO:0000954,,BTO:0000713,Macroscopic observation (quantitative observation),interspecies interaction,38519521,,,,
PHIG:9054,G4MQT2,,318829,Magnaporthe oryzae,242507,RB22,strain,Nle1+ (wild type) [Wild type product level],A0A0P0WBY5,,4530,Oryza sativa,39947,cv. Nipponbare,strain,Cdc48-6-HA-OE transformant(overexpression HA tagged protein) (transformant) [Ectopic],PHIPO:0000365,,BTO:0000713,Macroscopic observation (quantitative observation),interspecies interaction,38519521,,,,
PHIG:9146,Q651M2,,4530,Oryza sativa,39947,,strain,,Q5JLZ9,,4530,Oryza sativa,39947,,strain,,,,,Co-purification,protein-protein interaction,38519521,,,,
PHIG:9054,G4MQT2,,318829,Magnaporthe oryzae,242507,RB22,strain,Nle1+ (wild type) [Wild type product level],Q5JLZ9,,4530,Oryza sativa,39947,cv. Nipponbare,strain,BHT+ (wild type) [Wild type product level],PHIPO:0000954,,BTO:0000713,Macroscopic observation (quantitative observation),interspecies interaction,38519521,,,,
PHIG:9054,G4MQT2,,318829,Magnaporthe oryzae,242507,RB22,strain,Nle1+ (wild type) [Wild type product level],Q5JLZ9,,4530,Oryza sativa,39947,cv. Nipponbare,strain,BHTdelta (deletion),PHIPO:0000365,,BTO:0000713,Macroscopic observation (quantitative observation),interspecies interaction,38519521,,,,
PHIG:9054,G4MQT2,,318829,Magnaporthe oryzae,242507,RB22,strain,Nle1+ (wild type) [Wild type product level],Q5JLZ9,,4530,Oryza sativa,39947,cv. Nipponbare,strain,BHT-GFP-OE transformant(overexpression GFP fusion protein) (transformant) [Ectopic],PHIPO:0000368,,BTO:0000713,Macroscopic observation (quantitative observation),interspecies interaction,38519521,,,,
PHIG:11,I1RAE5,,5518,Fusarium graminearum,229533,PH-1,strain,FgSch9+ (wild type) [Wild type product level],,,4565,Triticum aestivum,,cv. Zimai 22,none,,PHIPO:0000480,,BTO:0002119,Macroscopic observation (qualitative observation),interspecies interaction,24903410,,,,
PHIG:11,I1RAE5,,5518,Fusarium graminearum,229533,PH-1,strain,FgSch9delta (deletion),,,4565,Triticum aestivum,,cv. Zimai 22,none,,PHIPO:0000985,,BTO:0002119,Macroscopic observation (qualitative observation),interspecies interaction,24903410,Reduced virulence,,,
PHIG:11,I1RAE5,,5518,Fusarium graminearum,229533,PH-1,strain,FgSch9+ (wild type) [Wild type product level],,,4565,Triticum aestivum,,cv. Zimai 22,none,,PHIPO:0000233,,BTO:0000668,Macroscopic observation (qualitative observation),interspecies interaction,24903410,,,,
PHIG:11,I1RAE5,,5518,Fusarium graminearum,229533,PH-1,strain,FgSch9delta (deletion),,,4565,Triticum aestivum,,cv. Zimai 22,none,,PHIPO:0000219,,BTO:0000668,Macroscopic observation (qualitative observation),interspecies interaction,24903410,,,,
PHIG:11,I1RAE5,,5518,Fusarium graminearum,229533,PH-1,strain,FgSch9+ (wild type) [Wild type product level],,,4565,Triticum aestivum,,cv. Zimai 22,none,,,PHIDO:0000163,,,interspecies interaction,24903410,,,,
PHIG:8935,I1RRX4,,,Fusarium graminearum,,PH-1,species,Top1+ (wild type) [Wild type product level],,,4565,Triticum aestivum,,cv. Bobwhite,none,,,PHIDO:0000163,,,interspecies interaction,20367465,,,,
PHIG:8935,I1RRX4,,,Fusarium graminearum,,PH-1,species,Top1delta (deletion),,,4565,Triticum aestivum,,cv. Bobwhite,none,,PHIPO:0000365,,BTO:0005985,Macroscopic observation (qualitative observation),interspecies interaction,20367465,Reduced virulence,,,
PHIG:9481,Q1KTF2,,1047171,Zymoseptoria tritici,336722,IPO323,strain,Hog1+ (wild type) [Wild type product level],,,4565,Triticum aestivum,,cv. Obelisk,none,,,PHIDO:0000329,,,interspecies interaction,17073308,,,,
PHIG:9481,Q1KTF2,,1047171,Zymoseptoria tritici,336722,IPO323,strain,Hog1::Hyg (disruption) [Not assayed],,,4565,Triticum aestivum,,cv. Obelisk,none,,PHIPO:0000952,,BTO:0000713,Macroscopic observation (qualitative observation),interspecies interaction,17073308,Loss of pathogenicity,,,
PHIG:9481,Q1KTF2,,1047171,Zymoseptoria tritici,336722,IPO323,strain,Hog1::Hyg (disruption) [Not assayed],,,4565,Triticum aestivum,,cv. Obelisk,none,,PHIPO:0000355,,BTO:0000713,Microscopy,interspecies interaction,17073308,Loss of pathogenicity,,,
PHIG:10489,A0A127ZAE8,,,Sporisorium scitamineum,,MAT-1×MAT-2,species,PAOdelta (deletion),,,4547,Saccharum officinarum,,ROC22,none,,PHIPO:0000365,,BTO:0001228,Macroscopic observation (qualitative observation),interspecies interaction,39235122,Reduced virulence,,,
PHIG:10490,A0A140KM78,,,Sporisorium scitamineum,,MAT-1×MAT-2,species,CuAO1+ (wild type) [Wild type product level],,,4547,Saccharum officinarum,,ROC22,none,,PHIPO:0000951,,BTO:0001228,Macroscopic observation (qualitative observation),interspecies interaction,39235122,,,,
PHIG:10490,A0A140KM78,,,Sporisorium scitamineum,,MAT-1×MAT-2,species,CuAO1delta (deletion),,,4547,Saccharum officinarum,,ROC22,none,,PHIPO:0000952,,BTO:0001228,Macroscopic observation (qualitative observation),interspecies interaction,39235122,Loss of pathogenicity,,,
PHIG:10490,A0A140KM78,,,Sporisorium scitamineum,,MAT-1×MAT-2,species,CuAO1+ (wild type) [Wild type product level],,,4547,Saccharum officinarum,,ROC22,none,,,PHIDO:0000338,,,interspecies interaction,39235122,,,,
PHIG:10489,A0A127ZAE8,,,Sporisorium scitamineum,,MAT-1×MAT-2,species,PAOdelta (deletion),,,4547,Saccharum officinarum,,ROC22,none,,PHIPO:0001192,,,Substance quantification evidence,interspecies interaction,39235122,,,,
PHIG:10490,A0A140KM78,,,Sporisorium scitamineum,,MAT-1×MAT-2,species,CuAO1delta (deletion),,,4547,Saccharum officinarum,,ROC22,none,,PHIPO:0001192,,,Substance quantification evidence,interspecies interaction,39235122,,,,
PHIG:10489,A0A127ZAE8,,,Sporisorium scitamineum,,MAT-1×MAT-2,species,PAOdelta (deletion),,,4547,Saccharum officinarum,,ROC22,none,,PHIPO:0001193,,,Substance quantification evidence,interspecies interaction,39235122,,,,
PHIG:10490,A0A140KM78,,,Sporisorium scitamineum,,MAT-1×MAT-2,species,CuAO1delta (deletion),,,4547,Saccharum officinarum,,ROC22,none,,PHIPO:0001193,,,Substance quantification evidence,interspecies interaction,39235122,,,,
PHIG:11380,E3QBU4,,31870,Colletotrichum graminicola,645133,CgM2,strain,Mas2+ (wild type) [Wild type product level],,,4577,Zea mays,,cv. B73,none,,PHIPO:0000954,,BTO:0000713,Macroscopic observation (quantitative observation),interspecies interaction,41596494,,,,
PHIG:11380,E3QBU4,,31870,Colletotrichum graminicola,645133,CgM2,strain,Mas2delta (deletion),,,4577,Zea mays,,cv. B73,none,,PHIPO:0000365,,BTO:0000713,Macroscopic observation (quantitative observation),interspecies interaction,41596494,Reduced virulence,,,
PHIG:11380,E3QBU4,,31870,Colletotrichum graminicola,645133,CgM2,strain,Mas2delta-Mas2 transformant(complement by re-introducing the wild-type allele at an ectopic locus) (transformant) [Ectopic],,,4577,Zea mays,,cv. B73,none,,PHIPO:0000954,,BTO:0000713,Macroscopic observation (quantitative observation),interspecies interaction,41596494,Unaffected pathogenicity,,,
PHIG:11380,E3QBU4,,31870,Colletotrichum graminicola,645133,CgM2,strain,Mas2+ (wild type) [Wild type product level],,,4577,Zea mays,,cv. B73,none,,PHIPO:0000331,,BTO:0005094,Macroscopic observation (quantitative observation),interspecies interaction,41596494,,,,
PHIG:11380,E3QBU4,,31870,Colletotrichum graminicola,645133,CgM2,strain,Mas2delta (deletion),,,4577,Zea mays,,cv. B73,none,,PHIPO:0000359,,BTO:0005094,Macroscopic observation (quantitative observation),interspecies interaction,41596494,,,,
PHIG:11380,E3QBU4,,31870,Colletotrichum graminicola,645133,CgM2,strain,Mas2+ (wild type) [Wild type product level],,,4577,Zea mays,,cv. B73,none,,PHIPO:0000927,,BTO:0000713,Macroscopic observation (quantitative observation),interspecies interaction,41596494,,,,
PHIG:11380,E3QBU4,,31870,Colletotrichum graminicola,645133,CgM2,strain,Mas2delta (deletion),,,4577,Zea mays,,cv. B73,none,,PHIPO:0001193,,BTO:0000713,Macroscopic observation (quantitative observation),interspecies interaction,41596494,,,,
PHIG:11380,E3QBU4,,31870,Colletotrichum graminicola,645133,CgM2,strain,Mas2delta-Mas2 transformant(complement by re-introducing the wild-type allele at an ectopic locus) (transformant) [Ectopic],,,4577,Zea mays,,cv. B73,none,,PHIPO:0000927,,BTO:0000713,Macroscopic observation (quantitative observation),interspecies interaction,41596494,,,,
PHIG:11380,E3QBU4,,31870,Colletotrichum graminicola,645133,CgM2,strain,Mas2+ (wild type) [Wild type product level],,,4577,Zea mays,,cv. B73,none,,,PHIDO:0000504,,,interspecies interaction,41596494,,,,
PHIG:790,Q00363,,5499,Passalora fulva,,Unknown strain,species,Avr4+ (wild type) [Wild type product level],O50025,,62890,Solanum habrochaites,,LA2190,species,Cf-4+ (wild type) [Wild type product level],PHIPO:0000192,,BTO:0000713,Macroscopic observation (qualitative observation),gene-for-gene interaction,16167771,,,,
PHIG:9161,P22287,,5499,Passalora fulva,,Unknown strain,species,Avr9+ (wild type) [Wild type product level],Q40235,,4084,Solanum pimpinellifolium,,LA2155,species,Cf-9+ (wild type) [Wild type product level],PHIPO:0000192,,BTO:0000713,Macroscopic observation (qualitative observation),gene-for-gene interaction,16167771,,,,
PHIG:790,Q00363,,5499,Passalora fulva,,Unknown strain,species,Avr4+ (wild type) [Wild type product level],Q40235,,4084,Solanum pimpinellifolium,,LA2155,species,Cf-9+ (wild type) [Wild type product level],PHIPO:0000182,,BTO:0000713,Macroscopic observation (qualitative observation),gene-for-gene interaction,16167771,,,,
PHIG:9161,P22287,,5499,Passalora fulva,,Unknown strain,species,Avr9+ (wild type) [Wild type product level],O50025,,62890,Solanum habrochaites,,LA2190,species,Cf-4+ (wild type) [Wild type product level],PHIPO:0000182,,BTO:0000713,Macroscopic observation (qualitative observation),gene-for-gene interaction,16167771,,,,
PHIG:790,Q00363,,5499,Passalora fulva,,Unknown strain,species,Avr4+ (wild type) [Wild type product level],Q40235,,4084,Solanum pimpinellifolium,,LA2155,species,Cf-9+ (wild type) [Wild type product level],,PHIDO:0000365,,,interspecies interaction,16167771,,,,
PHIG:303,Q4WZA8,,746128,Aspergillus fumigatus,330879,A1160,strain,pksPdelta (deletion),,,9606,Homo sapiens,,Unknown strain,none,,PHIPO:0001104,,BTO:0002042,Quantitative PCR,interspecies interaction,28720735,Reduced virulence,,,
PHIG:303,Q4WZA8,,746128,Aspergillus fumigatus,330879,A1160,strain,pksPdelta (deletion),,,9606,Homo sapiens,,Unknown strain,none,,PHIPO:0001104,,BTO:0002042,Quantitative PCR,interspecies interaction,28720735,Reduced virulence,,,
PHIG:301,Q4X1W0,,746128,Aspergillus fumigatus,330879,A1160,strain,pptAdelta (deletion),,,9606,Homo sapiens,,Unknown strain,none,,PHIPO:0001104,,BTO:0002042,Quantitative PCR,interspecies interaction,28720735,Reduced virulence,,,
PHIG:301,Q4X1W0,,746128,Aspergillus fumigatus,330879,A1160,strain,pptAdelta (deletion),,,9606,Homo sapiens,,Unknown strain,none,,PHIPO:0001104,,BTO:0002042,Quantitative PCR,interspecies interaction,28720735,Reduced virulence,,,
PHIG:301,Q4X1W0,,746128,Aspergillus fumigatus,330879,A1160,strain,pptAdelta (deletion),,,10090,Mus musculus,,RAW 264.7 cell line,none,,PHIPO:0001113,,BTO:0000152,Microscopy,interspecies interaction,28720735,Reduced virulence,,,
PHIG:303,Q4WZA8,,746128,Aspergillus fumigatus,330879,A1160,strain,pksPdelta (deletion),,,10090,Mus musculus,,RAW 264.7 cell line,none,,PHIPO:0001113,,BTO:0000152,Microscopy,interspecies interaction,28720735,Reduced virulence,,,
PHIG:301,Q4X1W0,,746128,Aspergillus fumigatus,330879,A1160,strain,pptAdelta (deletion),,,7137,Galleria mellonella,,Unknown strain,none,,PHIPO:0001068,,BTO:0000707,Macroscopic observation (quantitative observation),interspecies interaction,28720735,Loss of pathogenicity,,,
PHIG:306,E9QYP0,,746128,Aspergillus fumigatus,330879,A1160,strain,sidAdelta (deletion),,,7137,Galleria mellonella,,Unknown strain,none,,PHIPO:0001068,,BTO:0000707,Macroscopic observation (quantitative observation),interspecies interaction,28720735,Loss of pathogenicity,,,
PHIG:303,Q4WZA8,,746128,Aspergillus fumigatus,330879,A1160,strain,pksPdelta (deletion),,,7137,Galleria mellonella,,Unknown strain,none,,PHIPO:0001069,,BTO:0000707,Macroscopic observation (quantitative observation),interspecies interaction,28720735,Unaffected pathogenicity,,,
PHIG:304,B0Y6V5,,746128,Aspergillus fumigatus,451804,A1160,strain,aarAdelta (deletion),,,7137,Galleria mellonella,,Unknown strain,none,,PHIPO:0001069,,BTO:0000707,Macroscopic observation (quantitative observation),interspecies interaction,28720735,Unaffected pathogenicity,,,
PHIG:301,Q4X1W0,,746128,Aspergillus fumigatus,330879,A1160,strain,pptAdelta (deletion),,,7137,Galleria mellonella,,Unknown strain,none,,PHIPO:0001069,,BTO:0000707,Macroscopic observation (quantitative observation),interspecies interaction,28720735,,,,
PHIG:306,E9QYP0,,746128,Aspergillus fumigatus,330879,A1160,strain,sidAdelta (deletion),,,7137,Galleria mellonella,,Unknown strain,none,,PHIPO:0001069,,BTO:0000707,Macroscopic observation (quantitative observation),interspecies interaction,28720735,,,,
PHIG:301,Q4X1W0,,746128,Aspergillus fumigatus,330879,A1160,strain,pptAdelta (deletion),,,10090,Mus musculus,,CD-1,none,,PHIPO:0001068,,BTO:0001653,Macroscopic observation (quantitative observation),interspecies interaction,28720735,Loss of pathogenicity,,,
PHIG:301,Q4X1W0,,746128,Aspergillus fumigatus,330879,A1160,strain,pptAdelta (deletion),,,10090,Mus musculus,,CD-1,none,,PHIPO:0001068,,BTO:0001653,Macroscopic observation (quantitative observation),interspecies interaction,28720735,Reduced virulence,,,
PHIG:301,Q4X1W0,,746128,Aspergillus fumigatus,330879,A1160,strain,pptAdelta (deletion),,,10090,Mus musculus,,CD-1,none,,PHIPO:0000363,,BTO:0001653,Macroscopic observation (qualitative observation),interspecies interaction,28720735,Reduced virulence,,,
PHIG:301,Q4X1W0,,746128,Aspergillus fumigatus,330879,A1160,strain,pptA+ (wild type) [Wild type product level],,,10090,Mus musculus,,RAW 264.7 cell line,none,,PHIPO:0001233,,BTO:0000152,Microscopy,interspecies interaction,28720735,,,,
PHIG:303,Q4WZA8,,746128,Aspergillus fumigatus,330879,A1160,strain,pksP+ (wild type) [Wild type product level],,,10090,Mus musculus,,RAW 264.7 cell line,none,,PHIPO:0001233,,BTO:0000152,Microscopy,interspecies interaction,28720735,,,,
PHIG:301,Q4X1W0,,746128,Aspergillus fumigatus,330879,A1160,strain,pptA+ (wild type) [Wild type product level],,,7137,Galleria mellonella,,Unknown strain,none,,PHIPO:0001069,,BTO:0000707,Macroscopic observation (quantitative observation),interspecies interaction,28720735,,,,
PHIG:303,Q4WZA8,,746128,Aspergillus fumigatus,330879,A1160,strain,pksP+ (wild type) [Wild type product level],,,7137,Galleria mellonella,,Unknown strain,none,,PHIPO:0001069,,BTO:0000707,Macroscopic observation (quantitative observation),interspecies interaction,28720735,,,,
PHIG:306,E9QYP0,,746128,Aspergillus fumigatus,330879,A1160,strain,sidA+ (wild type) [Wild type product level],,,7137,Galleria mellonella,,Unknown strain,none,,PHIPO:0001069,,BTO:0000707,Macroscopic observation (quantitative observation),interspecies interaction,28720735,,,,
PHIG:304,B0Y6V5,,746128,Aspergillus fumigatus,451804,A1160,strain,aarA+ (wild type) [Wild type product level],,,7137,Galleria mellonella,,Unknown strain,none,,PHIPO:0001069,,BTO:0000707,Macroscopic observation (quantitative observation),interspecies interaction,28720735,,,,
PHIG:303,Q4WZA8,,746128,Aspergillus fumigatus,330879,A1160,strain,pksP+ (wild type) [Wild type product level],,,9606,Homo sapiens,,Unknown strain,none,,,PHIDO:0000020,,,interspecies interaction,28720735,,,,
PHIG:301,Q4X1W0,,746128,Aspergillus fumigatus,330879,A1160,strain,pptA+ (wild type) [Wild type product level],,,9606,Homo sapiens,,Unknown strain,none,,,PHIDO:0000020,,,interspecies interaction,28720735,,,,
PHIG:301,Q4X1W0,,746128,Aspergillus fumigatus,330879,A1160,strain,pptA+ (wild type) [Wild type product level],,,10090,Mus musculus,,CD-1,none,,PHIPO:0001069,,BTO:0001653,Macroscopic observation (quantitative observation),interspecies interaction,28720735,,,,
PHIG:301,Q4X1W0,,746128,Aspergillus fumigatus,330879,A1160,strain,pptA+ (wild type) [Wild type product level],,,10090,Mus musculus,,CD-1,none,,,PHIDO:0000020,BTO:0001653,,interspecies interaction,28720735,,,,
PHIG:301,Q4X1W0,,746128,Aspergillus fumigatus,330879,A1160,strain,pptA+ (wild type) [Wild type product level],,,10090,Mus musculus,,CD-1,none,,PHIPO:0000954,,BTO:0001653,Macroscopic observation (qualitative observation),interspecies interaction,28720735,,,,
PHIG:301,Q4X1W0,,746128,Aspergillus fumigatus,330879,A1160,strain,pptA+ (wild type) [Wild type product level],,,10090,Mus musculus,,CD-1,none,,PHIPO:0001069,,BTO:0001653,Macroscopic observation (quantitative observation),interspecies interaction,28720735,,,,
PHIG:301,Q4X1W0,,746128,Aspergillus fumigatus,330879,A1160,strain,pptA+ (wild type) [Wild type product level],,,7137,Galleria mellonella,,Unknown strain,none,,PHIPO:0001069,,BTO:0000707,Macroscopic observation (quantitative observation),interspecies interaction,28720735,,,,
PHIG:303,Q4WZA8,,746128,Aspergillus fumigatus,330879,A1160,strain,pksP+ (wild type) [Wild type product level],,,9606,Homo sapiens,,Unknown strain,none,,PHIPO:0001231,,BTO:0002042,Quantitative PCR,interspecies interaction,28720735,,,,
PHIG:303,Q4WZA8,,746128,Aspergillus fumigatus,330879,A1160,strain,pksP+ (wild type) [Wild type product level],,,9606,Homo sapiens,,Unknown strain,none,,PHIPO:0001231,,BTO:0002042,Quantitative PCR,interspecies interaction,28720735,,,,
PHIG:301,Q4X1W0,,746128,Aspergillus fumigatus,330879,A1160,strain,pptA+ (wild type) [Wild type product level],,,9606,Homo sapiens,,Unknown strain,none,,PHIPO:0001231,,BTO:0002042,Quantitative PCR,interspecies interaction,28720735,,,,
PHIG:301,Q4X1W0,,746128,Aspergillus fumigatus,330879,A1160,strain,pptA+ (wild type) [Wild type product level],,,9606,Homo sapiens,,Unknown strain,none,,PHIPO:0001231,,BTO:0002042,Quantitative PCR,interspecies interaction,28720735,,,,
PHIG:10412,A0A0E0S409,,5518,Fusarium graminearum,229533,PH-1,strain,Aec1delta (deletion),,,4565,Triticum aestivum,,SM482,none,,PHIPO:0000365,,BTO:0000268,Macroscopic observation (quantitative observation),interspecies interaction,41174574,Reduced virulence,,,
PHIG:10412,A0A0E0S409,,5518,Fusarium graminearum,229533,PH-1,strain,Aec1+ (wild type) [Wild type product level],,,4565,Triticum aestivum,,SM482,none,,PHIPO:0000951,,BTO:0000268,Macroscopic observation (quantitative observation),interspecies interaction,41174574,,,,
PHIG:10432,I1RWL5,,5518,Fusarium graminearum,229533,PH-1,strain,Aec2delta (deletion),,,4565,Triticum aestivum,,SM482,none,,PHIPO:0000951,,BTO:0000268,Macroscopic observation (qualitative observation),interspecies interaction,41174574,Unaffected pathogenicity,,,
PHIG:10412,A0A0E0S409,,5518,Fusarium graminearum,229533,PH-1,strain,Aec1delta-Aec1 transformant(complement by re-introducing the wild-type allele at an ectopic locus) (transformant) [Ectopic],,,4565,Triticum aestivum,,SM482,none,,PHIPO:0000951,,BTO:0001278,Macroscopic observation (quantitative observation),interspecies interaction,41174574,Unaffected pathogenicity,,,
PHIG:10412,A0A0E0S409,,5518,Fusarium graminearum,229533,PH-1,strain,Aec1+ (wild type) [Wild type product level],,,4565,Triticum aestivum,,SM482,none,,,PHIDO:0000162,,,interspecies interaction,41174574,,,,
PHIG:10412,A0A0E0S409,,5518,Fusarium graminearum,229533,PH-1,strain,Aec1delta (deletion),,,4565,Triticum aestivum,,SM482,none,,PHIPO:0000365,,BTO:0000713,Macroscopic observation (quantitative observation),interspecies interaction,41174574,Reduced virulence,,,
PHIG:10412,A0A0E0S409,,5518,Fusarium graminearum,229533,PH-1,strain,Aec1+ (wild type) [Wild type product level],,,4565,Triticum aestivum,,SM482,none,,PHIPO:0000951,,BTO:0000713,Macroscopic observation (quantitative observation),interspecies interaction,41174574,,,,
PHIG:10432,I1RWL5,,5518,Fusarium graminearum,229533,PH-1,strain,Aec2delta (deletion),,,4565,Triticum aestivum,,SM482,none,,PHIPO:0000951,,BTO:0000713,Macroscopic observation (quantitative observation),interspecies interaction,41174574,Unaffected pathogenicity,,,
PHIG:10412,A0A0E0S409,,5518,Fusarium graminearum,229533,PH-1,strain,Aec1+ (wild type) [Wild type product level],,,4565,Triticum aestivum,,SM482,none,,PHIPO:0000951,,BTO:0001278,Macroscopic observation (quantitative observation),interspecies interaction,41174574,,,,
PHIG:10412,A0A0E0S409,,5518,Fusarium graminearum,229533,PH-1,strain,Aec1delta (deletion),,,4565,Triticum aestivum,,SM482,none,,PHIPO:0000365,,BTO:0001278,Macroscopic observation (quantitative observation),interspecies interaction,41174574,Reduced virulence,,,
PHIG:10432,I1RWL5,,5518,Fusarium graminearum,229533,PH-1,strain,Aec2delta (deletion),,,4565,Triticum aestivum,,SM482,none,,PHIPO:0000951,,BTO:0001278,Macroscopic observation (quantitative observation),interspecies interaction,41174574,Unaffected pathogenicity,,,
PHIG:10413,A0A1C3YJ47,,5518,Fusarium graminearum,229533,PH-1,strain,Nit2delta (deletion),,,4565,Triticum aestivum,,SM482,none,,PHIPO:0000365,,BTO:0001278,Macroscopic observation (quantitative observation),interspecies interaction,41174574,Reduced virulence,,,
PHIG:8963,I1S329,,5518,Fusarium graminearum,229533,PH-1,strain,Fg12delta (deletion),,,3847,Glycine max,,Hefeng 47,none,,PHIPO:0000365,,BTO:0000613,Macroscopic observation (qualitative observation),interspecies interaction,32725938,Reduced virulence,,,
PHIG:8963,I1S329,,5518,Fusarium graminearum,229533,PH-1,strain,Fg12delta+Fg12 transformant(complement by re-introducing the wild-type allele at an ectopic locus) (transformant) [Ectopic],,,3847,Glycine max,,Hefeng 47,none,,PHIPO:0000951,,BTO:0000613,Macroscopic observation (qualitative observation),interspecies interaction,32725938,Unaffected pathogenicity,,,
PHIG:8963,I1S329,,5518,Fusarium graminearum,229533,PH-1,strain,Fg12+ (wild type) [Wild type product level],,,3847,Glycine max,,Hefeng 47,none,,PHIPO:0000951,,BTO:0000613,Macroscopic observation (qualitative observation),interspecies interaction,32725938,Unaffected pathogenicity,,,
PHIG:8963,I1S329,,5518,Fusarium graminearum,229533,PH-1,strain,Fg12+ (wild type) [Wild type product level],,,3847,Glycine max,,Hefeng 47,none,,,PHIDO:0000164,,,interspecies interaction,32725938,,,,
PHIG:8963,I1S329,,5518,Fusarium graminearum,229533,PH-1,strain,Fg12+ (wild type) [Ectopic],,,4100,Nicotiana benthamiana,,Unknown strain,none,,PHIPO:0000477,,BTO:0000713,Macroscopic observation (qualitative observation),interspecies interaction,32725938,,,,
PHIG:8963,I1S329,,5518,Fusarium graminearum,229533,PH-1,strain,Fg12deltasp(deletion of the signal peptide) (partial amino acid deletion) [Ectopic],,,4100,Nicotiana benthamiana,,Unknown strain,none,,PHIPO:0000465,,BTO:0000713,Macroscopic observation (qualitative observation),interspecies interaction,32725938,,,,
PHIG:8963,I1S329,,5518,Fusarium graminearum,229533,PH-1,strain,"Fg12‐5A(Y64A, H66A, E84A, R102A, H117A) (nucleotide mutation) [Ectopic]",,,4100,Nicotiana benthamiana,,Unknown strain,none,,PHIPO:0000465,,BTO:0000713,Macroscopic observation (qualitative observation),interspecies interaction,32725938,,,,
PHIG:11280,A0A194VUR5,,,Cytospora mali,,Unknown strain,species,Hrp1+ (wild type) [Ectopic],,,4100,Nicotiana benthamiana,,Unknown strain,none,,PHIPO:0000477,,BTO:0000713,Macroscopic observation (qualitative observation),interspecies interaction,40758818,,,,
PHIG:11280,A0A194VUR5,,,Cytospora mali,,Unknown strain,species,HrpdeltaSP(deletion of the signal peptide) (partial amino acid deletion) [Ectopic],,,4100,Nicotiana benthamiana,,Unknown strain,none,,PHIPO:0000465,,BTO:0000713,Macroscopic observation (qualitative observation),interspecies interaction,40758818,,,,
PHIG:11280,A0A194VUR5,,,Cytospora mali,,Unknown strain,species,Hrp1(128-140) (partial amino acid deletion) [Ectopic],,,4100,Nicotiana benthamiana,,Unknown strain,none,,PHIPO:0000477,,BTO:0000713,Macroscopic observation (qualitative observation),interspecies interaction,40758818,,,,
PHIG:11280,A0A194VUR5,,,Cytospora mali,,Unknown strain,species,Hrp1(110-140) (partial amino acid deletion) [Ectopic],,,4100,Nicotiana benthamiana,,Unknown strain,none,,PHIPO:0000465,,BTO:0000713,Macroscopic observation (qualitative observation),interspecies interaction,40758818,,,,
PHIG:11280,A0A194VUR5,,,Cytospora mali,,Unknown strain,species,"Hrp1(18-110, 110-140) (partial amino acid deletion) [Ectopic]",,,4100,Nicotiana benthamiana,,Unknown strain,none,,PHIPO:0000465,,BTO:0000713,Macroscopic observation (qualitative observation),interspecies interaction,40758818,,,,
PHIG:11280,A0A194VUR5,,,Cytospora mali,,Unknown strain,species,Hrp1(C32A) (amino acid mutation) [Ectopic],,,4100,Nicotiana benthamiana,,Unknown strain,none,,PHIPO:0000465,,BTO:0000713,Macroscopic observation (qualitative observation),interspecies interaction,40758818,,,,
PHIG:11280,A0A194VUR5,,,Cytospora mali,,Unknown strain,species,Hrp1(C58A) (amino acid mutation) [Ectopic],,,4100,Nicotiana benthamiana,,Unknown strain,none,,PHIPO:0000477,,BTO:0000713,Macroscopic observation (qualitative observation),interspecies interaction,40758818,,,,
PHIG:11280,A0A194VUR5,,,Cytospora mali,,Unknown strain,species,Hrp1(C76A) (amino acid mutation) [Ectopic],,,4100,Nicotiana benthamiana,,Unknown strain,none,,PHIPO:0000477,,BTO:0000713,Macroscopic observation (qualitative observation),interspecies interaction,40758818,,,,
PHIG:11280,A0A194VUR5,,,Cytospora mali,,Unknown strain,species,Hrp1(C32A) (amino acid mutation) [Ectopic],,,4100,Nicotiana benthamiana,,Unknown strain,none,,PHIPO:0000477,,BTO:0000713,Macroscopic observation (qualitative observation),interspecies interaction,40758818,,,,
PHIG:11280,A0A194VUR5,,,Cytospora mali,,Unknown strain,species,Hrp1(C39A) (amino acid mutation) [Ectopic],,,4100,Nicotiana benthamiana,,Unknown strain,none,,PHIPO:0000465,,BTO:0000713,Macroscopic observation (qualitative observation),interspecies interaction,40758818,,,,
PHIG:11280,A0A194VUR5,,,Cytospora mali,,Unknown strain,species,Hrp1+ (wild type) [Ectopic],,,4100,Nicotiana benthamiana,,Unknown strain,none,,PHIPO:0000927,,BTO:0000713,Substance quantification evidence,interspecies interaction,40758818,,,,
PHIG:11280,A0A194VUR5,,,Cytospora mali,,Unknown strain,species,Hrp1+ (wild type) [Ectopic],,,4100,Nicotiana benthamiana,,Unknown strain,none,,PHIPO:0001083,,BTO:0000713,Substance quantification evidence,interspecies interaction,40758818,,,,
PHIG:11280,A0A194VUR5,,,Cytospora mali,,Unknown strain,species,Hrp1delta (deletion),,,3750,Malus domestica,,Unknown strain,none,,PHIPO:0000954,,BTO:0001411,Macroscopic observation (quantitative observation),interspecies interaction,40758818,Unaffected pathogenicity,,,
PHIG:11280,A0A194VUR5,,,Cytospora mali,,Unknown strain,species,Hrp1+ (wild type) [Ectopic],A0A0H3U2A6,,4100,Nicotiana benthamiana,,Unknown strain,species,TRV2:SOBIR1 (disruption) [Knockdown],PHIPO:0000465,,BTO:0000713,Macroscopic observation (qualitative observation),interspecies interaction,40758818,,,,
PHIG:11280,A0A194VUR5,,,Cytospora mali,,Unknown strain,species,Hrp1+ (wild type) [Ectopic],A0A0H3U2A6,,4100,Nicotiana benthamiana,,Unknown strain,species,TRV2:SOBIR1 (disruption) [Knockdown],PHIPO:0001192,,BTO:0000713,Substance quantification evidence,interspecies interaction,40758818,,,,
PHIG:11280,A0A194VUR5,,,Cytospora mali,,Unknown strain,species,Hrp1+ (wild type) [Ectopic],E3VXE6,,4100,Nicotiana benthamiana,,Unknown strain,species,TRV2:SERK3 (disruption) [Knockdown],PHIPO:0000465,,BTO:0000713,Macroscopic observation (qualitative observation),interspecies interaction,40758818,,,,
PHIG:11280,A0A194VUR5,,,Cytospora mali,,Unknown strain,species,Hrp1+ (wild type) [Ectopic],E3VXE6,,4100,Nicotiana benthamiana,,Unknown strain,species,TRV2:SERK3 (disruption) [Knockdown],PHIPO:0001192,,BTO:0000713,Substance quantification evidence,interspecies interaction,40758818,,,,
PHIG:11280,A0A194VUR5,,,Cytospora mali,,Unknown strain,species,Hrp1+ (wild type) [Ectopic],,,3750,Malus domestica,,Unknown strain,none,,,PHIDO:0000435,,,interspecies interaction,40758818,,,,
PHIG:10458,G4N8H6,,318829,Magnaporthe oryzae,242507,Guy11,strain,Sur2delta (deletion),,,4530,Oryza sativa,,CO39,none,,PHIPO:0000365,,BTO:0000713,Macroscopic observation (qualitative observation),interspecies interaction,41123234,Loss of pathogenicity,,,
PHIG:10458,G4N8H6,,318829,Magnaporthe oryzae,242507,Guy11,strain,Sur2+ (wild type) [Wild type product level],,,4530,Oryza sativa,,CO39,none,,PHIPO:0000951,,BTO:0000713,Macroscopic observation (qualitative observation),interspecies interaction,41123234,,,,
PHIG:10458,G4N8H6,,318829,Magnaporthe oryzae,242507,Guy11,strain,Sur2delta-Sur2 transformant(complement by re-introducing the wild-type allele at an ectopic locus) (transformant) [Ectopic],,,4530,Oryza sativa,,CO39,none,,PHIPO:0000951,,BTO:0000713,Macroscopic observation (qualitative observation),interspecies interaction,41123234,Unaffected pathogenicity,,,
PHIG:10458,G4N8H6,,318829,Magnaporthe oryzae,242507,Guy11,strain,Sur2delta (deletion),,,4513,Hordeum vulgare,,no strain,none,,PHIPO:0000365,,BTO:0000713,Macroscopic observation (qualitative observation),interspecies interaction,41123234,Loss of pathogenicity,,,
PHIG:10458,G4N8H6,,318829,Magnaporthe oryzae,242507,Guy11,strain,Sur2+ (wild type) [Wild type product level],,,4513,Hordeum vulgare,,no strain,none,,PHIPO:0000951,,BTO:0000713,Macroscopic observation (qualitative observation),interspecies interaction,41123234,,,,
PHIG:10458,G4N8H6,,318829,Magnaporthe oryzae,242507,Guy11,strain,Sur2delta-Sur2 transformant(complement by re-introducing the wild-type allele at an ectopic locus) (transformant) [Ectopic],,,4513,Hordeum vulgare,,no strain,none,,PHIPO:0000951,,BTO:0000713,Macroscopic observation (qualitative observation),interspecies interaction,41123234,Unaffected pathogenicity,,,
PHIG:10458,G4N8H6,,318829,Magnaporthe oryzae,242507,Guy11,strain,Sur2+ (wild type) [Wild type product level],,,4530,Oryza sativa,,CO39,none,,,PHIDO:0000315,,,interspecies interaction,41123234,,,,
PHIG:10458,G4N8H6,,318829,Magnaporthe oryzae,242507,,strain,,G4MYW8,,318829,Magnaporthe oryzae,242507,,strain,,,,,Affinity Capture-Western,protein-protein interaction,41123234,,,,
PHIG:10458,G4N8H6,,318829,Magnaporthe oryzae,242507,,strain,,G4MYW8,,318829,Magnaporthe oryzae,242507,,strain,,,,,PCA,protein-protein interaction,41123234,,,,
PHIG:10458,G4N8H6,,318829,Magnaporthe oryzae,242507,,strain,,G4NCP1,,318829,Magnaporthe oryzae,242507,,strain,,,,,Affinity Capture-Western,protein-protein interaction,41123234,,,,
PHIG:10458,G4N8H6,,318829,Magnaporthe oryzae,242507,,strain,,G4NCP1,,318829,Magnaporthe oryzae,242507,,strain,,,,,PCA,protein-protein interaction,41123234,,,,
PHIG:11370,Q3BWD6,,,Xanthomonas euvesicatoria,,,species,,O48616,,4081,Solanum lycopersicum,,,species,,,,,Two-hybrid,protein-protein interaction,29377937,,,,
PHIG:11370,Q3BWD6,,,Xanthomonas euvesicatoria,,,species,,O48616,,4081,Solanum lycopersicum,,,species,,,,,PCA,protein-protein interaction,29377937,,,,
PHIG:11370,Q3BWD6,,,Xanthomonas euvesicatoria,,,species,,Q84MI6,,4081,Solanum lycopersicum,,,species,,,,,Two-hybrid,protein-protein interaction,29377937,,,,
PHIG:11370,Q3BWD6,,,Xanthomonas euvesicatoria,,,species,,Q84MI4,,4081,Solanum lycopersicum,,,species,,,,,Two-hybrid,protein-protein interaction,29377937,,,,
PHIG:11370,Q3BWD6,,,Xanthomonas euvesicatoria,,,species,,D9J1Y9,,4081,Solanum lycopersicum,,,species,,,,,Two-hybrid,protein-protein interaction,29377937,,,,
PHIG:11370,Q3BWD6,,,Xanthomonas euvesicatoria,,Xe85-10,species,XopAU+ (wild type) [Wild type product level],,,4081,Solanum lycopersicum,,Hawaii 7981,none,,,PHIDO:0000034,,,interspecies interaction,29377937,,,,
PHIG:11370,Q3BWD6,,,Xanthomonas euvesicatoria,,Xe85-10,species,XopAU+ (wild type) [Wild type product level],,,4072,Capsicum annuum,,ECW20R,none,,,PHIDO:0000034,,,interspecies interaction,29377937,,,,
PHIG:11370,Q3BWD6,,,Xanthomonas euvesicatoria,,Xe85-10,species,XopAU-HIS transformant(HIS-tagged) (transformant) [Ectopic],,,4100,Nicotiana benthamiana,,Unknown strain,none,,PHIPO:0000192,,BTO:0000713,Macroscopic observation (qualitative observation),interspecies interaction,29377937,,,,
PHIG:11370,Q3BWD6,,,Xanthomonas euvesicatoria,,Xe85-10,species,"XopAU-HIS(K240A, HIS-tagged) (amino acid mutation) [Ectopic]",,,4100,Nicotiana benthamiana,,Unknown strain,none,,PHIPO:0000182,,BTO:0000713,Macroscopic observation (qualitative observation),interspecies interaction,29377937,,,,
PHIG:11370,Q3BWD6,,,Xanthomonas euvesicatoria,,Xe85-10,species,XopAU-HIS transformant(HIS-tagged) (transformant) [Ectopic],,,4081,Solanum lycopersicum,,Hawaii 7981,none,,PHIPO:0000192,,BTO:0000713,Macroscopic observation (qualitative observation),interspecies interaction,29377937,,,,
PHIG:11370,Q3BWD6,,,Xanthomonas euvesicatoria,,Xe85-10,species,"XopAU-HIS(K240A, HIS-tagged) (amino acid mutation) [Ectopic]",,,4081,Solanum lycopersicum,,Hawaii 7981,none,,PHIPO:0000182,,BTO:0000713,Macroscopic observation (qualitative observation),interspecies interaction,29377937,,,,
PHIG:11370,Q3BWD6,,,Xanthomonas euvesicatoria,,Xe85-10,species,XopAU-HIS transformant(HIS-tagged) (transformant) [Ectopic],,,4072,Capsicum annuum,,ECW30R,none,,PHIPO:0000192,,BTO:0000713,Macroscopic observation (qualitative observation),interspecies interaction,29377937,,,,
PHIG:11370,Q3BWD6,,,Xanthomonas euvesicatoria,,Xe85-10,species,"XopAU-HIS(K240A, HIS-tagged) (amino acid mutation) [Ectopic]",,,4072,Capsicum annuum,,ECW30R,none,,PHIPO:0000182,,BTO:0000713,Macroscopic observation (qualitative observation),interspecies interaction,29377937,,,,
PHIG:11370,Q3BWD6,,,Xanthomonas euvesicatoria,,Xe85-10,species,XopAU-HIS transformant(HIS-tagged) (transformant) [Ectopic],,,4100,Nicotiana benthamiana,,Unknown strain,none,,PHIPO:0000192,,BTO:0000713,Macroscopic observation (qualitative observation),interspecies interaction,29377937,,,,
PHIG:11370,Q3BWD6,,,Xanthomonas euvesicatoria,,Xe85-10,species,"XopAU-HA-OE transformant(K240A, HIS-tagged, overexpression) (amino acid mutation) [Overexpression]",,,4072,Capsicum annuum,,ECW30R,none,,PHIPO:0001204,,BTO:0000713,Macroscopic observation (qualitative observation),interspecies interaction,29377937,,,,
PHIG:11370,Q3BWD6,,,Xanthomonas euvesicatoria,,Xe85-10,species,"XopAU-HA-OE transformant(HIS-tagged, overexpression) (transformant) [Overexpression]",,,4072,Capsicum annuum,,ECW30R,none,,PHIPO:0000192,,BTO:0000713,Macroscopic observation (qualitative observation),interspecies interaction,29377937,,,,
PHIG:11370,Q3BWD6,,,Xanthomonas euvesicatoria,,Xe85-10,species,"XopAU-HA-OE transformant(HIS-tagged, overexpression) (transformant) [Overexpression]",,,4072,Capsicum annuum,,ECW30R,none,,PHIPO:0001285,,BTO:0000713,Macroscopic observation (qualitative observation),interspecies interaction,29377937,,,,
PHIG:11370,Q3BWD6,,,Xanthomonas euvesicatoria,,Xe85-10,species,XopAU-HIS transformant(HIS-tagged) (transformant) [Ectopic],O48616,,4081,Solanum lycopersicum,,Hawaii 7981,species,Mkk2-HA transformant(K99R) (amino acid mutation) [Ectopic],PHIPO:0001204,,BTO:0000713,Macroscopic observation (qualitative observation),interspecies interaction,29377937,,,,
PHIG:11370,Q3BWD6,,,Xanthomonas euvesicatoria,,Xe85-10,species,XopAU-HIS transformant(HIS-tagged) (transformant) [Ectopic],O48616,,4081,Solanum lycopersicum,,Hawaii 7981,species,Mkk2-HA transformant(HA-tagged) (transformant) [Ectopic],PHIPO:0000192,,BTO:0000713,Macroscopic observation (qualitative observation),interspecies interaction,29377937,,,,
PHIG:9487,L2G8D6,,690256,Colletotrichum gloeosporioides,1213859,HN08,strain,SCS7+ (wild type) [Wild type product level],,,3981,Hevea brasiliensis,,Unknown strain,none,,PHIPO:0000954,,BTO:0000713,Macroscopic observation (quantitative observation),interspecies interaction,38197633,,,,
PHIG:9487,L2G8D6,,690256,Colletotrichum gloeosporioides,1213859,HN08,strain,SCS7delta (deletion),,,3981,Hevea brasiliensis,,Unknown strain,none,,PHIPO:0000365,,BTO:0000713,Macroscopic observation (quantitative observation),interspecies interaction,38197633,Reduced virulence,,,
PHIG:9487,L2G8D6,,690256,Colletotrichum gloeosporioides,1213859,HN08,strain,SCS7delta-SCS7 transformant(complement by re-introducing the wild-type allele at an ectopic locus) (transformant) [Ectopic],,,3981,Hevea brasiliensis,,Unknown strain,none,,PHIPO:0000954,,BTO:0000713,Macroscopic observation (quantitative observation),interspecies interaction,38197633,,,,
PHIG:9487,L2G8D6,,690256,Colletotrichum gloeosporioides,1213859,HN08,strain,SCS7+ (wild type) [Wild type product level],,,3981,Hevea brasiliensis,,Unknown strain,none,,,PHIDO:0000013,,,interspecies interaction,38197633,,,,
PHIG:10434,I1S0E2,,5518,Fusarium graminearum,229533,Z-3639,strain,WetAdelta (deletion),,,4565,Triticum aestivum,,cv. Eunpamil,none,,PHIPO:0000951,,BTO:0002119,Macroscopic observation (qualitative observation),interspecies interaction,24186953,Unaffected pathogenicity,,,
PHIG:10434,I1S0E2,,5518,Fusarium graminearum,229533,Z-3639,strain,WetAdelta-WetA transformant(complement by re-introducing the wild-type allele at an ectopic locus) (transformant) [Ectopic],,,4565,Triticum aestivum,,cv. Eunpamil,none,,PHIPO:0000951,,BTO:0002119,Macroscopic observation (qualitative observation),interspecies interaction,24186953,Unaffected pathogenicity,,,
PHIG:10434,I1S0E2,,5518,Fusarium graminearum,229533,Z-3639,strain,WetA+ (wild type) [Wild type product level],,,4565,Triticum aestivum,,cv. Eunpamil,none,,PHIPO:0000951,,BTO:0002119,Macroscopic observation (qualitative observation),interspecies interaction,24186953,,,,
PHIG:10434,I1S0E2,,5518,Fusarium graminearum,229533,Z-3639,strain,WetA+ (wild type) [Wild type product level],,,4565,Triticum aestivum,,cv. Eunpamil,none,,,PHIDO:0000162,,,interspecies interaction,24186953,,,,
PHIG:9087,G4N4M5,,318829,Magnaporthe oryzae,242507,P131,strain,Nem1+ (wild type) [Wild type product level],,,4530,Oryza sativa,,cv. Lijiangxintuanheigu,none,,,PHIDO:0000315,,,interspecies interaction,37581021,,,,
PHIG:9087,G4N4M5,,318829,Magnaporthe oryzae,242507,P131,strain,Nem1delta (deletion),,,4530,Oryza sativa,,cv. Lijiangxintuanheigu,none,,PHIPO:0000365,,BTO:0000713,Macroscopic observation (qualitative observation),interspecies interaction,37581021,Reduced virulence,,,
PHIG:9087,G4N4M5,,318829,Magnaporthe oryzae,242507,P131,strain,Nem1delta (deletion),,,4513,Hordeum vulgare,,Unknown strain,none,,PHIPO:0000365,,BTO:0000713,Macroscopic observation (qualitative observation),interspecies interaction,37581021,Reduced virulence,,,
PHIG:9087,G4N4M5,,318829,Magnaporthe oryzae,242507,P131,strain,Nem1delta-Nem1 transformant(complement by re-introducing the wild-type allele at an ectopic locus) (transformant) [Ectopic],,,4513,Hordeum vulgare,,Unknown strain,none,,PHIPO:0000951,,BTO:0000713,Macroscopic observation (qualitative observation),interspecies interaction,37581021,Unaffected pathogenicity,,,
PHIG:9087,G4N4M5,,318829,Magnaporthe oryzae,242507,P131,strain,Nem1delta-Nem1(S303A)(complement by re-introducing the allele with substitution at an ectopic locus) (transformant) [Ectopic],,,4513,Hordeum vulgare,,Unknown strain,none,,PHIPO:0000365,,BTO:0000713,Macroscopic observation (qualitative observation),interspecies interaction,37581021,Reduced virulence,,,
PHIG:9087,G4N4M5,,318829,Magnaporthe oryzae,242507,P131,strain,Nem1+ (wild type) [Wild type product level],,,4513,Hordeum vulgare,,Unknown strain,none,,PHIPO:0000951,,BTO:0000713,Macroscopic observation (qualitative observation),interspecies interaction,37581021,,,,
PHIG:9087,G4N4M5,,318829,Magnaporthe oryzae,242507,P131,strain,Nem1delta (deletion),,,4513,Hordeum vulgare,,Unknown strain,none,,PHIPO:0000371,,BTO:0000713,Microscopy,interspecies interaction,37581021,,,,
PHIG:9087,G4N4M5,,318829,Magnaporthe oryzae,242507,P131,strain,Nem1delta-Nem1(S303A)(complement by re-introducing the allele with substitution at an ectopic locus) (transformant) [Ectopic],,,4513,Hordeum vulgare,,Unknown strain,none,,PHIPO:0000953,,BTO:0000713,Microscopy,interspecies interaction,37581021,,,,
PHIG:8959,I1S172,,5518,Fusarium graminearum,229533,PH-1,strain,Crz1+ (wild type) [Wild type product level],,,4565,Triticum aestivum,,Zimai 22,none,,,PHIDO:0000163,,,interspecies interaction,29947970,,,,
PHIG:8959,I1S172,,5518,Fusarium graminearum,229533,PH-1,strain,Crz1delta (deletion),,,4565,Triticum aestivum,,Zimai 22,none,,PHIPO:0000365,,BTO:0001278,Macroscopic observation (qualitative observation),interspecies interaction,29947970,Reduced virulence,,,
PHIG:8959,I1S172,,5518,Fusarium graminearum,229533,PH-1,strain,Crz1delta+Crz1 transformant(complement by re-introducing the wild-type allele at an ectopic locus) (transformant) [Ectopic],,,4565,Triticum aestivum,,Zimai 22,none,,PHIPO:0000951,,BTO:0001278,Macroscopic observation (qualitative observation),interspecies interaction,29947970,Unaffected pathogenicity,,,
PHIG:8959,I1S172,,5518,Fusarium graminearum,229533,PH-1,strain,Crz1delta (deletion),,,4565,Triticum aestivum,,Zimai 22,none,,PHIPO:0000219,,BTO:0000668,Macroscopic observation (qualitative observation),interspecies interaction,29947970,,,,
PHIG:8959,I1S172,,5518,Fusarium graminearum,229533,PH-1,strain,Crz1delta+Crz1 transformant(complement by re-introducing the wild-type allele at an ectopic locus) (transformant) [Ectopic],,,4565,Triticum aestivum,,Zimai 22,none,,PHIPO:0000233,,BTO:0000668,Macroscopic observation (qualitative observation),interspecies interaction,29947970,,,,
PHIG:8959,I1S172,,5518,Fusarium graminearum,229533,PH-1,strain,Crz1delta (deletion),,,4577,Zea mays,,Unknown strain,none,,PHIPO:0000365,,BTO:0002854,Macroscopic observation (qualitative observation),interspecies interaction,29947970,Reduced virulence,,,
PHIG:8959,I1S172,,5518,Fusarium graminearum,229533,PH-1,strain,Crz1delta+Crz1 transformant(complement by re-introducing the wild-type allele at an ectopic locus) (transformant) [Ectopic],,,4577,Zea mays,,Unknown strain,none,,PHIPO:0000951,,BTO:0002854,Macroscopic observation (qualitative observation),interspecies interaction,29947970,Unaffected pathogenicity,,,
PHIG:11279,A0A194V9I7,,578113,Cytospora mali,,134,species,LaeAdelta (deletion),,,23211,Pyrus communis,,no strain,none,,PHIPO:0000365,,BTO:0001411,Macroscopic observation (qualitative observation),interspecies interaction,38916927,Reduced virulence,,,
PHIG:11279,A0A194V9I7,,578113,Cytospora mali,,134,species,LaeA+ (wild type) [Wild type product level],,,23211,Pyrus communis,,no strain,none,,PHIPO:0000951,,BTO:0001411,Macroscopic observation (qualitative observation),interspecies interaction,38916927,,,,
PHIG:11279,A0A194V9I7,,578113,Cytospora mali,,134,species,LaeAdelta-LaeA transformant(complement by re-introducing the wild-type allele at an ectopic locus) (transformant) [Ectopic],,,23211,Pyrus communis,,no strain,none,,PHIPO:0000951,,BTO:0001411,Macroscopic observation (qualitative observation),interspecies interaction,38916927,Unaffected pathogenicity,,,
PHIG:11279,A0A194V9I7,,578113,Cytospora mali,,134,species,LaeAdelta (deletion),,,23211,Pyrus communis,,no strain,none,,PHIPO:0000365,,BTO:0000713,Macroscopic observation (qualitative observation),interspecies interaction,38916927,Reduced virulence,,,
PHIG:11279,A0A194V9I7,,578113,Cytospora mali,,134,species,LaeA+ (wild type) [Wild type product level],,,23211,Pyrus communis,,no strain,none,,PHIPO:0000951,,BTO:0000713,Macroscopic observation (qualitative observation),interspecies interaction,38916927,,,,
PHIG:11279,A0A194V9I7,,578113,Cytospora mali,,134,species,LaeAdelta-LaeA transformant(complement by re-introducing the wild-type allele at an ectopic locus) (transformant) [Ectopic],,,23211,Pyrus communis,,no strain,none,,PHIPO:0000951,,BTO:0000713,Macroscopic observation (qualitative observation),interspecies interaction,38916927,Unaffected pathogenicity,,,
PHIG:11279,A0A194V9I7,,578113,Cytospora mali,,134,species,LaeA+ (wild type) [Wild type product level],,,23211,Pyrus communis,,no strain,none,,,PHIDO:0000499,,,interspecies interaction,38916927,,,,
PHIG:11277,A0A194UNL3,,578113,Cytospora mali,,134,species,Pks10+ (wild type) [Wild type product level],,,23211,Pyrus communis,,no strain,none,,PHIPO:0000951,,BTO:0001411,Macroscopic observation (qualitative observation),interspecies interaction,38916927,,,,
PHIG:11277,A0A194UNL3,,578113,Cytospora mali,,134,species,Pks10delta (deletion),,,23211,Pyrus communis,,no strain,none,,PHIPO:0000365,,BTO:0001411,Macroscopic observation (qualitative observation),interspecies interaction,38916927,Reduced virulence,,,
PHIG:11277,A0A194UNL3,,578113,Cytospora mali,,134,species,Pks10delta-Pks10 transformant(complement by re-introducing the wild-type allele at an ectopic locus) (transformant) [Ectopic],,,23211,Pyrus communis,,no strain,none,,PHIPO:0000951,,BTO:0001411,Macroscopic observation (qualitative observation),interspecies interaction,38916927,Unaffected pathogenicity,,,
PHIG:11277,A0A194UNL3,,578113,Cytospora mali,,134,species,Pks10+ (wild type) [Wild type product level],,,23211,Pyrus communis,,no strain,none,,PHIPO:0000951,,BTO:0000713,Macroscopic observation (qualitative observation),interspecies interaction,38916927,,,,
PHIG:11277,A0A194UNL3,,578113,Cytospora mali,,134,species,Pks10delta (deletion),,,23211,Pyrus communis,,no strain,none,,PHIPO:0000365,,BTO:0000713,Macroscopic observation (qualitative observation),interspecies interaction,38916927,Reduced virulence,,,
PHIG:11277,A0A194UNL3,,578113,Cytospora mali,,134,species,Pks10delta-Pks10 transformant(complement by re-introducing the wild-type allele at an ectopic locus) (transformant) [Ectopic],,,23211,Pyrus communis,,no strain,none,,PHIPO:0000951,,BTO:0000713,Macroscopic observation (qualitative observation),interspecies interaction,38916927,Unaffected pathogenicity,,,
PHIG:11278,A0A194UX07,,578113,Cytospora mali,,134,species,Pks33+ (wild type) [Wild type product level],,,23211,Pyrus communis,,no strain,none,,PHIPO:0000951,,BTO:0001411,Macroscopic observation (qualitative observation),interspecies interaction,38916927,,,,
PHIG:11278,A0A194UX07,,578113,Cytospora mali,,134,species,Pks33delta (deletion),,,23211,Pyrus communis,,no strain,none,,PHIPO:0000365,,BTO:0001411,Macroscopic observation (qualitative observation),interspecies interaction,38916927,Reduced virulence,,,
PHIG:11278,A0A194UX07,,578113,Cytospora mali,,134,species,Pks33delta-Pks33 transformant(complement by re-introducing the wild-type allele at an ectopic locus) (transformant) [Ectopic],,,23211,Pyrus communis,,no strain,none,,PHIPO:0000951,,BTO:0001411,Macroscopic observation (qualitative observation),interspecies interaction,38916927,Unaffected pathogenicity,,,
PHIG:11278,A0A194UX07,,578113,Cytospora mali,,134,species,Pks33+ (wild type) [Wild type product level],,,23211,Pyrus communis,,no strain,none,,PHIPO:0000951,,BTO:0000713,Macroscopic observation (qualitative observation),interspecies interaction,38916927,,,,
PHIG:11278,A0A194UX07,,578113,Cytospora mali,,134,species,Pks33delta (deletion),,,23211,Pyrus communis,,no strain,none,,PHIPO:0000365,,BTO:0000713,Macroscopic observation (qualitative observation),interspecies interaction,38916927,Reduced virulence,,,
PHIG:11278,A0A194UX07,,578113,Cytospora mali,,134,species,Pks33delta-Pks33 transformant(complement by re-introducing the wild-type allele at an ectopic locus) (transformant) [Ectopic],,,23211,Pyrus communis,,no strain,none,,PHIPO:0000951,,BTO:0000713,Macroscopic observation (qualitative observation),interspecies interaction,38916927,Unaffected pathogenicity,,,
PHIG:11279,A0A194V9I7,,578113,Cytospora mali,,134,species,LaeAdelta (deletion),,,23211,Pyrus communis,,no strain,none,,PHIPO:0001045,,BTO:0001411,Macroscopic observation (qualitative observation),interspecies interaction,38916927,,,,
PHIG:11279,A0A194V9I7,,578113,Cytospora mali,,134,species,LaeAdelta (deletion),,,23211,Pyrus communis,,no strain,none,,PHIPO:0001045,,BTO:0000713,Macroscopic observation (qualitative observation),interspecies interaction,38916927,,,,
PHIG:11279,A0A194V9I7,,578113,Cytospora mali,,134,species,LaeAdelta-LaeA transformant(complement by re-introducing the wild-type allele at an ectopic locus) (transformant) [Ectopic],,,23211,Pyrus communis,,no strain,none,,PHIPO:0000497,,BTO:0001411,Macroscopic observation (qualitative observation),interspecies interaction,38916927,,,,
PHIG:11279,A0A194V9I7,,578113,Cytospora mali,,134,species,LaeAdelta-LaeA transformant(complement by re-introducing the wild-type allele at an ectopic locus) (transformant) [Ectopic],,,23211,Pyrus communis,,no strain,none,,PHIPO:0000497,,BTO:0000713,Macroscopic observation (qualitative observation),interspecies interaction,38916927,,,,
PHIG:11278,A0A194UX07,,578113,Cytospora mali,,134,species,Pks33delta (deletion),,,23211,Pyrus communis,,no strain,none,,PHIPO:0001045,,BTO:0001411,Macroscopic observation (qualitative observation),interspecies interaction,38916927,,,,
PHIG:11278,A0A194UX07,,578113,Cytospora mali,,134,species,Pks33delta-Pks33 transformant(complement by re-introducing the wild-type allele at an ectopic locus) (transformant) [Ectopic],,,23211,Pyrus communis,,no strain,none,,PHIPO:0000497,,BTO:0001411,Macroscopic observation (qualitative observation),interspecies interaction,38916927,,,,
PHIG:11277,A0A194UNL3,,578113,Cytospora mali,,134,species,Pks10delta (deletion),,,23211,Pyrus communis,,no strain,none,,PHIPO:0001045,,BTO:0001411,Macroscopic observation (qualitative observation),interspecies interaction,38916927,,,,
PHIG:11277,A0A194UNL3,,578113,Cytospora mali,,134,species,Pks10delta-Pks10 transformant(complement by re-introducing the wild-type allele at an ectopic locus) (transformant) [Ectopic],,,23211,Pyrus communis,,no strain,none,,PHIPO:0000497,,BTO:0001411,Macroscopic observation (qualitative observation),interspecies interaction,38916927,,,,
PHIG:9182,G4ZSG0,,67593,Phytophthora sojae,1094619,,strain,,K7MTW9,,3847,Glycine max,,,species,,,,,Co-purification,protein-protein interaction,30346270,,,,
PHIG:9182,G4ZSG0,,67593,Phytophthora sojae,1094619,,strain,,K7MTW9,,3847,Glycine max,,,species,,,,,Affinity Capture-Western,protein-protein interaction,30346270,,,,
PHIG:9182,G4ZSG0,,67593,Phytophthora sojae,1094619,P6497,strain,Avh52+ (wild type) [Wild type product level],,,3847,Glycine max,,cv. Hefeng 47,none,,PHIPO:0000954,,BTO:0000613,Macroscopic observation (quantitative observation),interspecies interaction,30346270,,,,
PHIG:9182,G4ZSG0,,67593,Phytophthora sojae,1094619,P6497,strain,Avh52delta (deletion),,,3847,Glycine max,,cv. Hefeng 47,none,,PHIPO:0000365,,BTO:0000613,Macroscopic observation (quantitative observation),interspecies interaction,30346270,Reduced virulence,,,
,,,67593,Phytophthora sojae,,P6497,none,,K7MTW9,,3847,Glycine max,,cv. Hefeng 47,species,Tap1+ (wild type) [Wild type product level],PHIPO:0000954,,BTO:0001188,Macroscopic observation (quantitative observation),interspecies interaction,30346270,,,,
,,,67593,Phytophthora sojae,,P6497,none,,K7MTW9,,3847,Glycine max,,cv. Hefeng 47,species,Taps-RNAi (disruption) [Knockdown],PHIPO:0000365,,BTO:0001188,Macroscopic observation (quantitative observation),interspecies interaction,30346270,,,,
PHIG:9182,G4ZSG0,,67593,Phytophthora sojae,1094619,P6497,strain,Avh52delta (deletion),K7MTW9,,3847,Glycine max,,cv. Hefeng 47,species,Taps-RNAi (disruption) [Knockdown],PHIPO:0000365,,BTO:0001188,Macroscopic observation (quantitative observation),interspecies interaction,30346270,,,,
PHIG:9182,G4ZSG0,,67593,Phytophthora sojae,1094619,P6497,strain,Avh52+ (wild type) [Wild type product level],,,3847,Glycine max,,cv. Hefeng 47,none,,,PHIDO:0000318,,,interspecies interaction,30346270,,,,
PHIG:9182,G4ZSG0,,67593,Phytophthora sojae,1094619,,strain,,K7MTW9,,3847,Glycine max,,,species,,,,,Co-purification,protein-protein interaction,30346270,,,,
PHIG:6511,I1S3D7,,5518,Fusarium graminearum,229533,,strain,,A0A3B6PSV9,,4565,Triticum aestivum,,,species,,,,,Affinity Capture-Western,protein-protein interaction,39256758,,,,
PHIG:6511,I1S3D7,,5518,Fusarium graminearum,229533,Unknown strain,strain,CWM1+ (wild type) [Wild type product level],A0A3B6PSV9,,4565,Triticum aestivum,,Unknown strain,species,NDUFA9+ (wild type) [Wild type product level],PHIPO:0000954,,BTO:0001278,Macroscopic observation (quantitative observation),interspecies interaction,39256758,,,,
PHIG:6511,I1S3D7,,5518,Fusarium graminearum,229533,Unknown strain,strain,CWM1+ (wild type) [Wild type product level],A0A3B6PSV9,,4565,Triticum aestivum,,Unknown strain,species,NDUFA9(->stop) (nonsense mutation) [Wild type product level],PHIPO:0000365,,BTO:0001278,Macroscopic observation (quantitative observation),interspecies interaction,39256758,Reduced virulence,,,
PHIG:6511,I1S3D7,,5518,Fusarium graminearum,229533,Unknown strain,strain,CWM1+ (wild type) [Wild type product level],A0A3B6PSV9,,4565,Triticum aestivum,,Unknown strain,species,NDUFA9+ (wild type) [Wild type product level],PHIPO:0000954,,BTO:0001278,Macroscopic observation (quantitative observation),interspecies interaction,39256758,,,,
PHIG:6511,I1S3D7,,5518,Fusarium graminearum,229533,Unknown strain,strain,CWM1+ (wild type) [Wild type product level],A0A3B6PSV9,,4565,Triticum aestivum,,Unknown strain,species,NDUFA9(->stop) (nonsense mutation) [Wild type product level],PHIPO:0000365,,BTO:0001278,Macroscopic observation (quantitative observation),interspecies interaction,39256758,Reduced virulence,,,
PHIG:6511,I1S3D7,,5518,Fusarium graminearum,229533,Unknown strain,strain,CWM1+ (wild type) [Wild type product level],A0A3B6PSV9,,4565,Triticum aestivum,,Unknown strain,species,NDUFA9+ (wild type) [Wild type product level],PHIPO:0000927,,BTO:0002119,Substance quantification evidence,interspecies interaction,39256758,,,,
PHIG:6511,I1S3D7,,5518,Fusarium graminearum,229533,Unknown strain,strain,CWM1+ (wild type) [Wild type product level],A0A3B6PSV9,,4565,Triticum aestivum,,Unknown strain,species,NDUFA9(overexpression) (other) [Overexpression],PHIPO:0001192,,BTO:0002119,Substance quantification evidence,interspecies interaction,39256758,,,,
PHIG:6511,I1S3D7,,5518,Fusarium graminearum,229533,Unknown strain,strain,CWM1+ (wild type) [Wild type product level],A0A3B6PSV9,,4565,Triticum aestivum,,Unknown strain,species,NDUFA9(->stop) (nonsense mutation) [Wild type product level],PHIPO:0001193,,BTO:0002119,Substance quantification evidence,interspecies interaction,39256758,,,,
PHIG:6511,I1S3D7,,5518,Fusarium graminearum,229533,Unknown strain,strain,CWM1delta (deletion),A0A3B6PSV9,,4565,Triticum aestivum,,Unknown strain,species,NDUFA9+ (wild type) [Wild type product level],PHIPO:0001192,,BTO:0002119,Substance quantification evidence,interspecies interaction,39256758,,,,
PHIG:6511,I1S3D7,,5518,Fusarium graminearum,229533,Unknown strain,strain,CWM1delta (deletion),A0A3B6PSV9,,4565,Triticum aestivum,,Unknown strain,species,NDUFA9(->stop) (nonsense mutation) [Wild type product level],PHIPO:0001193,,BTO:0002119,Substance quantification evidence,interspecies interaction,39256758,,,,
PHIG:6511,I1S3D7,,5518,Fusarium graminearum,229533,Unknown strain,strain,CWM1delta (deletion),A0A3B6PSV9,,4565,Triticum aestivum,,Unknown strain,species,NDUFA9(overexpression) (other) [Overexpression],PHIPO:0001193,,BTO:0002119,Substance quantification evidence,interspecies interaction,39256758,,,,
PHIG:6511,I1S3D7,,5518,Fusarium graminearum,229533,Unknown strain,strain,CWM1+ (wild type) [Wild type product level],A0A3B6PSV9,,4565,Triticum aestivum,,Unknown strain,species,NDUFA9+ (wild type) [Wild type product level],,PHIDO:0000162,,,interspecies interaction,39256758,,,,
PHIG:8258,D0U2D1,,5507,Fusarium oxysporum,59765,f. sp. lycopersici strain Fol007,strain,Avr2+ (wild type) [Wild type product level],Q9XET3,,4081,Solanum lycopersicum,,cv. C32,species,I-2delta(the resistant gene is absent) (other) [Null],,PHIDO:0000381,,,interspecies interaction,19228334,,,,
PHIG:8258,D0U2D1,,5507,Fusarium oxysporum,59765,f. sp. lycopersici strain Fol007,strain,Avr2+ (wild type) [Wild type product level],Q9XET3,,4081,Solanum lycopersicum,,90E341F line,species,I-2+ (wild type) [Wild type product level],PHIPO:0000192,,BTO:0000713,Macroscopic observation (qualitative observation),gene-for-gene interaction,19228334,,,,
PHIG:8258,D0U2D1,,5507,Fusarium oxysporum,59765,f. sp. lycopersici strain Fol007,strain,Avr2+ (wild type) [Wild type product level],Q9XET3,,4081,Solanum lycopersicum,,90E341F line,species,I-2+ (wild type) [Wild type product level],PHIPO:0000192,,BTO:0000713,Macroscopic observation (qualitative observation),gene-for-gene interaction,19228334,,,,
PHIG:8258,D0U2D1,,5507,Fusarium oxysporum,59765,f. sp. lycopersici strain Fol007,strain,spdeltaAvr2(a truncated version of Avr2 without the signal peptide) (partial nucleotide deletion) [Ectopic],Q9XET3,,4081,Solanum lycopersicum,,90E341F line,species,I-2+ (wild type) [Wild type product level],PHIPO:0000192,,BTO:0000713,Macroscopic observation (qualitative observation),gene-for-gene interaction,19228334,,,,
PHIG:8258,D0U2D1,,5507,Fusarium oxysporum,59765,f. sp. lycopersici strain Fol007,strain,Avr2(V41M) (amino acid mutation) [Ectopic],Q9XET3,,4081,Solanum lycopersicum,,90E341F line,species,I-2+ (wild type) [Wild type product level],PHIPO:0000182,,BTO:0000713,Macroscopic observation (qualitative observation),gene-for-gene interaction,19228334,,,,
PHIG:8258,D0U2D1,,5507,Fusarium oxysporum,59765,f. sp. lycopersici strain Fol007,strain,Avr2(R45H) (amino acid mutation) [Ectopic],Q9XET3,,4081,Solanum lycopersicum,,90E341F line,species,I-2+ (wild type) [Wild type product level],PHIPO:0000182,,BTO:0000713,Macroscopic observation (qualitative observation),gene-for-gene interaction,19228334,,,,
PHIG:8258,D0U2D1,,5507,Fusarium oxysporum,59765,f. sp. lycopersici strain Fol007,strain,Avr2+ (wild type) [Wild type product level],Q9XET3,,4081,Solanum lycopersicum,,cv. C32,species,I-2delta(the resistant gene is absent) (other) [Null],PHIPO:0000182,,BTO:0000713,Macroscopic observation (qualitative observation),gene-for-gene interaction,19228334,,,,
PHIG:8258,D0U2D1,,5507,Fusarium oxysporum,59765,f. sp. lycopersici strain Fol007,strain,Avr2(R46P) (amino acid mutation) [Ectopic],Q9XET3,,4081,Solanum lycopersicum,,90E341F line,species,I-2+ (wild type) [Wild type product level],PHIPO:0000182,,BTO:0000713,Macroscopic observation (qualitative observation),gene-for-gene interaction,19228334,,,,
PHIG:8258,D0U2D1,,5507,Fusarium oxysporum,59765,f. sp. lycopersici strain Fol007,strain,Avr2delta (deletion),Q9XET3,,4081,Solanum lycopersicum,,90E341F line,species,I-2+ (wild type) [Wild type product level],PHIPO:0001200,,BTO:0001461,Macroscopic observation (qualitative observation),gene-for-gene interaction,19228334,,,,
PHIG:8258,D0U2D1,,5507,Fusarium oxysporum,59765,f. sp. lycopersici strain Fol007,strain,Avr2+ (wild type) [Wild type product level],Q9XET3,,4081,Solanum lycopersicum,,90E341F line,species,I-2+ (wild type) [Wild type product level],PHIPO:0001199,,BTO:0001461,Macroscopic observation (qualitative observation),gene-for-gene interaction,19228334,,,,
PHIG:8258,D0U2D1,,5507,Fusarium oxysporum,59765,f. sp. lycopersici strain Fol007,strain,Avr2delta (deletion),Q9XET3,,4081,Solanum lycopersicum,,cv. C32,species,I-2delta(the resistant gene is absent) (other) [Null],PHIPO:0001200,,BTO:0001461,Macroscopic observation (qualitative observation),gene-for-gene interaction,19228334,,,,
PHIG:8258,D0U2D1,,5507,Fusarium oxysporum,59765,f. sp. lycopersici strain Fol007,strain,Avr2+ (wild type) [Wild type product level],Q9XET3,,4081,Solanum lycopersicum,,cv. C32,species,I-2delta(the resistant gene is absent) (other) [Null],PHIPO:0001200,,BTO:0001461,Macroscopic observation (qualitative observation),gene-for-gene interaction,19228334,,,,
PHIG:8258,D0U2D1,,5507,Fusarium oxysporum,59765,f. sp. lycopersici strain Fol007,strain,Avr2delta+Avr2 transformant(complement by re-introducing the wild-type allele at an ectopic locus) (transformant) [Ectopic],Q9XET3,,4081,Solanum lycopersicum,,cv. C32,species,I-2delta(the resistant gene is absent) (other) [Null],PHIPO:0001200,,BTO:0001461,Macroscopic observation (qualitative observation),gene-for-gene interaction,19228334,,,,
PHIG:8258,D0U2D1,,5507,Fusarium oxysporum,59765,f. sp. lycopersici strain Fol007,strain,Avr2delta+Avr2(aaR45H) transformant(complement by re-introducing the Avr2(aaR45H) allele at an ectopic locus) (transformant) [Ectopic],Q9XET3,,4081,Solanum lycopersicum,,cv. C32,species,I-2delta(the resistant gene is absent) (other) [Null],PHIPO:0001200,,BTO:0001461,Macroscopic observation (qualitative observation),gene-for-gene interaction,19228334,,,,
PHIG:8258,D0U2D1,,5507,Fusarium oxysporum,59765,f. sp. lycopersici strain Fol007,strain,Avr2(R45H) (amino acid mutation) [Ectopic],Q9XET3,,4081,Solanum lycopersicum,,cv. C32,species,I-2delta(the resistant gene is absent) (other) [Null],PHIPO:0000182,,BTO:0000713,Macroscopic observation (qualitative observation),gene-for-gene interaction,19228334,,,,
PHIG:8258,D0U2D1,,5507,Fusarium oxysporum,59765,f. sp. lycopersici strain Fol007,strain,Avr2(R45H) (amino acid mutation) [Ectopic],Q9XET3,,4081,Solanum lycopersicum,,90E341F line,species,I-2+ (wild type) [Wild type product level],PHIPO:0000182,,BTO:0000713,Macroscopic observation (qualitative observation),gene-for-gene interaction,19228334,,,,
PHIG:9115,G5EGZ2,,318829,Magnaporthe oryzae,242507,RB22,strain,AvrPiz-t+ (wild type) [Ectopic],,,4530,Oryza sativa,,cv. Nipponbare,none,,PHIPO:0001155,,,Substance quantification evidence,interspecies interaction,23204406,,,,
PHIG:9115,G5EGZ2,,318829,Magnaporthe oryzae,242507,RB22,strain,AvrPiz-t+ (wild type) [Wild type product level],,,4530,Oryza sativa,,cv. Nipponbare,none,,,PHIDO:0000315,,,interspecies interaction,23204406,,,,
PHIG:9115,G5EGZ2,,318829,Magnaporthe oryzae,242507,RB22,strain,AvrPiz-t+ (wild type) [Ectopic],,,4530,Oryza sativa,,cv. Nipponbare,none,,PHIPO:0000368,,BTO:0000713,Macroscopic observation (quantitative observation),interspecies interaction,23204406,Increased virulence,,,
PHIG:9115,G5EGZ2,,318829,Magnaporthe oryzae,242507,RB22,strain,AvrPiz-t+ (wild type) [Ectopic],,,4530,Oryza sativa,,cv. Nipponbare,none,,PHIPO:0001155,,,Substance quantification evidence,interspecies interaction,23204406,,,,
PHIG:9115,G5EGZ2,,318829,Magnaporthe oryzae,242507,,strain,,Q0DKM6,,4530,Oryza sativa,39947,,strain,,,,,Two-hybrid,protein-protein interaction,23204406,,,,
PHIG:9115,G5EGZ2,,318829,Magnaporthe oryzae,242507,,strain,,Q0DKM6,,4530,Oryza sativa,39947,,strain,,,,,Co-purification,protein-protein interaction,23204406,,,,
PHIG:9115,G5EGZ2,,318829,Magnaporthe oryzae,242507,,strain,,Q0DKM6,,4530,Oryza sativa,39947,,strain,,,,,Affinity Capture-Western,protein-protein interaction,23204406,,,,
,,,318829,Magnaporthe oryzae,,RB22,none,,Q0DKM6,,4530,Oryza sativa,39947,Toride,strain,APIP6(RNAi) (disruption) [Knockdown],PHIPO:0000368,,BTO:0000713,Macroscopic observation (quantitative observation),interspecies interaction,23204406,,,,
,,,318829,Magnaporthe oryzae,,RB22,none,,Q0DKM6,,4530,Oryza sativa,39947,Toride,strain,APIP6(RNAi) (disruption) [Knockdown],PHIPO:0001155,,,Macroscopic observation (quantitative observation),interspecies interaction,23204406,,,,
,,,318829,Magnaporthe oryzae,,RB22,none,,Q0DKM6,,4530,Oryza sativa,39947,Toride,strain,APIP6(RNAi) (disruption) [Knockdown],PHIPO:0001228,,,Macroscopic observation (quantitative observation),interspecies interaction,23204406,,,,
PHIG:11420,B3VBK9,,5499,Passalora fulva,,Unknown strain,species,Ecp6+ (wild type) [Wild type product level],,,4081,Solanum lycopersicum,,Unknown strain,none,,,PHIDO:0000209,,,interspecies interaction,23840930,,,,
PHIG:11420,B3VBK9,,5499,Passalora fulva,,Unknown strain,species,Ecp6+ (wild type) [Ectopic],,,4081,Solanum lycopersicum,,Msk8 cell line,none,,PHIPO:0001128,,BTO:0000214,Substance quantification evidence,interspecies interaction,23840930,,,,
PHIG:316,A0A385MIS5,,153609,Moniliophthora perniciosa,,CP02,species,MpChi+ (wild type) [Not assayed],,,4097,Nicotiana tabacum,,BY-2,none,,PHIPO:0001128,,BTO:0001972,Other,interspecies interaction,30220500,,,,
PHIG:316,A0A385MIS5,,153609,Moniliophthora perniciosa,,CP02,species,MpChi+ (wild type) [Not assayed],,,4097,Nicotiana tabacum,,BY-2,none,,PHIPO:0001239,,BTO:0001972,Other,interspecies interaction,30220500,,,,
PHIG:316,A0A385MIS5,,153609,Moniliophthora perniciosa,,CP02,species,"MpChi MBS(W127,W418,W246) (amino acid mutation) [Not assayed]",,,4097,Nicotiana tabacum,,BY-2,none,,PHIPO:0001237,,BTO:0001972,Other,interspecies interaction,30220500,,,,
PHIG:316,A0A385MIS5,,153609,Moniliophthora perniciosa,,CP02,species,"MpChi MBS(W127,W418,W246) (amino acid mutation) [Not assayed]",,,4097,Nicotiana tabacum,,BY-2,none,,PHIPO:0001240,,BTO:0001972,Other,interspecies interaction,30220500,,,,
PHIG:316,A0A385MIS5,,153609,Moniliophthora perniciosa,,CP02,species,MpChi+ (wild type) [Not assayed],,,4097,Nicotiana tabacum,,BY-2,none,,PHIPO:0001242,,BTO:0001972,Other,interspecies interaction,30220500,,,,
PHIG:316,A0A385MIS5,,153609,Moniliophthora perniciosa,,CP02,species,"MpChi MBS(W127,W418,W246) (amino acid mutation) [Not assayed]",,,4097,Nicotiana tabacum,,BY-2,none,,PHIPO:0001243,,BTO:0001972,Other,interspecies interaction,30220500,,,,
PHIG:315,A0A0W0FPC8,,221103,Moniliophthora roreri,,MCA2977,species,MrChi(paralogue)+ (wild type) [Not assayed],,,4097,Nicotiana tabacum,,BY-2,none,,PHIPO:0001239,,BTO:0001972,Other,interspecies interaction,30220500,,,,
PHIG:315,A0A0W0FPC8,,221103,Moniliophthora roreri,,MCA2977,species,MrChi(paralogue)+ (wild type) [Not assayed],,,4097,Nicotiana tabacum,,BY-2,none,,PHIPO:0001128,,BTO:0001972,Other,interspecies interaction,30220500,,,,
PHIG:316,A0A385MIS5,,153609,Moniliophthora perniciosa,,CP02,species,MpChi+ (wild type) [Not assayed],,,4097,Nicotiana tabacum,,BY-2,none,,PHIPO:0001237,,BTO:0001972,Other,interspecies interaction,30220500,,,,
PHIG:316,A0A385MIS5,,153609,Moniliophthora perniciosa,,CP02,species,MpChi+ (wild type) [Not assayed],,,4097,Nicotiana tabacum,,BY-2,none,,PHIPO:0001240,,BTO:0001972,Other,interspecies interaction,30220500,,,,
PHIG:10937,G4NLF1,,318829,Magnaporthe oryzae,242507,,strain,,G4NJP0,,318829,Magnaporthe oryzae,242507,,strain,,,,,Two-hybrid,protein-protein interaction,42018452,,,,
PHIG:11397,G4NJP0,,318829,Magnaporthe oryzae,242507,JJ88,strain,CA5delta (deletion),,,4530,Oryza sativa,,cv. Lijiangxintuanheigu,none,,PHIPO:0000365,,BTO:0005094,Macroscopic observation (qualitative observation),interspecies interaction,42018452,Reduced virulence,,,
PHIG:11397,G4NJP0,,318829,Magnaporthe oryzae,242507,JJ88,strain,CA5delta-CA5 transformant(complement by re-introducing the wild-type allele at an ectopic locus) (transformant) [Ectopic],,,4530,Oryza sativa,,cv. Lijiangxintuanheigu,none,,PHIPO:0000951,,BTO:0005094,Macroscopic observation (qualitative observation),interspecies interaction,42018452,Unaffected pathogenicity,,,
PHIG:11397,G4NJP0,,318829,Magnaporthe oryzae,242507,JJ88,strain,CA5+ (wild type) [Wild type product level],,,4530,Oryza sativa,,cv. Lijiangxintuanheigu,none,,PHIPO:0000951,,BTO:0005094,Macroscopic observation (qualitative observation),interspecies interaction,42018452,,,,
PHIG:11397,G4NJP0,,318829,Magnaporthe oryzae,242507,JJ88,strain,CA5+ (wild type) [Wild type product level],,,4530,Oryza sativa,,cv. Lijiangxintuanheigu,none,,,PHIDO:0000315,,,interspecies interaction,42018452,,,,
PHIG:10937,G4NLF1,,318829,Magnaporthe oryzae,242507,,strain,,G4NJP0,,318829,Magnaporthe oryzae,242507,,strain,,,,,PCA,protein-protein interaction,42018452,,,,
PHIG:9112,G4NJI5,,318829,Magnaporthe oryzae,242507,70-15,strain,Met3+ (wild type) [Wild type product level],,,4530,Oryza sativa,,cv. CO-39,none,,,PHIDO:0000315,,,interspecies interaction,32125494,,,,
PHIG:9112,G4NJI5,,318829,Magnaporthe oryzae,242507,70-15,strain,Met3delta (deletion),,,4530,Oryza sativa,,cv. CO-39,none,,PHIPO:0000365,,BTO:0000713,Macroscopic observation (qualitative observation),interspecies interaction,32125494,Reduced virulence,,,
PHIG:9096,G4N7W0,,318829,Magnaporthe oryzae,242507,70-15,strain,Met14delta (deletion),,,4530,Oryza sativa,,cv. CO-39,none,,PHIPO:0000365,,BTO:0000713,Macroscopic observation (qualitative observation),interspecies interaction,32125494,Reduced virulence,,,
PHIG:9112,G4NJI5,,318829,Magnaporthe oryzae,242507,70-15,strain,Met3delta (deletion),,,4530,Oryza sativa,,cv. CO-39,none,,PHIPO:0000369,,BTO:0005094,Microscopy,interspecies interaction,32125494,Reduced virulence,,,
PHIG:9096,G4N7W0,,318829,Magnaporthe oryzae,242507,70-15,strain,Met14delta (deletion),,,4530,Oryza sativa,,cv. CO-39,none,,PHIPO:0000369,,BTO:0005094,Microscopy,interspecies interaction,32125494,Reduced virulence,,,
PHIG:9112,G4NJI5,,318829,Magnaporthe oryzae,242507,70-15,strain,Met3delta-Met3 transformant(complement by re-introducing the wild-type allele at an ectopic locus) (transformant) [Ectopic],,,4530,Oryza sativa,,cv. CO-39,none,,PHIPO:0000951,,BTO:0000713,Macroscopic observation (qualitative observation),interspecies interaction,32125494,,,,
PHIG:9096,G4N7W0,,318829,Magnaporthe oryzae,242507,70-15,strain,Met14delta-Met14transformant(complement by re-introducing the wild-type allele at an ectopic locus) (transformant) [Ectopic],,,4530,Oryza sativa,,cv. CO-39,none,,PHIPO:0000951,,BTO:0000713,Macroscopic observation (qualitative observation),interspecies interaction,32125494,,,,
PHIG:9112,G4NJI5,,318829,Magnaporthe oryzae,242507,70-15,strain,Met3delta (deletion),,,4530,Oryza sativa,,cv. CO-39,none,,PHIPO:0000365,,BTO:0001228,Macroscopic observation (qualitative observation),interspecies interaction,32125494,Reduced virulence,,,
PHIG:9096,G4N7W0,,318829,Magnaporthe oryzae,242507,70-15,strain,Met14delta (deletion),,,4530,Oryza sativa,,cv. CO-39,none,,PHIPO:0000365,,BTO:0001228,Macroscopic observation (qualitative observation),interspecies interaction,32125494,Reduced virulence,,,
PHIG:9112,G4NJI5,,318829,Magnaporthe oryzae,242507,70-15,strain,Met3delta (deletion),,,4513,Hordeum vulgare,,Unknown strain,none,,PHIPO:0000365,,BTO:0000713,Macroscopic observation (qualitative observation),interspecies interaction,32125494,Reduced virulence,,,
PHIG:9096,G4N7W0,,318829,Magnaporthe oryzae,242507,70-15,strain,Met14delta (deletion),,,4513,Hordeum vulgare,,Unknown strain,none,,PHIPO:0000365,,BTO:0000713,Macroscopic observation (qualitative observation),interspecies interaction,32125494,Reduced virulence,,,
PHIG:9112,G4NJI5,,318829,Magnaporthe oryzae,242507,70-15,strain,Met3delta (deletion),,,4513,Hordeum vulgare,,Unknown strain,none,,PHIPO:0000369,,BTO:0005094,Microscopy,interspecies interaction,32125494,Reduced virulence,,,
PHIG:9096,G4N7W0,,318829,Magnaporthe oryzae,242507,70-15,strain,Met14delta (deletion),,,4513,Hordeum vulgare,,Unknown strain,none,,PHIPO:0000369,,BTO:0005094,Microscopy,interspecies interaction,32125494,Reduced virulence,,,
PHIG:8887,A0A1I9FCV5,,5518,Fusarium graminearum,229533,PH-1,strain,Tri5+ (wild type) [Wild type product level],,,4565,Triticum aestivum,,cv. Apogee,none,,,PHIDO:0000163,,,interspecies interaction,38877764,,,,
PHIG:8887,A0A1I9FCV5,,5518,Fusarium graminearum,229533,PH-1,strain,Tri5+ (wild type) [Wild type product level],,,4565,Triticum aestivum,,cv. Apogee,none,,PHIPO:0000331,,BTO:0000469,Microscopy,interspecies interaction,38877764,,,,
PHIG:8887,A0A1I9FCV5,,5518,Fusarium graminearum,229533,PH-1,strain,Tri5 delta (deletion),,,4565,Triticum aestivum,,cv. Apogee,none,,PHIPO:0000359,,BTO:0000469,Microscopy,interspecies interaction,38877764,Reduced virulence,,,
PHIG:8887,A0A1I9FCV5,,5518,Fusarium graminearum,229533,PH-1,strain,Tri5+ (wild type) [Wild type product level],,,4565,Triticum aestivum,,cv. Apogee,none,,PHIPO:0000331,,BTO:0002119,Macroscopic observation (quantitative observation),interspecies interaction,38877764,,,,
PHIG:8887,A0A1I9FCV5,,5518,Fusarium graminearum,229533,PH-1,strain,Tri5 delta (deletion),,,4565,Triticum aestivum,,cv. Apogee,none,,PHIPO:0000359,,BTO:0002119,Macroscopic observation (quantitative observation),interspecies interaction,38877764,Reduced virulence,,,
PHIG:8887,A0A1I9FCV5,,5518,Fusarium graminearum,229533,PH-1,strain,Tri5+ (wild type) [Wild type product level],,,4565,Triticum aestivum,,cv. Apogee,none,,PHIPO:0001083,,BTO:0002119,Microscopy,interspecies interaction,38877764,,,,
PHIG:8887,A0A1I9FCV5,,5518,Fusarium graminearum,229533,PH-1,strain,Tri5 delta (deletion),,,4565,Triticum aestivum,,cv. Apogee,none,,PHIPO:0001083,,BTO:0002119,Microscopy,interspecies interaction,38877764,,,,
PHIG:8887,A0A1I9FCV5,,5518,Fusarium graminearum,229533,PH-1,strain,Tri5+ (wild type) [Wild type product level],,,4565,Triticum aestivum,,cv. Apogee,none,,PHIPO:0000480,,BTO:0005094,Macroscopic observation (qualitative observation),interspecies interaction,38877764,,,,
PHIG:8887,A0A1I9FCV5,,5518,Fusarium graminearum,229533,PH-1,strain,Tri5 delta (deletion),,,4565,Triticum aestivum,,cv. Apogee,none,,PHIPO:0000480,,BTO:0005094,Macroscopic observation (quantitative observation),interspecies interaction,38877764,,,,
PHIG:8887,A0A1I9FCV5,,5518,Fusarium graminearum,229533,PH-1,strain,Tri5+ (wild type) [Wild type product level],,,4565,Triticum aestivum,,cv. Apogee,none,,PHIPO:0000331,,BTO:0001278,Macroscopic observation (qualitative observation),interspecies interaction,38877764,,,,
PHIG:8887,A0A1I9FCV5,,5518,Fusarium graminearum,229533,PH-1,strain,Tri5 delta (deletion),,,4565,Triticum aestivum,,cv. Apogee,none,,PHIPO:0000359,,BTO:0001278,Macroscopic observation (qualitative observation),interspecies interaction,38877764,Reduced virulence,,,
PHIG:8887,A0A1I9FCV5,,5518,Fusarium graminearum,229533,PH-1,strain,Tri5 delta (deletion),,,4565,Triticum aestivum,,cv. Apogee,none,,PHIPO:0000219,,BTO:0001278,Substance quantification evidence,interspecies interaction,38877764,,,,
PHIG:612,Q4HZS8,,5518,Fusarium graminearum,229533,2021,strain,β2tub+ (wild type) [Wild type product level],,,4565,Triticum aestivum,,cv. Yangmai 49,none,,PHIPO:0000480,,BTO:0000468,Macroscopic observation (quantitative observation),interspecies interaction,21077124,,,,
PHIG:612,Q4HZS8,,5518,Fusarium graminearum,229533,2021,strain,β2tubdelta (deletion),,,4565,Triticum aestivum,,cv. Yangmai 49,none,,PHIPO:0000985,,BTO:0000468,Macroscopic observation (quantitative observation),interspecies interaction,21077124,Reduced virulence,,,
PHIG:612,Q4HZS8,,5518,Fusarium graminearum,229533,2021,strain,β2tub-Y50C(Y50C) (amino acid mutation) [Wild type product level],,,4565,Triticum aestivum,,cv. Yangmai 49,none,,PHIPO:0000480,,BTO:0000468,Macroscopic observation (quantitative observation),interspecies interaction,21077124,Unaffected pathogenicity,,,
PHIG:612,Q4HZS8,,5518,Fusarium graminearum,229533,2021,strain,β2tub-F167Y(F167Y) (amino acid mutation) [Wild type product level],,,4565,Triticum aestivum,,cv. Yangmai 49,none,,PHIPO:0000480,,BTO:0000468,Macroscopic observation (quantitative observation),interspecies interaction,21077124,Unaffected pathogenicity,,,
PHIG:612,Q4HZS8,,5518,Fusarium graminearum,229533,2021,strain,β2tub-E198Q(E198Q) (amino acid mutation) [Wild type product level],,,4565,Triticum aestivum,,cv. Yangmai 49,none,,PHIPO:0000480,,BTO:0000468,Macroscopic observation (quantitative observation),interspecies interaction,21077124,Unaffected pathogenicity,,,
PHIG:612,Q4HZS8,,5518,Fusarium graminearum,229533,2021,strain,β2tub-E198K(E198K) (amino acid mutation) [Wild type product level],,,4565,Triticum aestivum,,cv. Yangmai 49,none,,PHIPO:0000480,,BTO:0000468,Macroscopic observation (quantitative observation),interspecies interaction,21077124,Unaffected pathogenicity,,,
PHIG:612,Q4HZS8,,5518,Fusarium graminearum,229533,2021,strain,β2tub-F200Y(F200Y) (amino acid mutation) [Wild type product level],,,4565,Triticum aestivum,,cv. Yangmai 49,none,,PHIPO:0000480,,BTO:0000468,Macroscopic observation (quantitative observation),interspecies interaction,21077124,Unaffected pathogenicity,,,
PHIG:11304,G4NHY5,,318829,Magnaporthe oryzae,242507,,strain,,Q84PB4,,4530,Oryza sativa,39947,,strain,,,,,Two-hybrid,protein-protein interaction,40497787,,,,
PHIG:11304,G4NHY5,,318829,Magnaporthe oryzae,242507,,strain,,Q84PB4,,4530,Oryza sativa,39947,,strain,,,,,PCA,protein-protein interaction,40497787,,,,
PHIG:11304,G4NHY5,,318829,Magnaporthe oryzae,242507,,strain,,Q84PB4,,4530,Oryza sativa,39947,,strain,,,,,Co-purification,protein-protein interaction,40497787,,,,
PHIG:11304,G4NHY5,,318829,Magnaporthe oryzae,242507,Guy11,strain,Apx1+ (wild type) [Wild type product level],,,4530,Oryza sativa,,CO39,none,,PHIPO:0000954,,BTO:0000713,Macroscopic observation (quantitative observation),interspecies interaction,40497787,,,,
PHIG:11304,G4NHY5,,318829,Magnaporthe oryzae,242507,Guy11,strain,Apx1delta (deletion),,,4530,Oryza sativa,,CO39,none,,PHIPO:0000365,,BTO:0000713,Macroscopic observation (quantitative observation),interspecies interaction,40497787,Reduced virulence,,,
,,,318829,Magnaporthe oryzae,,Guy11,none,,Q84PB4,,4530,Oryza sativa,39947,cv. Nipponbare,strain,Psad-OE transformant(overexpression) (transformant) [Ectopic],PHIPO:0000365,,BTO:0000713,Macroscopic observation (quantitative observation),interspecies interaction,40497787,,,,
PHIG:11304,G4NHY5,,318829,Magnaporthe oryzae,242507,Guy11,strain,Apx1delta (deletion),Q84PB4,,4530,Oryza sativa,39947,cv. Nipponbare,strain,Psad-OE transformant(overexpression) (transformant) [Ectopic],PHIPO:0000365,,BTO:0000713,Macroscopic observation (quantitative observation),interspecies interaction,40497787,,,,
,,,318829,Magnaporthe oryzae,,Guy11,none,,Q84PB4,,4530,Oryza sativa,39947,cv. Nipponbare,strain,Psaddelta (deletion),PHIPO:0000368,,BTO:0000713,Macroscopic observation (quantitative observation),interspecies interaction,40497787,,,,
PHIG:11304,G4NHY5,,318829,Magnaporthe oryzae,242507,Guy11,strain,Apx1delta (deletion),Q84PB4,,4530,Oryza sativa,39947,cv. Nipponbare,strain,Psaddelta (deletion),PHIPO:0000954,,BTO:0000713,Macroscopic observation (quantitative observation),interspecies interaction,40497787,,,,
PHIG:11304,G4NHY5,,318829,Magnaporthe oryzae,242507,Guy11,strain,Apx1delta (deletion),,,4530,Oryza sativa,,CO39,none,,PHIPO:0000927,,BTO:0000713,Macroscopic observation (quantitative observation),interspecies interaction,40497787,,,,
PHIG:11304,G4NHY5,,318829,Magnaporthe oryzae,242507,Guy11,strain,Apx1delta-Apx1 transformant(complement by re-introducing the wild-type allele at an ectopic locus) (transformant) [Ectopic],,,4530,Oryza sativa,,CO39,none,,PHIPO:0000954,,BTO:0000713,Macroscopic observation (quantitative observation),interspecies interaction,40497787,Unaffected pathogenicity,,,
PHIG:11304,G4NHY5,,318829,Magnaporthe oryzae,242507,Guy11,strain,Apx1+ (wild type) [Wild type product level],,,4530,Oryza sativa,,CO39,none,,PHIPO:0000928,,BTO:0000713,Macroscopic observation (quantitative observation),interspecies interaction,40497787,,,,
PHIG:11304,G4NHY5,,318829,Magnaporthe oryzae,242507,Guy11,strain,Apx1delta-Apx1 transformant(complement by re-introducing the wild-type allele at an ectopic locus) (transformant) [Ectopic],,,4530,Oryza sativa,,CO39,none,,PHIPO:0000928,,BTO:0000713,Macroscopic observation (quantitative observation),interspecies interaction,40497787,,,,
PHIG:11304,G4NHY5,,318829,Magnaporthe oryzae,242507,Guy11,strain,Apx1+ (wild type) [Wild type product level],,,4530,Oryza sativa,,CO39,none,,,PHIDO:0000315,,,interspecies interaction,40497787,,,,
PHIG:11264,A0A8H6DTC0,,,Bipolaris sorokiniana,,Lankao 9-3,species,Sp1+ (wild type) [Wild type product level],,,4565,Triticum aestivum,,cv. Aikang 58,none,,,PHIDO:0000344,,,interspecies interaction,34741560,,,,
PHIG:11264,A0A8H6DTC0,,,Bipolaris sorokiniana,,Lankao 9-3,species,Sp1+ (wild type) [Wild type product level],,,4565,Triticum aestivum,,cv. Aikang 58,none,,PHIPO:0000954,,BTO:0000713,Macroscopic observation (quantitative observation),interspecies interaction,34741560,,,,
PHIG:11264,A0A8H6DTC0,,,Bipolaris sorokiniana,,Lankao 9-3,species,Sp1delta (deletion),,,4565,Triticum aestivum,,cv. Aikang 58,none,,PHIPO:0000365,,BTO:0000713,Macroscopic observation (quantitative observation),interspecies interaction,34741560,Reduced virulence,,,
PHIG:11264,A0A8H6DTC0,,,Bipolaris sorokiniana,,Lankao 9-3,species,Sp1delta-Sp1 transformant(complement by re-introducing the wild-type allele at an ectopic locus) (transformant) [Ectopic],,,4565,Triticum aestivum,,cv. Aikang 58,none,,PHIPO:0000954,,BTO:0000713,Macroscopic observation (quantitative observation),interspecies interaction,34741560,Unaffected pathogenicity,,,
PHIG:11264,A0A8H6DTC0,,,Bipolaris sorokiniana,,Lankao 9-3,species,Sp1+ (wild type) [Wild type product level],,,4679,Allium cepa,,Unknown strain,none,,PHIPO:0000953,,BTO:0000159,Microscopy,interspecies interaction,34741560,,,,
PHIG:11264,A0A8H6DTC0,,,Bipolaris sorokiniana,,Lankao 9-3,species,Sp1delta (deletion),,,4679,Allium cepa,,Unknown strain,none,,PHIPO:0000371,,BTO:0000159,Microscopy,interspecies interaction,34741560,,,,
PHIG:11264,A0A8H6DTC0,,,Bipolaris sorokiniana,,Lankao 9-3,species,Sp1+ (wild type) [Wild type product level],,,4565,Triticum aestivum,,cv. Aikang 58,none,,PHIPO:0001117,,BTO:0000713,Macroscopic observation (quantitative observation),interspecies interaction,34741560,,,,
PHIG:9480,Q1G7H6,,1047171,Zymoseptoria tritici,,IPO323,species,Slt2+ (wild type) [Wild type product level],,,4565,Triticum aestivum,,cv. Obelisk,none,,,PHIDO:0000329,,,interspecies interaction,16610742,,,,
PHIG:9480,Q1G7H6,,1047171,Zymoseptoria tritici,,IPO323,species,Slt2::Hygromycin (disruption) [Ectopic],,,4565,Triticum aestivum,,cv. Obelisk,none,,PHIPO:0000365,,BTO:0000713,Macroscopic observation (qualitative observation),interspecies interaction,16610742,Reduced virulence,,,
PHIG:9480,Q1G7H6,,1047171,Zymoseptoria tritici,,IPO323,species,Slt2::Hygromycin (disruption) [Ectopic],,,4565,Triticum aestivum,,cv. Obelisk,none,,PHIPO:0000369,,BTO:0000713,Microscopy,interspecies interaction,16610742,Reduced virulence,,,
PHIG:9160,A0A023UJQ9,,5499,Passalora fulva,,race 4,species,Avr5+ (wild type) [Wild type product level],O50025,,62890,Solanum habrochaites,,Unknown strain,species,Cf-4+ (wild type) [Wild type product level],PHIPO:0001200,,BTO:0001228,Macroscopic observation (quantitative observation),gene-for-gene interaction,9437864,,,,
PHIG:9160,A0A023UJQ9,,5499,Passalora fulva,,race 4,species,Avr5+ (wild type) [Wild type product level],O50025,,62890,Solanum habrochaites,,Unknown strain,species,Cf-4+ (wild type) [Wild type product level],,PHIDO:0000209,,,interspecies interaction,9437864,,,,
PHIG:286,A0JC82,,35717,Epichloe festucae,,Fl1,species,noxR-24 (disruption) [Not assayed],,,4522,Lolium perenne,,Unknown strain,none,,PHIPO:0001130,,BTO:0001461,Macroscopic observation (quantitative observation),interspecies interaction,17041146,Loss of mutualism,,,
PHIG:286,A0JC82,,35717,Epichloe festucae,,Fl1,species,noxR-24 (disruption) [Not assayed],,,4522,Lolium perenne,,Unknown strain,none,,PHIPO:0001131,,BTO:0001461,Macroscopic observation (quantitative observation),interspecies interaction,17041146,Loss of mutualism,,,
PHIG:286,A0JC82,,35717,Epichloe festucae,,Fl1,species,noxR-24 (disruption) [Not assayed],,,4522,Lolium perenne,,Unknown strain,none,,PHIPO:0001069,,BTO:0001461,Macroscopic observation (quantitative observation),interspecies interaction,17041146,Loss of mutualism,,,
PHIG:286,A0JC82,,35717,Epichloe festucae,,Fl1,species,noxR-24 (disruption) [Not assayed],,,4522,Lolium perenne,,Unknown strain,none,,PHIPO:0000368,,BTO:0001429,Macroscopic observation (quantitative observation),interspecies interaction,17041146,Loss of mutualism,,,
PHIG:286,A0JC82,,35717,Epichloe festucae,,Fl1,species,noxR-24 (disruption) [Not assayed],,,4522,Lolium perenne,,Unknown strain,none,,PHIPO:0001132,,BTO:0005094,Macroscopic observation (quantitative observation),interspecies interaction,17041146,Loss of mutualism,,,
PHIG:286,A0JC82,,35717,Epichloe festucae,,Fl1,species,noxR-24 (disruption) [Not assayed],,,4522,Lolium perenne,,Unknown strain,none,,PHIPO:0001152,,BTO:0005094,Macroscopic observation (quantitative observation),interspecies interaction,17041146,Loss of mutualism,,,
PHIG:286,A0JC82,,35717,Epichloe festucae,,Fl1,species,noxR-24 (disruption) [Not assayed],,,4522,Lolium perenne,,Unknown strain,none,,PHIPO:0001155,,BTO:0000852,Microscopy,interspecies interaction,17041146,Loss of mutualism,,,
PHIG:286,A0JC82,,35717,Epichloe festucae,,Fl1,species,noxR+ (wild type) [Wild type product level],,,4522,Lolium perenne,,Unknown strain,none,,PHIPO:0001228,,BTO:0000852,Macroscopic observation (quantitative observation),interspecies interaction,17041146,,,,
PHIG:286,A0JC82,,35717,Epichloe festucae,,Fl1,species,noxR+ (wild type) [Overexpression],,,4522,Lolium perenne,,Unknown strain,none,,PHIPO:0001130,,BTO:0001461,Macroscopic observation (quantitative observation),interspecies interaction,17041146,Loss of mutualism,,,
PHIG:286,A0JC82,,35717,Epichloe festucae,,,species,,A0JC80,,35717,Epichloe festucae,,,species,,,,,Two-hybrid,protein-protein interaction,17041146,,,,
PHIG:286,A0JC82,,35717,Epichloe festucae,,,species,,A0JC80,,35717,Epichloe festucae,,,species,,,,,Affinity Capture-MS,protein-protein interaction,17041146,,,,
PHIG:286,A0JC82,,35717,Epichloe festucae,,Fl1,species,noxR-R101E(R101E) (amino acid mutation) [Not assayed],,,4522,Lolium perenne,,Unknown strain,none,,PHIPO:0001130,,BTO:0001461,Macroscopic observation (qualitative observation),interspecies interaction,17041146,Loss of mutualism,,,
PHIG:286,A0JC82,,35717,Epichloe festucae,,Fl1,species,noxR+ (wild type) [Wild type product level],,,4522,Lolium perenne,,Unknown strain,none,,PHIPO:0001005,,BTO:0001461,Macroscopic observation (quantitative observation),interspecies interaction,17041146,,,,
PHIG:286,A0JC82,,35717,Epichloe festucae,,Fl1,species,noxR+ (wild type) [Wild type product level],,,4522,Lolium perenne,,Unknown strain,none,,PHIPO:0000954,,BTO:0001429,Macroscopic observation (quantitative observation),interspecies interaction,17041146,,,,
PHIG:286,A0JC82,,35717,Epichloe festucae,,Fl1,species,noxR+ (wild type) [Wild type product level],,,4522,Lolium perenne,,Unknown strain,none,,PHIPO:0001005,,BTO:0005094,Macroscopic observation (quantitative observation),interspecies interaction,17041146,,,,
PHIG:286,A0JC82,,35717,Epichloe festucae,,Fl1,species,noxR+ (wild type) [Wild type product level],,,4522,Lolium perenne,,Unknown strain,none,,PHIPO:0001004,,BTO:0005094,Macroscopic observation (quantitative observation),interspecies interaction,17041146,,,,
PHIG:8897,G8CYZ6,,5518,Fusarium graminearum,,PH-1,species,Ve1+ (wild type) [Wild type product level],,,4565,Triticum aestivum,,cv. Bobwhite,none,,,PHIDO:0000163,,,interspecies interaction,22140571,,,,
PHIG:8897,G8CYZ6,,5518,Fusarium graminearum,,PH-1,species,Ve1delta (deletion),,,4565,Triticum aestivum,,cv. Bobwhite,none,,PHIPO:0000219,,BTO:0000668,Substance quantification evidence,interspecies interaction,22140571,,,,
PHIG:8897,G8CYZ6,,5518,Fusarium graminearum,,PH-1,species,Ve1delta (deletion),,,4565,Triticum aestivum,,cv. Bobwhite,none,,PHIPO:0000365,,BTO:0001278,Macroscopic observation (qualitative observation),interspecies interaction,22140571,Reduced virulence,,,
PHIG:10915,G4N021,,318829,Magnaporthe oryzae,242507,Guy11,strain,Des1delta (deletion),,,4513,Hordeum vulgare,,no strain,none,,PHIPO:0000363,,BTO:0005094,Macroscopic observation (qualitative observation),interspecies interaction,38056173,Loss of pathogenicity,,,
PHIG:10915,G4N021,,318829,Magnaporthe oryzae,242507,Guy11,strain,Des1+ (wild type) [Wild type product level],,,4513,Hordeum vulgare,,no strain,none,,PHIPO:0000951,,BTO:0005094,Macroscopic observation (qualitative observation),interspecies interaction,38056173,,,,
PHIG:10915,G4N021,,318829,Magnaporthe oryzae,242507,Guy11,strain,Des1delta-Des1 transformant(complement by re-introducing the wild-type allele at an ectopic locus) (transformant) [Ectopic],,,4513,Hordeum vulgare,,no strain,none,,PHIPO:0000951,,BTO:0005094,Macroscopic observation (qualitative observation),interspecies interaction,38056173,Unaffected pathogenicity,,,
PHIG:10915,G4N021,,318829,Magnaporthe oryzae,242507,Guy11,strain,Des1delta (deletion),,,4530,Oryza sativa,,cv. CO-39,none,,PHIPO:0000363,,BTO:0001228,Macroscopic observation (qualitative observation),interspecies interaction,38056173,Loss of pathogenicity,,,
PHIG:10915,G4N021,,318829,Magnaporthe oryzae,242507,Guy11,strain,Des1+ (wild type) [Wild type product level],,,4530,Oryza sativa,,cv. CO-39,none,,PHIPO:0000951,,BTO:0001228,Macroscopic observation (qualitative observation),interspecies interaction,38056173,,,,
PHIG:10915,G4N021,,318829,Magnaporthe oryzae,242507,Guy11,strain,Des1delta-Des1 transformant(complement by re-introducing the wild-type allele at an ectopic locus) (transformant) [Ectopic],,,4530,Oryza sativa,,cv. CO-39,none,,PHIPO:0000951,,BTO:0001228,Macroscopic observation (qualitative observation),interspecies interaction,38056173,Unaffected pathogenicity,,,
PHIG:10915,G4N021,,318829,Magnaporthe oryzae,242507,Guy11,strain,Des1+ (wild type) [Wild type product level],,,4513,Hordeum vulgare,,no strain,none,,,PHIDO:0000053,,,interspecies interaction,38056173,,,,
PHIG:10915,G4N021,,318829,Magnaporthe oryzae,242507,Guy11,strain,Des1+ (wild type) [Wild type product level],,,4530,Oryza sativa,,cv. CO-39,none,,,PHIDO:0000315,,,interspecies interaction,38056173,,,,
PHIG:3961,Q9FDG1,,347,Xanthomonas oryzae,64187,PXO86mx53,strain,AvrXa7(mutation) (nonsense mutation) [Not assayed],A0A887SSQ6,,4530,Oryza sativa,39946,IRBB7,strain,Xa7+ (wild type) [Wild type product level],PHIPO:0001204,,BTO:0000713,Macroscopic observation (qualitative observation),interspecies interaction,10931960,Reduced virulence,,,
PHIG:3961,Q9FDG1,,347,Xanthomonas oryzae,64187,PXO86mx53,strain,AvrXa7(mutation) (nonsense mutation) [Not assayed],,,4530,Oryza sativa,,cv. IR24,none,,PHIPO:0000365,,BTO:0000713,Macroscopic observation (qualitative observation),interspecies interaction,10931960,Reduced virulence,,,
PHIG:3961,Q9FDG1,,347,Xanthomonas oryzae,64187,PXO86,strain,AvrXa7+ (wild type) [Wild type product level],,,4530,Oryza sativa,,cv. IR24,none,,,PHIDO:0000024,,,interspecies interaction,10931960,,,,
PHIG:3961,Q9FDG1,,347,Xanthomonas oryzae,64187,PXO86mx53,strain,AvrXa7-TGA(stop condon TGA1064 added) (nucleotide insertion) [Not assayed],A0A887SSQ6,,4530,Oryza sativa,39946,IRBB7,strain,Xa7+ (wild type) [Wild type product level],PHIPO:0001204,,BTO:0000713,Macroscopic observation (qualitative observation),interspecies interaction,10931960,Reduced virulence,,,
PHIG:3961,Q9FDG1,,347,Xanthomonas oryzae,64187,PXO86mx53,strain,AvrXa7-TGA(stop condon TGA1064 added) (nucleotide insertion) [Not assayed],,,4530,Oryza sativa,,cv. IR24,none,,PHIPO:0000365,,BTO:0000713,Macroscopic observation (qualitative observation),interspecies interaction,10931960,,,,
PHIG:3961,Q9FDG1,,347,Xanthomonas oryzae,64187,PXO86,strain,AvrXa7+ (wild type) [Wild type product level],A0A887SSQ6,,4530,Oryza sativa,39946,IRBB7,strain,Xa7+ (wild type) [Wild type product level],PHIPO:0000192,,BTO:0000713,Macroscopic observation (qualitative observation),interspecies interaction,10931960,,,,
PHIG:3434,A0A1S6KZ79,,112498,Ramularia collo-cygni,,DK05,species,SdhB(N224I) (amino acid mutation) [Not assayed],,,4513,Hordeum vulgare,,optic,none,,PHIPO:0000480,,BTO:0003938,Macroscopic observation (qualitative observation),interspecies interaction,27644008,Unaffected pathogenicity,,,
PHIG:3435,A0A1S6KZ87,,112498,Ramularia collo-cygni,,DK05,species,SdhC(H142R) (amino acid mutation) [Not assayed],,,4513,Hordeum vulgare,,optic,none,,PHIPO:0000480,,BTO:0003938; BTO:0003938,Macroscopic observation (qualitative observation),interspecies interaction,27644008,Unaffected pathogenicity,,,
PHIG:3434,A0A1S6KZ79,,112498,Ramularia collo-cygni,,DK05,species,SdhB+ (wild type) [Wild type product level],,,4513,Hordeum vulgare,,optic,none,,PHIPO:0000480,,BTO:0003938,Macroscopic observation (qualitative observation),interspecies interaction,27644008,,,,
PHIG:3435,A0A1S6KZ87,,112498,Ramularia collo-cygni,,DK05,species,SdhC+ (wild type) [Wild type product level],,,4513,Hordeum vulgare,,optic,none,,PHIPO:0000480,,BTO:0003938,Macroscopic observation (qualitative observation),interspecies interaction,27644008,,,,
PHIG:7751,I1RJR2,,5518,Fusarium graminearum,229533,BM50,strain,CYP51A+ (wild type) [Wild type product level],,,4565,Triticum aestivum,,cv. Huaimai 33,none,,PHIPO:0000480,,BTO:0000268,Macroscopic observation (quantitative observation),interspecies interaction,30497711,,,,
PHIG:7751,I1RJR2,,5518,Fusarium graminearum,229533,BM50,strain,CYP51A+ (wild type) [Wild type product level],,,4565,Triticum aestivum,,cv. Huaimai 33,none,,PHIPO:0000480,,BTO:0000628,Macroscopic observation (quantitative observation),interspecies interaction,30497711,,,,
PHIG:7751,I1RJR2,,5518,Fusarium graminearum,229533,2021,strain,CYP51A+ (wild type) [Wild type product level],,,4565,Triticum aestivum,,cv. Huaimai 33,none,,PHIPO:0000480,,BTO:0000268,Macroscopic observation (quantitative observation),interspecies interaction,30497711,,,,
PHIG:7751,I1RJR2,,5518,Fusarium graminearum,229533,2021,strain,CYP51A+ (wild type) [Wild type product level],,,4565,Triticum aestivum,,cv. Huaimai 33,none,,PHIPO:0000480,,BTO:0000628,Macroscopic observation (quantitative observation),interspecies interaction,30497711,,,,
PHIG:7751,I1RJR2,,5518,Fusarium graminearum,229533,BM50,strain,"FgCYP51A(E103Q, V157L) (amino acid mutation) [Overexpression]",,,4565,Triticum aestivum,,cv. Huaimai 33,none,,PHIPO:0000985,,BTO:0000268,Macroscopic observation (quantitative observation),interspecies interaction,30497711,Reduced virulence,,,
PHIG:7751,I1RJR2,,5518,Fusarium graminearum,229533,BM50,strain,"FgCYP51A(E103Q, V157L) (amino acid mutation) [Overexpression]",,,4565,Triticum aestivum,,cv. Huaimai 33,none,,PHIPO:0000985,,BTO:0000628,Macroscopic observation (quantitative observation),interspecies interaction,30497711,Reduced virulence,,,
PHIG:7751,I1RJR2,,5518,Fusarium graminearum,229533,2021,strain,FgCYP51A(D243N) (amino acid mutation) [Overexpression],,,4565,Triticum aestivum,,cv. Huaimai 33,none,,PHIPO:0000985,,BTO:0000268,Macroscopic observation (quantitative observation),interspecies interaction,30497711,Reduced virulence,,,
PHIG:7751,I1RJR2,,5518,Fusarium graminearum,229533,2021,strain,FgCYP51A(D243N) (amino acid mutation) [Overexpression],,,4565,Triticum aestivum,,cv. Huaimai 33,none,,PHIPO:0000985,,BTO:0000628,Macroscopic observation (quantitative observation),interspecies interaction,30497711,Reduced virulence,,,
PHIG:7751,I1RJR2,,5518,Fusarium graminearum,229533,BM6,strain,CYP51A+ (wild type) [Wild type product level],,,4565,Triticum aestivum,,cv. Huaimai 33,none,,PHIPO:0000480,,BTO:0000268,Macroscopic observation (quantitative observation),interspecies interaction,30497711,,,,
PHIG:7751,I1RJR2,,5518,Fusarium graminearum,229533,BM6,strain,CYP51A+ (wild type) [Wild type product level],,,4565,Triticum aestivum,,cv. Huaimai 33,none,,PHIPO:0000480,,BTO:0000628,Macroscopic observation (quantitative observation),interspecies interaction,30497711,,,,
PHIG:7751,I1RJR2,,5518,Fusarium graminearum,229533,BM6,strain,FgCYP51A(G443S) (amino acid mutation) [Overexpression],,,4565,Triticum aestivum,,cv. Huaimai 33,none,,PHIPO:0000480,,BTO:0000268,Macroscopic observation (quantitative observation),interspecies interaction,30497711,Unaffected pathogenicity,,,
PHIG:7751,I1RJR2,,5518,Fusarium graminearum,229533,BM6,strain,FgCYP51A(G443S) (amino acid mutation) [Overexpression],,,4565,Triticum aestivum,,cv. Huaimai 33,none,,PHIPO:0000480,,BTO:0000628,Macroscopic observation (quantitative observation),interspecies interaction,30497711,Unaffected pathogenicity,,,
PHIG:7751,I1RJR2,,5518,Fusarium graminearum,229533,BM50,strain,CYP51A+ (wild type) [Wild type product level],,,4565,Triticum aestivum,,cv. Huaimai 33,none,,,PHIDO:0000163,BTO:0000628,,interspecies interaction,30497711,,,,
PHIG:7751,I1RJR2,,5518,Fusarium graminearum,229533,BM50,strain,CYP51A+ (wild type) [Wild type product level],,,4565,Triticum aestivum,,cv. Huaimai 33,none,,,PHIDO:0000163,BTO:0000268,,interspecies interaction,30497711,,,,
PHIG:7751,I1RJR2,,5518,Fusarium graminearum,229533,2021,strain,CYP51A+ (wild type) [Wild type product level],,,4565,Triticum aestivum,,cv. Huaimai 33,none,,,PHIDO:0000163,BTO:0000628,,interspecies interaction,30497711,,,,
PHIG:7751,I1RJR2,,5518,Fusarium graminearum,229533,2021,strain,CYP51A+ (wild type) [Wild type product level],,,4565,Triticum aestivum,,cv. Huaimai 33,none,,,PHIDO:0000163,BTO:0000268,,interspecies interaction,30497711,,,,
PHIG:7751,I1RJR2,,5518,Fusarium graminearum,229533,BM6,strain,CYP51A+ (wild type) [Wild type product level],,,4565,Triticum aestivum,,cv. Huaimai 33,none,,,PHIDO:0000163,BTO:0000628,,interspecies interaction,30497711,,,,
PHIG:7751,I1RJR2,,5518,Fusarium graminearum,229533,BM6,strain,CYP51A+ (wild type) [Wild type product level],,,4565,Triticum aestivum,,cv. Huaimai 33,none,,,PHIDO:0000163,BTO:0000268,,interspecies interaction,30497711,,,,
PHIG:11389,W7LX41,,117187,Fusarium verticillioides,334819,Unknown strain,strain,Ssk2+ (wild type) [Wild type product level],,,4577,Zea mays,,Unknown strain,none,,,PHIDO:0000126,,,interspecies interaction,41649761,,,,
PHIG:11388,W7LTW3,,117187,Fusarium verticillioides,334819,Unknown strain,strain,Pbs2+ (wild type) [Wild type product level],,,4577,Zea mays,,Unknown strain,none,,,PHIDO:0000126,,,interspecies interaction,41649761,,,,
PHIG:11389,W7LX41,,117187,Fusarium verticillioides,334819,Unknown strain,strain,Ssk2delta (deletion),,,4577,Zea mays,,Unknown strain,none,,PHIPO:0000365,,BTO:0005305,Macroscopic observation (quantitative observation),interspecies interaction,41649761,Reduced virulence,,,
PHIG:11389,W7LX41,,117187,Fusarium verticillioides,334819,Unknown strain,strain,Ssk2+ (wild type) [Wild type product level],,,4577,Zea mays,,Unknown strain,none,,PHIPO:0000951,,BTO:0005305,Macroscopic observation (quantitative observation),interspecies interaction,41649761,,,,
PHIG:11389,W7LX41,,117187,Fusarium verticillioides,334819,Unknown strain,strain,Ssk2delta-Ssk2 transformant(complement by re-introducing the wild-type allele at an ectopic locus) (transformant) [Ectopic],,,4577,Zea mays,,Unknown strain,none,,PHIPO:0000951,,BTO:0005305,Macroscopic observation (quantitative observation),interspecies interaction,41649761,Unaffected pathogenicity,,,
PHIG:11388,W7LTW3,,117187,Fusarium verticillioides,334819,Unknown strain,strain,Pbs2delta (deletion),,,4577,Zea mays,,Unknown strain,none,,PHIPO:0000365,,BTO:0005305,Macroscopic observation (quantitative observation),interspecies interaction,41649761,Reduced virulence,,,
PHIG:11388,W7LTW3,,117187,Fusarium verticillioides,334819,Unknown strain,strain,Pbs2+ (wild type) [Wild type product level],,,4577,Zea mays,,Unknown strain,none,,PHIPO:0000951,,BTO:0005305,Macroscopic observation (quantitative observation),interspecies interaction,41649761,,,,
PHIG:11388,W7LTW3,,117187,Fusarium verticillioides,334819,Unknown strain,strain,Pbs2delta-Pbs2 transformant(complement by re-introducing the wild-type allele at an ectopic locus) (transformant) [Ectopic],,,4577,Zea mays,,Unknown strain,none,,PHIPO:0000951,,BTO:0005305,Macroscopic observation (quantitative observation),interspecies interaction,41649761,Unaffected pathogenicity,,,
PHIG:11392,W7M468,,117187,Fusarium verticillioides,334819,Unknown strain,strain,Hog1delta (deletion),,,4577,Zea mays,,Unknown strain,none,,PHIPO:0000365,,BTO:0005305,Macroscopic observation (quantitative observation),interspecies interaction,41649761,Reduced virulence,,,
PHIG:11392,W7M468,,117187,Fusarium verticillioides,334819,Unknown strain,strain,Hog1+ (wild type) [Wild type product level],,,4577,Zea mays,,Unknown strain,none,,PHIPO:0000951,,BTO:0005305,Macroscopic observation (quantitative observation),interspecies interaction,41649761,,,,
PHIG:11392,W7M468,,117187,Fusarium verticillioides,334819,Unknown strain,strain,Hog1delta-Hog1 transformant(complement by re-introducing the wild-type allele at an ectopic locus) (transformant) [Ectopic],,,4577,Zea mays,,Unknown strain,none,,PHIPO:0000951,,BTO:0005305,Macroscopic observation (quantitative observation),interspecies interaction,41649761,Unaffected pathogenicity,,,
PHIG:11391,W7M389,,117187,Fusarium verticillioides,334819,Unknown strain,strain,Sho1delta (deletion),,,4577,Zea mays,,Unknown strain,none,,PHIPO:0000365,,BTO:0005305,Macroscopic observation (quantitative observation),interspecies interaction,41649761,Reduced virulence,,,
PHIG:11391,W7M389,,117187,Fusarium verticillioides,334819,Unknown strain,strain,Sho1+ (wild type) [Wild type product level],,,4577,Zea mays,,Unknown strain,none,,PHIPO:0000951,,BTO:0005305,Macroscopic observation (quantitative observation),interspecies interaction,41649761,,,,
PHIG:11391,W7M389,,117187,Fusarium verticillioides,334819,Unknown strain,strain,Sho1delta-Sho1 transformant(complement by re-introducing the wild-type allele at an ectopic locus) (transformant) [Ectopic],,,4577,Zea mays,,Unknown strain,none,,PHIPO:0000951,,BTO:0005305,Macroscopic observation (quantitative observation),interspecies interaction,41649761,Unaffected pathogenicity,,,
PHIG:11390,W7LY80,,117187,Fusarium verticillioides,334819,Unknown strain,strain,Sln1delta (deletion),,,4577,Zea mays,,Unknown strain,none,,PHIPO:0000951,,BTO:0005305,Macroscopic observation (quantitative observation),interspecies interaction,41649761,Unaffected pathogenicity,,,
PHIG:11390,W7LY80,,117187,Fusarium verticillioides,334819,Unknown strain,strain,Sln1+ (wild type) [Wild type product level],,,4577,Zea mays,,Unknown strain,none,,PHIPO:0000951,,BTO:0005305,Macroscopic observation (quantitative observation),interspecies interaction,41649761,,,,
PHIG:11390,W7LY80,,117187,Fusarium verticillioides,334819,Unknown strain,strain,Sln1delta-Sln1 transformant(complement by re-introducing the wild-type allele at an ectopic locus) (transformant) [Ectopic],,,4577,Zea mays,,Unknown strain,none,,PHIPO:0000951,,BTO:0005305,Macroscopic observation (quantitative observation),interspecies interaction,41649761,Unaffected pathogenicity,,,
PHIG:11392,W7M468,,117187,Fusarium verticillioides,334819,Unknown strain,strain,Hog1+ (wild type) [Wild type product level],,,4577,Zea mays,,Unknown strain,none,,,PHIDO:0000126,,,interspecies interaction,41649761,,,,
PHIG:11391,W7M389,,117187,Fusarium verticillioides,334819,Unknown strain,strain,Sho1+ (wild type) [Wild type product level],,,4577,Zea mays,,Unknown strain,none,,,PHIDO:0000126,,,interspecies interaction,41649761,,,,
PHIG:11390,W7LY80,,117187,Fusarium verticillioides,334819,Unknown strain,strain,Sln1+ (wild type) [Wild type product level],,,4577,Zea mays,,Unknown strain,none,,,PHIDO:0000126,,,interspecies interaction,41649761,,,,
PHIG:2781,P53373,,40559,Botrytis cinerea,,NJ11,species,tubA+ (wild type) [Wild type product level],,,4081,Solanum lycopersicum,,BeiBei,none,,PHIPO:0000480,,BTO:0000486,Microscopy,interspecies interaction,26596626,,,,
PHIG:2781,P53373,,40559,Botrytis cinerea,,NJ11,species,tubA(M233I) (amino acid mutation) [Not assayed],,,4081,Solanum lycopersicum,,BeiBei,none,,PHIPO:0000985,,BTO:0000486,Microscopy,interspecies interaction,26596626,Reduced virulence,,,
PHIG:2781,P53373,,40559,Botrytis cinerea,,NJ11,species,tubA+ (wild type) [Wild type product level],,,4081,Solanum lycopersicum,,BeiBei,none,,,PHIDO:0000178,BTO:0000486,,interspecies interaction,26596626,,,,
PHIG:11424,D0P3A2,,4787,Phytophthora infestans,403677,88069,strain,AVRamr3+ (wild type) [Ectopic],,,4113,Solanum tuberosum,,SLJ24895-5C,none,,PHIPO:0000365,,BTO:0000713,Macroscopic observation (quantitative observation),interspecies interaction,35915586,,,,
PHIG:11424,D0P3A2,,4787,Phytophthora infestans,403677,,strain,,A0A165UH00,,,Solanum americanum,,,species,,,,,PCA,protein-protein interaction,35915586,,,,
PHIG:11424,D0P3A2,,4787,Phytophthora infestans,403677,,strain,,A0A165UH00,,,Solanum americanum,,,species,,,,,Co-purification,protein-protein interaction,35915586,,,,
PHIG:11424,D0P3A2,,4787,Phytophthora infestans,403677,88069,strain,AVRamr3+ (wild type) [Ectopic],,,4113,Solanum tuberosum,,cv. Maris Piper,none,,,PHIDO:0000206,,,interspecies interaction,35915586,,,,
PHIG:11424,D0P3A2,,4787,Phytophthora infestans,403677,88069,strain,AVRamr3+ (wild type) [Ectopic],A0A165UH00,,,Solanum americanum,,Unknown strain,species,Rpi-amr3+ (wild type) [Wild type product level],PHIPO:0000192,,BTO:0000713,Macroscopic observation (qualitative observation),gene-for-gene interaction,35915586,,,,
PHIG:11427,W2RF87,,,Phytophthora parasitica,,Unknown strain,species,AVRamr3+ (wild type) [Ectopic],A0A165UH00,,,Solanum americanum,,Unknown strain,species,Rpi-amr3+ (wild type) [Wild type product level],PHIPO:0000192,,BTO:0000713,Macroscopic observation (qualitative observation),gene-for-gene interaction,35915586,,,,
PHIG:11425,A0A2P4XUF0,,4796,Phytophthora palmivora,,Unknown strain,species,AVRamr3+ (wild type) [Ectopic],A0A165UH00,,,Solanum americanum,,Unknown strain,species,Rpi-amr3+ (wild type) [Wild type product level],PHIPO:0000192,,BTO:0000713,Macroscopic observation (qualitative observation),gene-for-gene interaction,35915586,,,,
PHIG:6278,F9XG71,,1047171,Zymoseptoria tritici,336722,IPO323,strain,MgMfs1+ (wild type) [Wild type product level],,,4565,Triticum aestivum,,cv. Obelisk,none,,PHIPO:0000480,,BTO:0000713,Macroscopic observation (quantitative observation),interspecies interaction,17107817,,,,
PHIG:6278,F9XG71,,1047171,Zymoseptoria tritici,336722,IPO323,strain,MgMfs1::Hyg cassette (disruption) [Knockdown],,,4565,Triticum aestivum,,cv. Obelisk,none,,PHIPO:0000480,,BTO:0000713,Macroscopic observation (quantitative observation),interspecies interaction,17107817,Unaffected pathogenicity,,,
PHIG:3961,Q9FDG1,,347,Xanthomonas oryzae,64187,PXO99AME2,strain,AvrXa7+ (wild type) [Wild type product level],,,4530,Oryza sativa,,cv. Nipponbare,none,,,PHIDO:0000024,,,interspecies interaction,15720083,,,,
PHIG:3961,Q9FDG1,,347,Xanthomonas oryzae,64187,PXO99AME2,strain,AvrXa7-18delta(pthXo4) (amino acid insertion and mutation) [Not assayed],A0A887SSQ6,,4530,Oryza sativa,39946,IRBB7,strain,Xa7+ (wild type) [Wild type product level],PHIPO:0000182,,BTO:0000713,Macroscopic observation (quantitative observation),interspecies interaction,15720083,,,,
PHIG:3961,Q9FDG1,,347,Xanthomonas oryzae,64187,PXO99AME2,strain,AvrXa7+ (wild type) [Wild type product level],A0A887SSQ6,,4530,Oryza sativa,39946,IRBB7,strain,Xa7+ (wild type) [Wild type product level],PHIPO:0000192,,BTO:0000713,Macroscopic observation (quantitative observation),interspecies interaction,15720083,,,,
PHIG:3961,Q9FDG1,,347,Xanthomonas oryzae,64187,PXO99AME2,strain,AvrXa7-delta38(the SphI fragment replaced) (amino acid insertion and mutation) [Not assayed],A0A887SSQ6,,4530,Oryza sativa,39946,IRBB7,strain,Xa7+ (wild type) [Wild type product level],PHIPO:0000192,,BTO:0000713,Macroscopic observation (quantitative observation),interspecies interaction,15720083,,,,
PHIG:3961,Q9FDG1,,347,Xanthomonas oryzae,64187,PXO99AME2,strain,AvrXa7+ (wild type) [Wild type product level],,,4530,Oryza sativa,,cv. IR24,none,,PHIPO:0000192,,BTO:0000713,Macroscopic observation (quantitative observation),interspecies interaction,15720083,,,,
PHIG:3961,Q9FDG1,,347,Xanthomonas oryzae,64187,PXO99AME2,strain,AvrXa7-delta38(the SphI fragment replaced) (amino acid insertion and mutation) [Not assayed],,,4530,Oryza sativa,,cv. IR24,none,,PHIPO:0000192,,BTO:0000713,Macroscopic observation (quantitative observation),interspecies interaction,15720083,,,,
PHIG:3961,Q9FDG1,,347,Xanthomonas oryzae,64187,PXO99AME2,strain,AvrXa7-18delta(pthXo4) (amino acid insertion and mutation) [Not assayed],,,4530,Oryza sativa,,cv. IR24,none,,PHIPO:0000192,,BTO:0000713,Macroscopic observation (quantitative observation),interspecies interaction,15720083,,,,
PHIG:3961,Q9FDG1,,347,Xanthomonas oryzae,64187,PXO99AME2,strain,AvrXa7-sacB29(pthXo5) (amino acid insertion and mutation) [Not assayed],A0A887SSQ6,,4530,Oryza sativa,39946,IRBB7,strain,Xa7+ (wild type) [Wild type product level],PHIPO:0000182,,BTO:0000713,Macroscopic observation (quantitative observation),interspecies interaction,15720083,,,,
PHIG:3961,Q9FDG1,,347,Xanthomonas oryzae,64187,PXO99AME2,strain,AvrXa7-sacB50(SphI fragments replaced) (amino acid insertion and mutation) [Not assayed],A0A887SSQ6,,4530,Oryza sativa,39946,IRBB7,strain,Xa7+ (wild type) [Wild type product level],PHIPO:0000192,,BTO:0000713,Macroscopic observation (quantitative observation),interspecies interaction,15720083,,,,
PHIG:3961,Q9FDG1,,347,Xanthomonas oryzae,64187,PXO99AME2,strain,AvrXa7-sacB29(pthXo5) (amino acid insertion and mutation) [Not assayed],,,4530,Oryza sativa,,cv. IR24,none,,PHIPO:0000954,,BTO:0000713,Macroscopic observation (quantitative observation),interspecies interaction,15720083,,,,
PHIG:3961,Q9FDG1,,347,Xanthomonas oryzae,64187,PXO99AME2,strain,AvrXa7+ (wild type) [Wild type product level],,,4530,Oryza sativa,,cv. IR24,none,,PHIPO:0000951,,BTO:0000713,Macroscopic observation (quantitative observation),interspecies interaction,15720083,,,,
PHIG:3961,Q9FDG1,,347,Xanthomonas oryzae,64187,PXO99AME2,strain,AvrXa7-sacB50(SphI fragments replaced) (amino acid insertion and mutation) [Not assayed],,,4530,Oryza sativa,,cv. IR24,none,,PHIPO:0000192,,BTO:0000713,Macroscopic observation (quantitative observation),interspecies interaction,15720083,,,,
PHIG:3961,Q9FDG1,,347,Xanthomonas oryzae,64187,PXO99AME2,strain,AvrXa7-sacB50(SphI fragments replaced) (amino acid insertion and mutation) [Not assayed],,,4530,Oryza sativa,,cv. Nipponbare,none,,PHIPO:0000182,,BTO:0000713,Macroscopic observation (quantitative observation),interspecies interaction,15720083,,,,
PHIG:1481,Q6FPF2,,5478,Candida glabrata,284593,CBS138,strain,Fus3+ (wild type) [Wild type product level],,,10090,Mus musculus,,BALB/c,none,,,PHIDO:0000120,,,interspecies interaction,39475321,,,,
PHIG:1481,Q6FPF2,,5478,Candida glabrata,284593,CBS138,strain,Fus3delta (deletion),,,10090,Mus musculus,,BALB/c,none,,PHIPO:0000951,,BTO:0000671,Macroscopic observation (qualitative observation),interspecies interaction,39475321,Unaffected pathogenicity,,,
PHIG:1481,Q6FPF2,,5478,Candida glabrata,284593,CBS138,strain,Fus3delta (deletion),,,10090,Mus musculus,,BALB/c,none,,PHIPO:0000951,,BTO:0000759,Macroscopic observation (qualitative observation),interspecies interaction,39475321,Unaffected pathogenicity,,,
PHIG:1481,Q6FPF2,,5478,Candida glabrata,284593,CBS138,strain,Fus3delta (deletion),,,10090,Mus musculus,,BALB/c,none,,PHIPO:0000951,,BTO:0001281,Macroscopic observation (qualitative observation),interspecies interaction,39475321,Unaffected pathogenicity,,,
PHIG:1481,Q6FPF2,,5478,Candida glabrata,284593,CBS138,strain,Fus3delta (deletion),,,10090,Mus musculus,,BALB/c,none,,PHIPO:0000951,,BTO:0001307,Macroscopic observation (qualitative observation),interspecies interaction,39475321,Unaffected pathogenicity,,,
PHIG:1481,Q6FPF2,,5478,Candida glabrata,284593,CBS138,strain,Fus3delta (deletion),,,10090,Mus musculus,,BALB/c,none,,PHIPO:0000951,,BTO:0000269,Macroscopic observation (qualitative observation),interspecies interaction,39475321,Unaffected pathogenicity,,,
PHIG:1481,Q6FPF2,,5478,Candida glabrata,284593,CBS138,strain,Fus3+ (wild type) [Wild type product level],,,10090,Mus musculus,,BALB/c,none,,PHIPO:0000951,,BTO:0000671,Macroscopic observation (qualitative observation),interspecies interaction,39475321,,,,
PHIG:1481,Q6FPF2,,5478,Candida glabrata,284593,CBS138,strain,Fus3+ (wild type) [Wild type product level],,,10090,Mus musculus,,BALB/c,none,,PHIPO:0000951,,BTO:0001281,Macroscopic observation (qualitative observation),interspecies interaction,39475321,,,,
PHIG:1481,Q6FPF2,,5478,Candida glabrata,284593,CBS138,strain,Fus3+ (wild type) [Wild type product level],,,10090,Mus musculus,,BALB/c,none,,PHIPO:0000951,,BTO:0001307,Macroscopic observation (qualitative observation),interspecies interaction,39475321,,,,
PHIG:1481,Q6FPF2,,5478,Candida glabrata,284593,CBS138,strain,Fus3+ (wild type) [Wild type product level],,,10090,Mus musculus,,BALB/c,none,,PHIPO:0000951,,BTO:0000269,Macroscopic observation (qualitative observation),interspecies interaction,39475321,,,,
PHIG:1481,Q6FPF2,,5478,Candida glabrata,284593,CBS138,strain,Fus3+ (wild type) [Wild type product level],,,10090,Mus musculus,,BALB/c,none,,PHIPO:0000951,,BTO:0000759,Macroscopic observation (qualitative observation),interspecies interaction,39475321,,,,
PHIG:10400,Q6FMY8,,5478,Candida glabrata,284593,CBS138,strain,Kss1delta (deletion),,,10090,Mus musculus,,BALB/c,none,,PHIPO:0000951,,BTO:0000671,Macroscopic observation (qualitative observation),interspecies interaction,39475321,Unaffected pathogenicity,,,
PHIG:10400,Q6FMY8,,5478,Candida glabrata,284593,CBS138,strain,Kss1delta (deletion),,,10090,Mus musculus,,BALB/c,none,,PHIPO:0000951,,BTO:0000759,Macroscopic observation (qualitative observation),interspecies interaction,39475321,Unaffected pathogenicity,,,
PHIG:10400,Q6FMY8,,5478,Candida glabrata,284593,CBS138,strain,Kss1delta (deletion),,,10090,Mus musculus,,BALB/c,none,,PHIPO:0000951,,BTO:0001281; BTO:0001307,Macroscopic observation (qualitative observation),interspecies interaction,39475321,Unaffected pathogenicity,,,
PHIG:10400,Q6FMY8,,5478,Candida glabrata,284593,CBS138,strain,Kss1delta (deletion),,,10090,Mus musculus,,BALB/c,none,,PHIPO:0000951,,BTO:0001307,Macroscopic observation (qualitative observation),interspecies interaction,39475321,Unaffected pathogenicity,,,
PHIG:10400,Q6FMY8,,5478,Candida glabrata,284593,CBS138,strain,Kss1delta (deletion),,,10090,Mus musculus,,BALB/c,none,,PHIPO:0000951,,BTO:0001281; BTO:0000269,Macroscopic observation (qualitative observation),interspecies interaction,39475321,Unaffected pathogenicity,,,
PHIG:10400,Q6FMY8,,5478,Candida glabrata,284593,CBS138,strain,Kss1delta (deletion),,,10090,Mus musculus,,BALB/c,none,,PHIPO:0000365,,BTO:0000801,Macroscopic observation (qualitative observation),interspecies interaction,39475321,Reduced virulence,,,
PHIG:1481,Q6FPF2,,5478,Candida glabrata,284593,CBS138,strain,Fus3delta (deletion),,,10090,Mus musculus,,BALB/c,none,,PHIPO:0000954,,BTO:0000801,Macroscopic observation (qualitative observation),interspecies interaction,39475321,Unaffected pathogenicity,,,
PHIG:11282,A0A194WBT0,,,Cytospora mali,,03-8,species,Tpp3+ (wild type) [Wild type product level],,,3750,Malus domestica,,cv. Fuji,none,,,PHIDO:0000499,,,interspecies interaction,40879171,,,,
PHIG:11282,A0A194WBT0,,,Cytospora mali,,03-8,species,Tpp3delta (deletion),,,3750,Malus domestica,,cv. Fuji,none,,PHIPO:0000365,,BTO:0001411,Macroscopic observation (qualitative observation),interspecies interaction,40879171,Reduced virulence,,,
PHIG:11282,A0A194WBT0,,,Cytospora mali,,03-8,species,Tpp3+ (wild type) [Wild type product level],,,3750,Malus domestica,,cv. Fuji,none,,PHIPO:0000951,,BTO:0001411,Macroscopic observation (qualitative observation),interspecies interaction,40879171,,,,
PHIG:11282,A0A194WBT0,,,Cytospora mali,,03-8,species,Tpp3delta-Tpp3 transformant(complement by re-introducing the wild-type allele at an ectopic locus) (transformant) [Ectopic],,,3750,Malus domestica,,cv. Fuji,none,,PHIPO:0000951,,BTO:0001411,Macroscopic observation (qualitative observation),interspecies interaction,40879171,Unaffected pathogenicity,,,
PHIG:11282,A0A194WBT0,,,Cytospora mali,,,species,,Q9M5X7,,3750,Malus domestica,,,species,,,,,Two-hybrid,protein-protein interaction,40879171,,,,
PHIG:11282,A0A194WBT0,,,Cytospora mali,,,species,,Q9M5X7,,3750,Malus domestica,,,species,,,,,Co-purification,protein-protein interaction,40879171,,,,
PHIG:11282,A0A194WBT0,,,Cytospora mali,,,species,,Q9M5X7,,3750,Malus domestica,,,species,,,,,PCA,protein-protein interaction,40879171,,,,
,,,578113,Cytospora mali,,03-8,none,,Q9M5X7,,3750,Malus domestica,,cv. Fuji,species,Ltp1+ (wild type) [Wild type product level],PHIPO:0000954,,BTO:0001010,Macroscopic observation (quantitative observation),interspecies interaction,40879171,,,,
,,,578113,Cytospora mali,,03-8,none,,Q9M5X7,,3750,Malus domestica,,cv. Fuji,species,Ltp1-OE transformant(overexpression) (transformant) [Overexpression],PHIPO:0000365,,BTO:0001010,Macroscopic observation (quantitative observation),interspecies interaction,40879171,,,,
,,,578113,Cytospora mali,,03-8,none,,Q9M5X7,,3750,Malus domestica,,cv. Fuji,species,Ltp1-OE transformant(overexpression) (transformant) [Overexpression],PHIPO:0000365,,BTO:0001010,Macroscopic observation (quantitative observation),interspecies interaction,40879171,,,,
,,,578113,Cytospora mali,,03-8,none,,Q9M5X7,,3750,Malus domestica,,cv. Fuji,species,Ltp1-RNAi (disruption) [Knockdown],PHIPO:0000368,,BTO:0001010,Macroscopic observation (quantitative observation),interspecies interaction,40879171,,,,
,Q9M5X7,,3750,Malus domestica,,,species,,A0A498KSV3,,3750,Malus domestica,,,species,,,,,Two-hybrid,protein-protein interaction,40879171,,,,
,Q9M5X7,,3750,Malus domestica,,,species,,A0A498KSV3,,3750,Malus domestica,,,species,,,,,PCA,protein-protein interaction,40879171,,,,
,Q9M5X7,,3750,Malus domestica,,,species,,A0A498KSV3,,3750,Malus domestica,,,species,,,,,Co-purification,protein-protein interaction,40879171,,,,
PHIG:4717,P0CU91,,143451,Plasmopara viticola,,,species,,F6H005,,29760,Vitis vinifera,,,species,,,,,Two-hybrid,protein-protein interaction,30945786,,,,
PHIG:4717,P0CU91,,143451,Plasmopara viticola,,,species,,F6H005,,29760,Vitis vinifera,,,species,,,,,PCA,protein-protein interaction,30945786,,,,
PHIG:4717,P0CU91,,143451,Plasmopara viticola,,,species,,F6H005,,29760,Vitis vinifera,,,species,,,,,Affinity Capture-Western,protein-protein interaction,30945786,,,,
PHIG:4717,P0CU91,,143451,Plasmopara viticola,,,species,,F6H005,,29760,Vitis vinifera,,,species,,,,,Co-purification,protein-protein interaction,30945786,,,,
PHIG:4717,P0CU91,,143451,Plasmopara viticola,,JL-7-2,species,RXLR131+ (wild type) [Ectopic],,,29760,Vitis vinifera,,Unknown strain,none,,PHIPO:0000986,,BTO:0000713,Macroscopic observation (quantitative observation),interspecies interaction,30945786,Increased virulence,,,
PHIG:4717,P0CU91,,143451,Plasmopara viticola,,JL-7-2,species,RXLR131-GFP transformant(GFP tag added) (transformant) [Overexpression],,,3702,Arabidopsis thaliana,,ecotype Columbia-0,none,,PHIPO:0001130,,BTO:0001461,Macroscopic observation (qualitative observation),interspecies interaction,30945786,,,,
PHIG:4717,P0CU91,,143451,Plasmopara viticola,,JL-7-2,species,RXLR131-GFP transformant(GFP tag added) (transformant) [Overexpression],,,4100,Nicotiana benthamiana,,Unknown strain,none,,PHIPO:0001130,,BTO:0001461,Macroscopic observation (qualitative observation),interspecies interaction,30945786,,,,
PHIG:4717,P0CU91,,143451,Plasmopara viticola,,JL-7-2,species,RXLR131-GFP transformant(GFP tag added) (transformant) [Overexpression],,,4100,Nicotiana benthamiana,,Unknown strain,none,,PHIPO:0000182,,BTO:0000713,Macroscopic observation (qualitative observation),interspecies interaction,30945786,,,,
PHIG:4717,P0CU91,,143451,Plasmopara viticola,,JL-7-2,species,RXLR131+ (wild type) [Wild type product level],,,29760,Vitis vinifera,,Unknown strain,none,,,PHIDO:0000124,,,interspecies interaction,30945786,,,,
PHIG:11378,A0A7U2QTT4,,5059,Aspergillus flavus,332952,CA14,strain,OsaAdelta (deletion),,,4577,Zea mays,,cv. B73,none,,PHIPO:0000365,,BTO:0000668,Macroscopic observation (qualitative observation),interspecies interaction,41591169,Reduced virulence,,,
PHIG:11378,A0A7U2QTT4,,5059,Aspergillus flavus,332952,CA14,strain,OsaA+ (wild type) [Wild type product level],,,4577,Zea mays,,cv. B73,none,,PHIPO:0000951,,BTO:0000668,Macroscopic observation (qualitative observation),interspecies interaction,41591169,,,,
PHIG:11378,A0A7U2QTT4,,5059,Aspergillus flavus,332952,CA14,strain,OsaAdelta-OsaA transformant(complement by re-introducing the wild-type allele at an ectopic locus) (transformant) [Ectopic],,,4577,Zea mays,,cv. B73,none,,PHIPO:0000951,,BTO:0000668,Macroscopic observation (qualitative observation),interspecies interaction,41591169,Unaffected pathogenicity,,,
PHIG:345,F9XMT4,,1047171,Zymoseptoria tritici,336722,IPO323,strain,3LysMdelta (deletion),,,4565,Triticum aestivum,,cv. Riband,none,,PHIPO:0000215,,BTO:0000713,Macroscopic observation (qualitative observation),interspecies interaction,21467214,Reduced virulence,,,
PHIG:345,F9XMT4,,1047171,Zymoseptoria tritici,336722,IPO323,strain,3LysMdelta (deletion),,,4565,Triticum aestivum,,cv. Riband,none,,PHIPO:0000481,,BTO:0000713,Macroscopic observation (qualitative observation),interspecies interaction,21467214,Reduced virulence,,,
PHIG:345,F9XMT4,,1047171,Zymoseptoria tritici,336722,IPO323,strain,3LysMdelta (deletion),,,4565,Triticum aestivum,,cv. Riband,none,,PHIPO:0001101,,BTO:0000713,Macroscopic observation (qualitative observation),interspecies interaction,21467214,Reduced virulence,,,
PHIG:345,F9XMT4,,1047171,Zymoseptoria tritici,336722,IPO323,strain,3LysMdelta (deletion),,,4565,Triticum aestivum,,cv. Riband,none,,PHIPO:0000365,,BTO:0000713,Quantitative PCR,interspecies interaction,21467214,Reduced virulence,,,
PHIG:345,F9XMT4,,1047171,Zymoseptoria tritici,336722,IPO323,strain,3LysMdelta (deletion),,,4565,Triticum aestivum,,cv. Riband,none,,PHIPO:0001104,,BTO:0000713,Quantitative PCR,interspecies interaction,21467214,,,,
PHIG:345,F9XMT4,,1047171,Zymoseptoria tritici,336722,IPO323,strain,3LysM+ (wild type) [Wild type product level],,,4081,Solanum lycopersicum,,cell line Msk8,none,,PHIPO:0001239,,BTO:0001971,Cell growth assay,interspecies interaction,21467214,,,,
PHIG:344,F9XHX3,,1047171,Zymoseptoria tritici,336722,IPO323,strain,1LysM+ (wild type) [Wild type product level],,,4081,Solanum lycopersicum,,cell line Msk8,none,,PHIPO:0001240,,BTO:0001971,Cell growth assay,interspecies interaction,21467214,,,,
PHIG:344,F9XHX3,,1047171,Zymoseptoria tritici,336722,IPO323,strain,1LysM+ (wild type) [Wild type product level],,,4565,Triticum aestivum,,cv. Riband,none,,PHIPO:0000480,,BTO:0000713,Macroscopic observation (qualitative observation),interspecies interaction,21467214,,,,
PHIG:344,F9XHX3,,1047171,Zymoseptoria tritici,336722,IPO323,strain,1LysM+ (wild type) [Wild type product level],,,4565,Triticum aestivum,,cv. Riband,none,,PHIPO:0001102,,BTO:0000713,Macroscopic observation (qualitative observation),interspecies interaction,21467214,,,,
PHIG:345,F9XMT4,,1047171,Zymoseptoria tritici,336722,IPO323,strain,3LysM+ (wild type) [Wild type product level],,,4565,Triticum aestivum,,cv. Riband,none,,PHIPO:0000480,,BTO:0000713,Macroscopic observation (qualitative observation),interspecies interaction,21467214,,,,
PHIG:345,F9XMT4,,1047171,Zymoseptoria tritici,336722,IPO323,strain,3LysM+ (wild type) [Wild type product level],,,4565,Triticum aestivum,,cv. Riband,none,,PHIPO:0001102,,BTO:0000713,Macroscopic observation (qualitative observation),interspecies interaction,21467214,,,,
PHIG:345,F9XMT4,,1047171,Zymoseptoria tritici,336722,IPO323,strain,3LysM+ (wild type) [Wild type product level],,,4565,Triticum aestivum,,cv. Riband,none,,PHIPO:0000954,,BTO:0000713,Quantitative PCR,interspecies interaction,21467214,,,,
PHIG:344,F9XHX3,,1047171,Zymoseptoria tritici,336722,IPO323,strain,1LysMdelta (deletion),,,4565,Triticum aestivum,,cv. Riband,none,,PHIPO:0001102,,BTO:0000713,Macroscopic observation (qualitative observation),interspecies interaction,21467214,Unaffected pathogenicity,,,
PHIG:344,F9XHX3,,1047171,Zymoseptoria tritici,336722,IPO323,strain,1LysMdelta (deletion),,,4565,Triticum aestivum,,cv. Riband,none,,PHIPO:0000480,,BTO:0000713,Macroscopic observation (qualitative observation),interspecies interaction,21467214,Unaffected pathogenicity,,,
PHIG:345,F9XMT4,,1047171,Zymoseptoria tritici,336722,IPO323,strain,3LysM+ (wild type) [Wild type product level],,,4565,Triticum aestivum,,cv. Riband,none,,PHIPO:0001235,,BTO:0000713,Quantitative PCR,interspecies interaction,21467214,Reduced virulence,,,
PHIG:344,F9XHX3,,1047171,Zymoseptoria tritici,336722,IPO323,strain,1LysM+ (wild type) [Wild type product level],,,4565,Triticum aestivum,,cv. Riband,none,,,PHIDO:0000329,BTO:0000713,,interspecies interaction,21467214,,,,
PHIG:345,F9XMT4,,1047171,Zymoseptoria tritici,336722,IPO323,strain,3LysM+ (wild type) [Wild type product level],,,4565,Triticum aestivum,,cv. Riband,none,,,PHIDO:0000329,BTO:0000713,,interspecies interaction,21467214,,,,
PHIG:345,F9XMT4,,1047171,Zymoseptoria tritici,336722,IPO323,strain,3LysM+ (wild type) [Wild type product level],,,4081,Solanum lycopersicum,,cell line Msk8,none,,PHIPO:0001248,,BTO:0001971,Cell growth assay,interspecies interaction,21467214,,,,
PHIG:344,F9XHX3,,1047171,Zymoseptoria tritici,336722,IPO323,strain,1LysM+ (wild type) [Wild type product level],,,4081,Solanum lycopersicum,,cell line Msk8,none,,PHIPO:0001248,,BTO:0001971,Cell growth assay,interspecies interaction,21467214,,,,
PHIG:8990,X0B2H1,,,Fusarium oxysporum,,fo,species,myosin5+ (wild type) [Wild type product level],,,4081,Solanum lycopersicum,,Unknown strain,none,,PHIPO:0000480,,BTO:0000486,Macroscopic observation (quantitative observation),interspecies interaction,29933982,,,,
PHIG:8990,X0B2H1,,,Fusarium oxysporum,,fo,species,myosin5(S175L) (amino acid mutation) [Not assayed],,,4081,Solanum lycopersicum,,Unknown strain,none,,PHIPO:0000986,,BTO:0000486,Macroscopic observation (quantitative observation),interspecies interaction,29933982,Increased virulence,,,
PHIG:8956,I1S0A8,,5518,Fusarium graminearum,229533,PH-1,strain,StuAdelta (deletion),,,4565,Triticum aestivum,,cv. Norm,none,,PHIPO:0000365,,BTO:0001278,Macroscopic observation (qualitative observation),interspecies interaction,20879840,Reduced virulence,,,
PHIG:8956,I1S0A8,,5518,Fusarium graminearum,229533,PH-1,strain,StuA+ (wild type) [Wild type product level],,,4565,Triticum aestivum,,cv. Norm,none,,,PHIDO:0000163,,,interspecies interaction,20879840,,,,
PHIG:8956,I1S0A8,,5518,Fusarium graminearum,229533,PH-1,strain,StuAdelta (deletion),,,4565,Triticum aestivum,,cv. Norm,none,,PHIPO:0000219,,BTO:0001278,Substance quantification evidence,interspecies interaction,20879840,,,,
PHIG:8672,Q8LGB6,,3702,Arabidopsis thaliana,,,species,,Q9ZU46,,3702,Arabidopsis thaliana,,,species,,,,,Two-hybrid,protein-protein interaction,24170858,,,,
PHIG:8672,Q8LGB6,,3702,Arabidopsis thaliana,,,species,,Q6VE93,,317,Pseudomonas syringae,321,,strain,,,,,Two-hybrid,protein-protein interaction,24170858,,,,
PHIG:1868,Q6VE93,,317,Pseudomonas syringae,321,Unknown strain,strain,HopZ1a+ (wild type) [Ectopic],Q8LGB6,,3702,Arabidopsis thaliana,,ecotype Columbia-0,species,zed1-6(SALK_018065) (amino acid insertion) [Not assayed],PHIPO:0000182,,BTO:0000713,Macroscopic observation (qualitative observation),gene-for-gene interaction,24170858,,,,
PHIG:1868,Q6VE93,,317,Pseudomonas syringae,321,Unknown strain,strain,HopZ1a+ (wild type) [Ectopic],Q8LGB6,,3702,Arabidopsis thaliana,,ecotype Columbia-0,species,zed1-2(aa72-stop) (nonsense mutation) [Not assayed],PHIPO:0000182,,BTO:0000713,Macroscopic observation (qualitative observation),gene-for-gene interaction,24170858,,,,
PHIG:1868,Q6VE93,,317,Pseudomonas syringae,321,Unknown strain,strain,HopZ1a+ (wild type) [Ectopic],,,3702,Arabidopsis thaliana,,ecotype Columbia-0,none,,PHIPO:0000192,,BTO:0000713,Macroscopic observation (qualitative observation),gene-for-gene interaction,24170858,,,,
PHIG:1868,Q6VE93,,317,Pseudomonas syringae,321,Unknown strain,strain,HopZ1a+ (wild type) [Ectopic],Q9ZU46,,3702,Arabidopsis thaliana,,ecotype Columbia-0,species,zar1-1 (unknown) [Knockdown],PHIPO:0000182,,BTO:0000713,Macroscopic observation (qualitative observation),gene-for-gene interaction,24170858,,,,
PHIG:3262,Q4ZYH0,,317,Pseudomonas syringae,205918,Unknown strain,strain,AvrRpm1+ (wild type) [Ectopic],Q8LGB6,,3702,Arabidopsis thaliana,,ecotype Columbia-0,species,zed1-6(SALK_018065) (amino acid insertion) [Not assayed],PHIPO:0000192,,BTO:0000713,Macroscopic observation (qualitative observation),gene-for-gene interaction,24170858,,,,
PHIG:3262,Q4ZYH0,,317,Pseudomonas syringae,205918,Unknown strain,strain,AvrRpm1+ (wild type) [Ectopic],Q8LGB6,,3702,Arabidopsis thaliana,,ecotype Columbia-0,species,zed1-2(aa72-stop) (nonsense mutation) [Not assayed],PHIPO:0000192,,BTO:0000713,Macroscopic observation (qualitative observation),gene-for-gene interaction,24170858,,,,
PHIG:3262,Q4ZYH0,,317,Pseudomonas syringae,205918,Unknown strain,strain,AvrRpm1+ (wild type) [Ectopic],Q9ZU46,,3702,Arabidopsis thaliana,,ecotype Columbia-0,species,zar1-1 (unknown) [Knockdown],PHIPO:0000192,,BTO:0000713,Macroscopic observation (qualitative observation),gene-for-gene interaction,24170858,,,,
PHIG:3262,Q4ZYH0,,317,Pseudomonas syringae,205918,Unknown strain,strain,AvrRpm1+ (wild type) [Ectopic],,,3702,Arabidopsis thaliana,,ecotype Columbia-0,none,,PHIPO:0000192,,BTO:0000713,Macroscopic observation (qualitative observation),gene-for-gene interaction,24170858,,,,
PHIG:9199,P13835,,29438,Pseudomonas savastanoi,318,Unknown strain,strain,AvrB+ (wild type) [Ectopic],Q8LGB6,,3702,Arabidopsis thaliana,,ecotype Columbia-0,species,zed1-6(SALK_018065) (amino acid insertion) [Not assayed],PHIPO:0000192,,BTO:0000713,Macroscopic observation (qualitative observation),gene-for-gene interaction,24170858,,,,
PHIG:9199,P13835,,29438,Pseudomonas savastanoi,318,Unknown strain,strain,AvrB+ (wild type) [Ectopic],Q8LGB6,,3702,Arabidopsis thaliana,,ecotype Columbia-0,species,zed1-2(aa72-stop) (nonsense mutation) [Not assayed],PHIPO:0000192,,BTO:0000713,Macroscopic observation (qualitative observation),gene-for-gene interaction,24170858,,,,
PHIG:9199,P13835,,29438,Pseudomonas savastanoi,318,Unknown strain,strain,AvrB+ (wild type) [Ectopic],Q9ZU46,,3702,Arabidopsis thaliana,,ecotype Columbia-0,species,zar1-1 (unknown) [Knockdown],PHIPO:0000192,,BTO:0000713,Macroscopic observation (qualitative observation),gene-for-gene interaction,24170858,,,,
PHIG:9199,P13835,,29438,Pseudomonas savastanoi,318,Unknown strain,strain,AvrB+ (wild type) [Ectopic],,,3702,Arabidopsis thaliana,,ecotype Columbia-0,none,,PHIPO:0000192,,BTO:0000713,Macroscopic observation (qualitative observation),gene-for-gene interaction,24170858,,,,
PHIG:9201,Q52430,,29438,Pseudomonas savastanoi,319,Unknown strain,strain,AvrPphB+ (wild type) [Ectopic],Q8LGB6,,3702,Arabidopsis thaliana,,ecotype Columbia-0,species,zed1-6(SALK_018065) (amino acid insertion) [Not assayed],PHIPO:0000192,,BTO:0000713,Macroscopic observation (qualitative observation),gene-for-gene interaction,24170858,,,,
PHIG:9201,Q52430,,29438,Pseudomonas savastanoi,319,Unknown strain,strain,AvrPphB+ (wild type) [Ectopic],Q8LGB6,,3702,Arabidopsis thaliana,,ecotype Columbia-0,species,zed1-2(aa72-stop) (nonsense mutation) [Not assayed],PHIPO:0000192,,BTO:0000713,Macroscopic observation (qualitative observation),gene-for-gene interaction,24170858,,,,
PHIG:9201,Q52430,,29438,Pseudomonas savastanoi,319,Unknown strain,strain,AvrPphB+ (wild type) [Ectopic],Q9ZU46,,3702,Arabidopsis thaliana,,ecotype Columbia-0,species,zar1-1 (unknown) [Knockdown],PHIPO:0000192,,BTO:0000713,Macroscopic observation (qualitative observation),gene-for-gene interaction,24170858,,,,
PHIG:9201,Q52430,,29438,Pseudomonas savastanoi,319,Unknown strain,strain,AvrPphB+ (wild type) [Ectopic],,,3702,Arabidopsis thaliana,,ecotype Columbia-0,none,,PHIPO:0000192,,BTO:0000713,Macroscopic observation (qualitative observation),gene-for-gene interaction,24170858,,,,
PHIG:9203,Q6LAD6,,251701,Pseudomonas syringae pv. tomato,323,Unknown strain,strain,AvrRpt2+ (wild type) [Ectopic],Q8LGB6,,3702,Arabidopsis thaliana,,ecotype Columbia-0,species,zed1-6(SALK_018065) (amino acid insertion) [Not assayed],PHIPO:0000192,,BTO:0000713,Macroscopic observation (qualitative observation),gene-for-gene interaction,24170858,,,,
PHIG:9203,Q6LAD6,,251701,Pseudomonas syringae pv. tomato,323,Unknown strain,strain,AvrRpt2+ (wild type) [Ectopic],Q8LGB6,,3702,Arabidopsis thaliana,,ecotype Columbia-0,species,zed1-2(aa72-stop) (nonsense mutation) [Not assayed],PHIPO:0000192,,BTO:0000713,Macroscopic observation (qualitative observation),gene-for-gene interaction,24170858,,,,
PHIG:9203,Q6LAD6,,251701,Pseudomonas syringae pv. tomato,323,Unknown strain,strain,AvrRpt2+ (wild type) [Ectopic],Q9ZU46,,3702,Arabidopsis thaliana,,ecotype Columbia-0,species,zar1-1 (unknown) [Knockdown],PHIPO:0000192,,BTO:0000713,Macroscopic observation (qualitative observation),gene-for-gene interaction,24170858,,,,
PHIG:9203,Q6LAD6,,251701,Pseudomonas syringae pv. tomato,323,Unknown strain,strain,AvrRpt2+ (wild type) [Ectopic],,,3702,Arabidopsis thaliana,,ecotype Columbia-0,none,,PHIPO:0000192,,BTO:0000713,Macroscopic observation (qualitative observation),gene-for-gene interaction,24170858,,,,
PHIG:1868,Q6VE93,,317,Pseudomonas syringae,321,Unknown strain,strain,HopZ1a+ (wild type) [Ectopic],Q8LGB6,,3702,Arabidopsis thaliana,,ecotype Columbia-0,species,zed1-6(SALK_018065) (amino acid insertion) [Not assayed],,PHIDO:0000029,,,interspecies interaction,24170858,,,,
PHIG:8875,A0A098DM59,,5518,Fusarium graminearum,229533,PH-1,strain,PLSP1 (disruption) [Not assayed],,,4565,Triticum aestivum,,Unknown strain,none,,PHIPO:0000951,,BTO:0001278,Macroscopic observation (quantitative observation),interspecies interaction,16278459,Unaffected pathogenicity,,,
PHIG:8941,I1RUB2,,5518,Fusarium graminearum,229533,PH-1,strain,GzFUS1 (disruption) [Not assayed],,,4565,Triticum aestivum,,Unknown strain,none,,PHIPO:0000951,,BTO:0001278,Macroscopic observation (quantitative observation),interspecies interaction,16278459,Unaffected pathogenicity,,,
PHIG:8915,I1RJE8,,5518,Fusarium graminearum,229533,PH-1,strain,GRS1 (disruption) [Not assayed],,,4565,Triticum aestivum,,Unknown strain,none,,PHIPO:0000951,,BTO:0001278,Macroscopic observation (quantitative observation),interspecies interaction,16278459,Unaffected pathogenicity,,,
PHIG:8876,A0A098DQH7,,5518,Fusarium graminearum,229533,PH-1,strain,PGL1 (disruption) [Not assayed],,,4565,Triticum aestivum,,Unknown strain,none,,PHIPO:0000951,,BTO:0001278,Macroscopic observation (quantitative observation),interspecies interaction,16278459,Unaffected pathogenicity,,,
PHIG:8907,I1RF58,,5518,Fusarium graminearum,229533,PH-1,strain,PKS12 (disruption) [Not assayed],,,4565,Triticum aestivum,,Unknown strain,none,,PHIPO:0000951,,BTO:0001278,Macroscopic observation (quantitative observation),interspecies interaction,16278459,Unaffected pathogenicity,,,
PHIG:8968,Q6RKH3,,5518,Fusarium graminearum,,PH-1,species,PKS7 (disruption) [Not assayed],,,4565,Triticum aestivum,,Unknown strain,none,,PHIPO:0000951,,BTO:0001278,Macroscopic observation (quantitative observation),interspecies interaction,16278459,Unaffected pathogenicity,,,
PHIG:8970,Q6RKH5,,5518,Fusarium graminearum,,PH-1,species,PKS5 (disruption) [Not assayed],,,4565,Triticum aestivum,,Unknown strain,none,,PHIPO:0000951,,BTO:0001278,Macroscopic observation (quantitative observation),interspecies interaction,16278459,Unaffected pathogenicity,,,
PHIG:8967,Q6RKG9,,5518,Fusarium graminearum,,PH-1,species,PKS11 (disruption) [Not assayed],,,4565,Triticum aestivum,,Unknown strain,none,,PHIPO:0000951,,BTO:0001278,Macroscopic observation (quantitative observation),interspecies interaction,16278459,Unaffected pathogenicity,,,
PHIG:8971,Q6RKH8,,5518,Fusarium graminearum,,PH-1,species,PKS2 (disruption) [Not assayed],,,4565,Triticum aestivum,,Unknown strain,none,,PHIPO:0000951,,BTO:0001278,Macroscopic observation (quantitative observation),interspecies interaction,16278459,Unaffected pathogenicity,,,
PHIG:8969,Q6RKH4,,5518,Fusarium graminearum,,PH-1,species,PKS6 (disruption) [Not assayed],,,4565,Triticum aestivum,,Unknown strain,none,,PHIPO:0000951,,BTO:0001278,Macroscopic observation (quantitative observation),interspecies interaction,16278459,Unaffected pathogenicity,,,
PHIG:8872,A0A098D6U0,,5518,Fusarium graminearum,229533,PH-1,strain,ZEA1 (disruption) [Not assayed],,,4565,Triticum aestivum,,Unknown strain,none,,PHIPO:0000951,,BTO:0001278,Macroscopic observation (quantitative observation),interspecies interaction,16278459,Unaffected pathogenicity,,,
PHIG:8872,A0A098D6U0,,5518,Fusarium graminearum,229533,PH-1,strain,ZEA1 (disruption) [Not assayed],,,4565,Triticum aestivum,,Unknown strain,none,,PHIPO:0000951,,BTO:0001278,Macroscopic observation (quantitative observation),interspecies interaction,16278459,Unaffected pathogenicity,,,
PHIG:8873,A0A098D8A0,,5518,Fusarium graminearum,229533,PH-1,strain,ZEA2 (disruption) [Not assayed],,,4565,Triticum aestivum,,Unknown strain,none,,PHIPO:0000951,,BTO:0001278,Macroscopic observation (quantitative observation),interspecies interaction,16278459,Unaffected pathogenicity,,,
PHIG:8873,A0A098D8A0,,5518,Fusarium graminearum,229533,PH-1,strain,ZEA2 (disruption) [Not assayed],,,4565,Triticum aestivum,,Unknown strain,none,,PHIPO:0000951,,BTO:0001278,Macroscopic observation (quantitative observation),interspecies interaction,16278459,Unaffected pathogenicity,,,
PHIG:8912,I1RHS7,,5518,Fusarium graminearum,229533,PH-1,strain,PKS17 (disruption) [Not assayed],,,4565,Triticum aestivum,,Unknown strain,none,,PHIPO:0000951,,BTO:0001278,Macroscopic observation (quantitative observation),interspecies interaction,16278459,Unaffected pathogenicity,,,
PHIG:9474,F9XFA6,,1047171,Zymoseptoria tritici,336722,IPO323,strain,Vf1+ (wild type) [Wild type product level],,,4565,Triticum aestivum,,Obelisk,none,,,PHIDO:0000331,,,interspecies interaction,29031630,,,,
PHIG:9474,F9XFA6,,1047171,Zymoseptoria tritici,336722,IPO323,strain,Vf1delta (deletion),,,4565,Triticum aestivum,,Obelisk,none,,PHIPO:0000365,,BTO:0000713,Macroscopic observation (qualitative observation),interspecies interaction,29031630,Reduced virulence,,,
PHIG:9474,F9XFA6,,1047171,Zymoseptoria tritici,336722,IPO323,strain,Vf1delta+Vf1 transformant(complement by re-introducing the wild-type allele at an ectopic locus) (transformant) [Ectopic],,,4565,Triticum aestivum,,Obelisk,none,,PHIPO:0000951,,BTO:0000713,Macroscopic observation (qualitative observation),interspecies interaction,29031630,Unaffected pathogenicity,,,
PHIG:9474,F9XFA6,,1047171,Zymoseptoria tritici,336722,IPO323,strain,Vf1delta (deletion),,,4565,Triticum aestivum,,Obelisk,none,,PHIPO:0001114,,BTO:0000713,Microscopy,interspecies interaction,29031630,Reduced virulence,,,
PHIG:2162,P53374,,5127,Fusarium fujikuroi,,YC3,species,TUB2+ (wild type) [Wild type product level],,,4081,Solanum lycopersicum,,cv. Kaisa,none,,PHIPO:0000480,,BTO:0000486,Macroscopic observation (quantitative observation),interspecies interaction,24913566,,,,
PHIG:2162,P53374,,5127,Fusarium fujikuroi,,YC4201,species,TUB2+ (wild type) [Wild type product level],,,4081,Solanum lycopersicum,,cv. Kaisa,none,,PHIPO:0000480,,BTO:0000486,Macroscopic observation (quantitative observation),interspecies interaction,24913566,,,,
PHIG:2162,P53374,,5127,Fusarium fujikuroi,,YCA,species,TUB2+ (wild type) [Wild type product level],,,4081,Solanum lycopersicum,,cv. Kaisa,none,,PHIPO:0000480,,BTO:0000486,Macroscopic observation (quantitative observation),interspecies interaction,24913566,,,,
PHIG:2162,P53374,,5127,Fusarium fujikuroi,,YC3,species,TUB2delta (deletion),,,4081,Solanum lycopersicum,,cv. Kaisa,none,,PHIPO:0000985,,BTO:0000486,Macroscopic observation (quantitative observation),interspecies interaction,24913566,Reduced virulence,,,
PHIG:2162,P53374,,5127,Fusarium fujikuroi,,YC4201,species,TUB2delta (deletion),,,4081,Solanum lycopersicum,,cv. Kaisa,none,,PHIPO:0000985,,BTO:0000486,Macroscopic observation (quantitative observation),interspecies interaction,24913566,Reduced virulence,,,
PHIG:2162,P53374,,5127,Fusarium fujikuroi,,YCA,species,TUB2delta (deletion),,,4081,Solanum lycopersicum,,cv. Kaisa,none,,PHIPO:0000985,,BTO:0000486,Macroscopic observation (quantitative observation),interspecies interaction,24913566,Reduced virulence,,,
PHIG:5149,B9WZW9,,318829,Magnaporthe oryzae,,,species,,F7J0N2,,4530,Oryza sativa,39947,,strain,,,,,Two-hybrid,protein-protein interaction,28087830,,,,
PHIG:5149,B9WZW9,,318829,Magnaporthe oryzae,,,species,,F7J0N2,,4530,Oryza sativa,39947,,strain,,,,,Co-purification,protein-protein interaction,28087830,,,,
PHIG:5149,B9WZW9,,318829,Magnaporthe oryzae,,Guy11,species,AVR-Pia+ (wild type) [Wild type product level],,,4530,Oryza sativa,,cv. Maratelli,none,,,PHIDO:0000315,,,interspecies interaction,28087830,,,,
PHIG:5149,B9WZW9,,318829,Magnaporthe oryzae,,Guy11,species,AVR-Pia+ (wild type) [Wild type product level],,,4530,Oryza sativa,,cv. Kitaake,none,,PHIPO:0000365,,BTO:0000713,Macroscopic observation (quantitative observation),gene-for-gene interaction,28087830,,,,
PHIG:5149,B9WZW9,,318829,Magnaporthe oryzae,,Guy11,species,AVR-Pia+ (wild type) [Wild type product level],,,4530,Oryza sativa,,cv. Maratelli,none,,PHIPO:0000954,,BTO:0000713,Macroscopic observation (quantitative observation),gene-for-gene interaction,28087830,,,,
PHIG:11422,A0A678WQQ4,,4784,Phytophthora capsici,,,species,,A0A678WQ24,,4100,Nicotiana benthamiana,,,species,,,,,Two-hybrid,protein-protein interaction,30811314,,,,
PHIG:11422,A0A678WQQ4,,4784,Phytophthora capsici,,,species,,A0A678WX47,,4100,Nicotiana benthamiana,,,species,,,,,Two-hybrid,protein-protein interaction,30811314,,,,
PHIG:11422,A0A678WQQ4,,4784,Phytophthora capsici,,,species,,Q38845,,3702,Arabidopsis thaliana,,,species,,,,,Two-hybrid,protein-protein interaction,30811314,,,,
PHIG:11422,A0A678WQQ4,,4784,Phytophthora capsici,,,species,,A0A678WQ24,,4100,Nicotiana benthamiana,,,species,,,,,Affinity Capture-Western,protein-protein interaction,30811314,,,,
PHIG:11422,A0A678WQQ4,,4784,Phytophthora capsici,,,species,,A0A678WX47,,4100,Nicotiana benthamiana,,,species,,,,,Affinity Capture-Western,protein-protein interaction,30811314,,,,
PHIG:11422,A0A678WQQ4,,4784,Phytophthora capsici,,,species,,Q38845,,3702,Arabidopsis thaliana,,,species,,,,,Affinity Capture-Western,protein-protein interaction,30811314,,,,
PHIG:11422,A0A678WQQ4,,4784,Phytophthora capsici,,,species,,A0A678WQ24,,4100,Nicotiana benthamiana,,,species,,,,,PCA,protein-protein interaction,30811314,,,,
PHIG:11422,A0A678WQQ4,,4784,Phytophthora capsici,,,species,,A0A678WX47,,4100,Nicotiana benthamiana,,,species,,,,,PCA,protein-protein interaction,30811314,,,,
PHIG:11422,A0A678WQQ4,,4784,Phytophthora capsici,,Pc537,species,Avh1+ (wild type) [Wild type product level],,,4100,Nicotiana benthamiana,,Unknown strain,none,,PHIPO:0000954,,BTO:0000713,Macroscopic observation (quantitative observation),interspecies interaction,30811314,,,,
PHIG:11422,A0A678WQQ4,,4784,Phytophthora capsici,,Pc537,species,Avh1delta (deletion),,,4100,Nicotiana benthamiana,,Unknown strain,none,,PHIPO:0000365,,BTO:0000713,Macroscopic observation (quantitative observation),interspecies interaction,30811314,Reduced virulence,,,
PHIG:11422,A0A678WQQ4,,4784,Phytophthora capsici,,Pc537,species,Avh1+ (wild type) [Wild type product level],,,4072,Capsicum annuum,,Unknown strain,none,,PHIPO:0000954,,BTO:0000713; BTO:0001300,Macroscopic observation (quantitative observation),interspecies interaction,30811314,,,,
PHIG:11422,A0A678WQQ4,,4784,Phytophthora capsici,,Pc537,species,Avh1delta (deletion),,,4072,Capsicum annuum,,Unknown strain,none,,PHIPO:0000365,,BTO:0001300,Macroscopic observation (quantitative observation),interspecies interaction,30811314,Reduced virulence,,,
PHIG:11422,A0A678WQQ4,,4784,Phytophthora capsici,,Pc537,species,Avh1-OE transformant(overexpression) (transformant) [Ectopic],,,4100,Nicotiana benthamiana,,Unknown strain,none,,PHIPO:0000368,,BTO:0000713,Macroscopic observation (quantitative observation),interspecies interaction,30811314,Unaffected pathogenicity,,,
PHIG:11422,A0A678WQQ4,,4784,Phytophthora capsici,,Pc537,species,Avh1+ (wild type) [Ectopic],,,4100,Nicotiana benthamiana,,Unknown strain,none,,PHIPO:0000477,,BTO:0000713,Macroscopic observation (qualitative observation),interspecies interaction,30811314,,,,
PHIG:11422,A0A678WQQ4,,4784,Phytophthora capsici,,Pc537,species,Avh1+ (wild type) [Ectopic],,,4081,Solanum lycopersicum,,L402,none,,PHIPO:0000477,,BTO:0000713,Macroscopic observation (qualitative observation),interspecies interaction,30811314,,,,
PHIG:11422,A0A678WQQ4,,4784,Phytophthora capsici,,Pc537,species,Avh1+ (wild type) [Ectopic],,,4081,Solanum lycopersicum,,Zhongza-9,none,,PHIPO:0000477,,BTO:0000713,Macroscopic observation (qualitative observation),interspecies interaction,30811314,,,,
PHIG:11422,A0A678WQQ4,,4784,Phytophthora capsici,,Pc537,species,Avh1+ (wild type) [Ectopic],,,4081,Solanum lycopersicum,,cv. Maofen-802,none,,PHIPO:0000477,,BTO:0000713,Macroscopic observation (qualitative observation),interspecies interaction,30811314,,,,
PHIG:11422,A0A678WQQ4,,4784,Phytophthora capsici,,Pc537,species,Avh1+ (wild type) [Ectopic],,,4072,Capsicum annuum,,Unknown strain,none,,PHIPO:0000477,,BTO:0000713,Macroscopic observation (qualitative observation),interspecies interaction,30811314,,,,
,,,4784,Phytophthora capsici,,Pc537,none,,A0A678WQ24,,4100,Nicotiana benthamiana,,Unknown strain,species,sPP2Aa-1(virus-induced gene silencing) (disruption) [Knockdown],PHIPO:0000368,,BTO:0000713,Macroscopic observation (quantitative observation),interspecies interaction,30811314,,,,
,,,4784,Phytophthora capsici,,Pc537,none,,A0A678WX47,,4100,Nicotiana benthamiana,,Unknown strain,species,sPP2Aa-2(virus-induced gene silencing) (disruption) [Knockdown],PHIPO:0000368,,BTO:0000713,Macroscopic observation (quantitative observation),interspecies interaction,30811314,,,,
PHIG:11422,A0A678WQQ4,,4784,Phytophthora capsici,,Pc537,species,Avh1+ (wild type) [Wild type product level],,,4100,Nicotiana benthamiana,,Unknown strain,none,,,PHIDO:0000275,,,interspecies interaction,30811314,,,,
PHIG:8914,I1RIB2,,5518,Fusarium graminearum,229533,PH-1,strain,Tri14+ (wild type) [Wild type product level],,,4565,Triticum aestivum,,Unknown strain,none,,,PHIDO:0000163,,,interspecies interaction,16277434,,,,
PHIG:8914,I1RIB2,,5518,Fusarium graminearum,229533,PH-1,strain,Tri14delta (deletion),,,4565,Triticum aestivum,,Unknown strain,none,,PHIPO:0000365,,BTO:0001278,Macroscopic observation (qualitative observation),interspecies interaction,16277434,Reduced virulence,,,
PHIG:8914,I1RIB2,,5518,Fusarium graminearum,229533,PH-1,strain,Tri14delta+Tri14 transformant(complement by re-introducing the wild-type allele) (transformant) [Ectopic],,,4565,Triticum aestivum,,Unknown strain,none,,PHIPO:0000951,,BTO:0001278,Macroscopic observation (quantitative observation),interspecies interaction,16277434,Unaffected pathogenicity,,,
PHIG:8914,I1RIB2,,5518,Fusarium graminearum,229533,PH-1,strain,Tri14delta (deletion),,,4565,Triticum aestivum,,Unknown strain,none,,PHIPO:0000219,,BTO:0001278,Substance quantification evidence,interspecies interaction,16277434,,,,
PHIG:8914,I1RIB2,,5518,Fusarium graminearum,229533,PH-1,strain,Tri14delta+Tri14 transformant(complement by re-introducing the wild-type allele) (transformant) [Ectopic],,,4565,Triticum aestivum,,Unknown strain,none,,PHIPO:0000233,,BTO:0001278,Substance quantification evidence,interspecies interaction,16277434,,,,
PHIG:288,A0A507D1H9,,286115,Synchytrium endobioticum,,MB42,species,AvrSen1deltaSP(1-30) (partial amino acid deletion) [Not assayed],,,4113,Solanum tuberosum,,Aventra,none,,PHIPO:0000182,,BTO:0000713,Macroscopic observation (quantitative observation),gene-for-gene interaction,31246152,Effector,,,
PHIG:288,A0A507D1H9,,286115,Synchytrium endobioticum,,MB42,species,AvrSen1deltaSP(1-30) (partial amino acid deletion) [Not assayed],,,4113,Solanum tuberosum,,cv. Desiree,none,,PHIPO:0000192,,BTO:0000713,Macroscopic observation (quantitative observation),gene-for-gene interaction,31246152,Effector,,,
PHIG:288,A0A507D1H9,,286115,Synchytrium endobioticum,,MB56,species,"avrSen1deltaSP(variant 1)(1-30, asp256->stop) (partial amino acid deletion) [Not assayed]",,,4113,Solanum tuberosum,,cv. Desiree,none,,PHIPO:0000182,,BTO:0000713,Macroscopic observation (quantitative observation),gene-for-gene interaction,31246152,Effector,,,
PHIG:288,A0A507D1H9,,286115,Synchytrium endobioticum,,LEV6574,species,"avrSen1deltaSP(variant 2)(1-30, Gln306>stop) (partial amino acid deletion) [Not assayed]",,,4113,Solanum tuberosum,,cv. Desiree,none,,PHIPO:0000182,,BTO:0000713,Macroscopic observation (quantitative observation),gene-for-gene interaction,31246152,Effector,,,
PHIG:288,A0A507D1H9,,286115,Synchytrium endobioticum,,MB42,species,avrSen1+ (wild type) [Wild type product level],,,4113,Solanum tuberosum,,Aventra,none,,,PHIDO:0000417,BTO:0001400,,interspecies interaction,31246152,Effector,,,
PHIG:255,Q2PEP0,,,Epichloe festucae,,Fl1,species,noxA::pAN7-1 (disruption) [Not assayed],,,4522,Lolium perenne,,Unknown strain,none,,PHIPO:0001130,,BTO:0001461,Macroscopic observation (qualitative observation),interspecies interaction,16517760,Loss of mutualism,,,
PHIG:255,Q2PEP0,,,Epichloe festucae,,Fl1,species,noxA::pAN7-1 (disruption) [Not assayed],,,4522,Lolium perenne,,Unknown strain,none,,PHIPO:0001131,,BTO:0001461,Macroscopic observation (qualitative observation),interspecies interaction,16517760,Loss of mutualism,,,
PHIG:255,Q2PEP0,,,Epichloe festucae,,Fl1,species,noxA::pAN7-1 (disruption) [Not assayed],,,4522,Lolium perenne,,Unknown strain,none,,PHIPO:0001069,,BTO:0001461,Macroscopic observation (qualitative observation),interspecies interaction,16517760,Loss of mutualism,,,
PHIG:255,Q2PEP0,,,Epichloe festucae,,Fl1,species,noxA::pAN7-1 (disruption) [Not assayed],,,4522,Lolium perenne,,Unknown strain,none,,PHIPO:0000368,,BTO:0000713,Microscopy,interspecies interaction,16517760,Loss of mutualism,,,
PHIG:255,Q2PEP0,,,Epichloe festucae,,Fl1,species,noxA::pAN7-1 (disruption) [Not assayed],,,4522,Lolium perenne,,Unknown strain,none,,PHIPO:0000368,,BTO:0000713; BTO:0001429,Microscopy,interspecies interaction,16517760,Loss of mutualism,,,
PHIG:255,Q2PEP0,,,Epichloe festucae,,Fl1,species,noxA::pAN7-1 (disruption) [Not assayed],,,4522,Lolium perenne,,Unknown strain,none,,PHIPO:0001132,,BTO:0000713,Microscopy,interspecies interaction,16517760,Loss of mutualism,,,
PHIG:255,Q2PEP0,,,Epichloe festucae,,Fl1,species,noxA::pAN7-1 (disruption) [Not assayed],,,4608,Festuca pratensis,,Unknown strain,none,,PHIPO:0001130,,BTO:0001461,Macroscopic observation (qualitative observation),interspecies interaction,16517760,Loss of mutualism,,,
PHIG:255,Q2PEP0,,,Epichloe festucae,,Fl1,species,noxA::pAN7-1 (disruption) [Not assayed],,,4606,Festuca arundinacea,,Unknown strain,none,,PHIPO:0001130,,BTO:0001461,Macroscopic observation (qualitative observation),interspecies interaction,16517760,Loss of mutualism,,,
PHIG:255,Q2PEP0,,,Epichloe festucae,,Fl1,species,noxAdelta (deletion),,,4522,Lolium perenne,,Unknown strain,none,,PHIPO:0001130,,BTO:0001461,Macroscopic observation (qualitative observation),interspecies interaction,16517760,Loss of mutualism,,,
PHIG:255,Q2PEP0,,,Epichloe festucae,,Fl1,species,noxAdelta (deletion),,,4522,Lolium perenne,,Unknown strain,none,,PHIPO:0001131,,BTO:0001461,Macroscopic observation (qualitative observation),interspecies interaction,16517760,Loss of mutualism,,,
PHIG:255,Q2PEP0,,,Epichloe festucae,,Fl1,species,noxAdelta (deletion),,,4522,Lolium perenne,,Unknown strain,none,,PHIPO:0001069,,BTO:0001461,Macroscopic observation (qualitative observation),interspecies interaction,16517760,Loss of mutualism,,,
PHIG:254,Q2PEN8,,,Epichloe festucae,,Fl1,species,noxBdelta (deletion),,,4522,Lolium perenne,,Unknown strain,none,,PHIPO:0001005,,BTO:0001461,Microscopy,interspecies interaction,16517760,,,,
PHIG:254,Q2PEN8,,,Epichloe festucae,,Fl1,species,noxBdelta (deletion),,,4522,Lolium perenne,,Unknown strain,none,,PHIPO:0001004,,BTO:0001461,Microscopy,interspecies interaction,16517760,,,,
PHIG:255,Q2PEP0,,,Epichloe festucae,,Fl1,species,noxAdelta (deletion),,,4522,Lolium perenne,,Unknown strain,none,,PHIPO:0000182,,BTO:0001461,Microscopy,interspecies interaction,16517760,Loss of mutualism,,,
PHIG:255,Q2PEP0,,,Epichloe festucae,,Fl1,species,noxAdelta (deletion),,,4522,Lolium perenne,,Unknown strain,none,,PHIPO:0000928,,BTO:0001461; BTO:0000852,Microscopy,interspecies interaction,16517760,Loss of mutualism,,,
PHIG:255,Q2PEP0,,,Epichloe festucae,,Fl1,species,noxA+ (wild type) [Wild type product level],,,4522,Lolium perenne,,Unknown strain,none,,PHIPO:0001005,,BTO:0001461,Macroscopic observation (qualitative observation),interspecies interaction,16517760,,,,
PHIG:255,Q2PEP0,,,Epichloe festucae,,Fl1,species,noxA+ (wild type) [Wild type product level],,,4522,Lolium perenne,,Unknown strain,none,,PHIPO:0000954,,BTO:0000713,Microscopy,interspecies interaction,16517760,,,,
PHIG:255,Q2PEP0,,,Epichloe festucae,,Fl1,species,noxA+ (wild type) [Wild type product level],,,4522,Lolium perenne,,Unknown strain,none,,PHIPO:0000954,,BTO:0000713; BTO:0001429,Microscopy,interspecies interaction,16517760,,,,
PHIG:255,Q2PEP0,,,Epichloe festucae,,Fl1,species,noxA+ (wild type) [Wild type product level],,,4522,Lolium perenne,,Unknown strain,none,,PHIPO:0001004,,BTO:0000713,Microscopy,interspecies interaction,16517760,,,,
PHIG:254,Q2PEN8,,,Epichloe festucae,,Fl1,species,noxB+ (wild type) [Wild type product level],,,4522,Lolium perenne,,Unknown strain,none,,PHIPO:0001005,,BTO:0001461,Microscopy,interspecies interaction,16517760,,,,
PHIG:254,Q2PEN8,,,Epichloe festucae,,Fl1,species,noxB+ (wild type) [Wild type product level],,,4522,Lolium perenne,,Unknown strain,none,,PHIPO:0001004,,BTO:0001461,Microscopy,interspecies interaction,16517760,,,,
PHIG:255,Q2PEP0,,,Epichloe festucae,,Fl1,species,noxA+ (wild type) [Wild type product level],,,4522,Lolium perenne,,Unknown strain,none,,PHIPO:0000927,,BTO:0001461; BTO:0000852,Microscopy,interspecies interaction,16517760,,,,
PHIG:255,Q2PEP0,,,Epichloe festucae,,Fl1,species,noxA+ (wild type) [Wild type product level],,,4608,Festuca pratensis,,Unknown strain,none,,PHIPO:0001005,,BTO:0001461,Macroscopic observation (qualitative observation),interspecies interaction,16517760,,,,
PHIG:255,Q2PEP0,,,Epichloe festucae,,Fl1,species,noxA+ (wild type) [Wild type product level],,,4606,Festuca arundinacea,,Unknown strain,none,,PHIPO:0001005,,BTO:0001461,Macroscopic observation (qualitative observation),interspecies interaction,16517760,,,,
PHIG:255,Q2PEP0,,,Epichloe festucae,,Fl1,species,noxA+ (wild type) [Wild type product level],,,4522,Lolium perenne,,Unknown strain,none,,PHIPO:0000182,,BTO:0001461,Microscopy,interspecies interaction,16517760,,,,
PHIG:10798,I1RXX1,,5518,Fusarium graminearum,229533,PH-1,strain,Hmg1+ (wild type) [Wild type product level],,,4565,Triticum aestivum,,Unknown strain,none,,PHIPO:0000954,,BTO:0002119,Macroscopic observation (quantitative observation),interspecies interaction,41493395,,,,
PHIG:10798,I1RXX1,,5518,Fusarium graminearum,229533,PH-1,strain,Hmg1(E122A) (amino acid mutation) [Overexpression],,,4565,Triticum aestivum,,Unknown strain,none,,PHIPO:0000365,,BTO:0002119,Macroscopic observation (quantitative observation),interspecies interaction,41493395,Reduced virulence,,,
PHIG:10798,I1RXX1,,5518,Fusarium graminearum,229533,PH-1,strain,Hmg1+ (wild type) [Wild type product level],,,4565,Triticum aestivum,,Unknown strain,none,,PHIPO:0000954,,BTO:0000713,Macroscopic observation (quantitative observation),interspecies interaction,41493395,,,,
PHIG:10798,I1RXX1,,5518,Fusarium graminearum,229533,PH-1,strain,Hmg1 transformant(overexpression) (transformant) [Ectopic],,,4565,Triticum aestivum,,Unknown strain,none,,PHIPO:0000365,,BTO:0000713,Macroscopic observation (quantitative observation),interspecies interaction,41493395,Reduced virulence,,,
PHIG:10798,I1RXX1,,5518,Fusarium graminearum,229533,PH-1,strain,Hmg1(E122A) (amino acid mutation) [Overexpression],,,4565,Triticum aestivum,,Unknown strain,none,,PHIPO:0000365,,BTO:0000713,Macroscopic observation (quantitative observation),interspecies interaction,41493395,Reduced virulence,,,
PHIG:10798,I1RXX1,,5518,Fusarium graminearum,229533,PH-1,strain,Hmg1+ (wild type) [Wild type product level],,,4565,Triticum aestivum,,Unknown strain,none,,,PHIDO:0000162,,,interspecies interaction,41493395,,,,
PHIG:10798,I1RXX1,,5518,Fusarium graminearum,229533,PH-1,strain,Hmg1 transformant(overexpression) (transformant) [Ectopic],,,4100,Nicotiana benthamiana,,Unknown strain,none,,PHIPO:0000477,,BTO:0000713,Macroscopic observation (qualitative observation),interspecies interaction,41493395,,,,
PHIG:10798,I1RXX1,,5518,Fusarium graminearum,229533,PH-1,strain,Hmg1deltaSP transformant(Overexpression. Signal peptides deleted.) (transformant) [Ectopic],,,4100,Nicotiana benthamiana,,Unknown strain,none,,PHIPO:0000465,,BTO:0000713,Macroscopic observation (qualitative observation),interspecies interaction,41493395,,,,
PHIG:10798,I1RXX1,,5518,Fusarium graminearum,229533,PH-1,strain,Hmg1(E122A) (amino acid mutation) [Overexpression],,,4100,Nicotiana benthamiana,,Unknown strain,none,,PHIPO:0000477,,BTO:0000713,Macroscopic observation (qualitative observation),interspecies interaction,41493395,,,,
PHIG:10798,I1RXX1,,5518,Fusarium graminearum,229533,PH-1,strain,Hmg1 transformant(overexpression) (transformant) [Ectopic],,,4565,Triticum aestivum,,Unknown strain,none,,PHIPO:0001156,,,Macroscopic observation (quantitative observation),interspecies interaction,41493395,,,,
PHIG:10798,I1RXX1,,5518,Fusarium graminearum,229533,PH-1,strain,Hmg1(E122A) (amino acid mutation) [Overexpression],,,4565,Triticum aestivum,,Unknown strain,none,,PHIPO:0001156,,,Macroscopic observation (quantitative observation),interspecies interaction,41493395,,,,
PHIG:10764,A0A098D586,,5518,Fusarium graminearum,229533,,strain,,I1RDK2,,5518,Fusarium graminearum,229533,,strain,,,,,Two-hybrid,protein-protein interaction,41649649,,,,
PHIG:10764,A0A098D586,,5518,Fusarium graminearum,229533,,strain,,A0A0E0SKP9,,5518,Fusarium graminearum,229533,,strain,,,,,Two-hybrid,protein-protein interaction,41649649,,,,
PHIG:10782,I1RDK2,,5518,Fusarium graminearum,229533,,strain,,A0A0E0SKP9,,5518,Fusarium graminearum,229533,,strain,,,,,Two-hybrid,protein-protein interaction,41649649,,,,
PHIG:10782,I1RDK2,,5518,Fusarium graminearum,229533,,strain,,I1RNM5,,5518,Fusarium graminearum,229533,,strain,,,,,Two-hybrid,protein-protein interaction,41649649,,,,
PHIG:9679,A0A1C3YKN0,,5518,Fusarium graminearum,229533,PH-1,strain,PacCdelta (deletion),,,4565,Triticum aestivum,,Unknown strain,none,,PHIPO:0000232,,BTO:0000668,Macroscopic observation (quantitative observation),interspecies interaction,41649649,,,,
PHIG:9679,A0A1C3YKN0,,5518,Fusarium graminearum,229533,PH-1,strain,PacC+ (wild type) [Wild type product level],,,4565,Triticum aestivum,,Unknown strain,none,,PHIPO:0000233,,BTO:0000668,Macroscopic observation (quantitative observation),interspecies interaction,41649649,,,,
PHIG:10787,I1RMN1,,5518,Fusarium graminearum,229533,PH-1,strain,PalHdelta (deletion),,,4565,Triticum aestivum,,Unknown strain,none,,PHIPO:0000232,,BTO:0000668,Macroscopic observation (quantitative observation),interspecies interaction,41649649,,,,
PHIG:10787,I1RMN1,,5518,Fusarium graminearum,229533,PH-1,strain,PalH+ (wild type) [Wild type product level],,,4565,Triticum aestivum,,Unknown strain,none,,PHIPO:0000233,,BTO:0000668,Macroscopic observation (quantitative observation),interspecies interaction,41649649,,,,
PHIG:10771,A0A0E0SKP9,,5518,Fusarium graminearum,229533,PH-1,strain,PalBdelta (deletion),,,4565,Triticum aestivum,,Unknown strain,none,,PHIPO:0000232,,BTO:0000668,Macroscopic observation (quantitative observation),interspecies interaction,41649649,,,,
PHIG:10771,A0A0E0SKP9,,5518,Fusarium graminearum,229533,PH-1,strain,PalB+ (wild type) [Wild type product level],,,4565,Triticum aestivum,,Unknown strain,none,,PHIPO:0000233,,BTO:0000668,Macroscopic observation (quantitative observation),interspecies interaction,41649649,,,,
PHIG:10782,I1RDK2,,5518,Fusarium graminearum,229533,PH-1,strain,PalAdelta (deletion),,,4565,Triticum aestivum,,Unknown strain,none,,PHIPO:0000232,,BTO:0000668,Macroscopic observation (quantitative observation),interspecies interaction,41649649,,,,
PHIG:10782,I1RDK2,,5518,Fusarium graminearum,229533,PH-1,strain,PalA+ (wild type) [Wild type product level],,,4565,Triticum aestivum,,Unknown strain,none,,PHIPO:0000233,,BTO:0000668,Macroscopic observation (quantitative observation),interspecies interaction,41649649,,,,
PHIG:10788,I1RNM5,,5518,Fusarium graminearum,229533,PH-1,strain,PalCdelta (deletion),,,4565,Triticum aestivum,,Unknown strain,none,,PHIPO:0000233,,BTO:0000668,Macroscopic observation (quantitative observation),interspecies interaction,41649649,,,,
PHIG:10788,I1RNM5,,5518,Fusarium graminearum,229533,PH-1,strain,PalC+ (wild type) [Wild type product level],,,4565,Triticum aestivum,,Unknown strain,none,,PHIPO:0000233,,BTO:0000668,Macroscopic observation (quantitative observation),interspecies interaction,41649649,,,,
PHIG:10764,A0A098D586,,5518,Fusarium graminearum,229533,PH-1,strain,PalFdelta (deletion),,,4565,Triticum aestivum,,Unknown strain,none,,PHIPO:0000233,,BTO:0000668,Macroscopic observation (quantitative observation),interspecies interaction,41649649,,,,
PHIG:10764,A0A098D586,,5518,Fusarium graminearum,229533,PH-1,strain,PalF+ (wild type) [Wild type product level],,,4565,Triticum aestivum,,Unknown strain,none,,PHIPO:0000233,,BTO:0000668,Macroscopic observation (quantitative observation),interspecies interaction,41649649,,,,
PHIG:10796,I1RWN2,,5518,Fusarium graminearum,229533,PH-1,strain,Palldelta (deletion),,,4565,Triticum aestivum,,Unknown strain,none,,PHIPO:0000233,,BTO:0000668,Macroscopic observation (quantitative observation),interspecies interaction,41649649,,,,
PHIG:10796,I1RWN2,,5518,Fusarium graminearum,229533,PH-1,strain,Pall+ (wild type) [Wild type product level],,,4565,Triticum aestivum,,Unknown strain,none,,PHIPO:0000233,,BTO:0000668,Macroscopic observation (quantitative observation),interspecies interaction,41649649,,,,
PHIG:9679,A0A1C3YKN0,,5518,Fusarium graminearum,229533,PH-1,strain,PacC+ (wild type) [Wild type product level],,,4565,Triticum aestivum,,Unknown strain,none,,,PHIDO:0000162,,,interspecies interaction,41649649,,,,
PHIG:8258,D0U2D1,,5507,Fusarium oxysporum,59765,f. sp. lycopersici,strain,Avr2deltasp(Signal peptides deleted) (partial amino acid deletion) [Ectopic],Q9XET3,,4081,Solanum lycopersicum,,cv. C32,species,I2delta (deletion),PHIPO:0000182,,BTO:0001461,Macroscopic observation (qualitative observation),gene-for-gene interaction,29481865,,,,
PHIG:8258,D0U2D1,,5507,Fusarium oxysporum,59765,f. sp. lycopersici,strain,Avr2deltasp(Signal peptides deleted) (partial amino acid deletion) [Ectopic],Q9XET3,,4081,Solanum lycopersicum,,Unknown strain,species,I2+ (wild type) [Wild type product level],PHIPO:0000192,,BTO:0001461,Macroscopic observation (qualitative observation),gene-for-gene interaction,29481865,,,,
PHIG:8258,D0U2D1,,5507,Fusarium oxysporum,59765,f. sp. lycopersici,strain,Avr2(R45H) (amino acid mutation) [Ectopic],Q9XET3,,4081,Solanum lycopersicum,,cv. C32,species,I2delta (deletion),PHIPO:0000182,,BTO:0001461,Macroscopic observation (qualitative observation),gene-for-gene interaction,29481865,,,,
PHIG:8258,D0U2D1,,5507,Fusarium oxysporum,59765,f. sp. lycopersici,strain,Avr2(R45H) (amino acid mutation) [Ectopic],Q9XET3,,4081,Solanum lycopersicum,,Unknown strain,species,I2+ (wild type) [Wild type product level],PHIPO:0000182,,BTO:0001461,Macroscopic observation (qualitative observation),gene-for-gene interaction,29481865,,,,
PHIG:8258,D0U2D1,,5507,Fusarium oxysporum,59765,f. sp. lycopersici,strain,Avr2deltasp(Signal peptides deleted) (partial amino acid deletion) [Ectopic],Q9XET3,,4081,Solanum lycopersicum,,cv. C32,species,I2delta (deletion),,PHIDO:0000381,,,interspecies interaction,29481865,,,,
PHIG:8258,D0U2D1,,5507,Fusarium oxysporum,59765,,strain,,C0LT61,,5507,Fusarium oxysporum,59765,,strain,,,,,PCA,protein-protein interaction,29481865,,,,
PHIG:10381,A0A6M4RTW7,,4547,Saccharum officinarum,,,species,,A0A6M4RVF9,,49012,Sporisorium scitamineum,,,species,,,,,PCA,protein-protein interaction,40166905,,,,
PHIG:10382,A0A6M4RVF9,,49012,Sporisorium scitamineum,,Unknown strain,species,SsPE15+ (wild type) [Wild type product level],,,4547,Saccharum officinarum,,ROC22,none,,PHIPO:0000951,,BTO:0005094,Macroscopic observation (qualitative observation),interspecies interaction,40166905,,,,
PHIG:10382,A0A6M4RVF9,,49012,Sporisorium scitamineum,,Unknown strain,species,SsPE15delta (deletion),,,4547,Saccharum officinarum,,ROC22,none,,PHIPO:0000368,,BTO:0005094,Macroscopic observation (qualitative observation),interspecies interaction,40166905,Increased virulence,,,
PHIG:10382,A0A6M4RVF9,,49012,Sporisorium scitamineum,,Unknown strain,species,SsPE15delta-SsPE15(complement by re-introducing the wild-type allele at an ectopic locus) (other) [Ectopic],,,4547,Saccharum officinarum,,ROC22,none,,PHIPO:0000951,,BTO:0005094,Macroscopic observation (qualitative observation),interspecies interaction,40166905,Unaffected pathogenicity,,,
PHIG:10382,A0A6M4RVF9,,49012,Sporisorium scitamineum,,Unknown strain,species,SsPE15+ (wild type) [Wild type product level],,,4547,Saccharum officinarum,,ROC22,none,,,PHIDO:0000338,,,interspecies interaction,40166905,,,,
PHIG:10381,A0A6M4RTW7,,4547,Saccharum officinarum,,,species,,A0A6M4RVF9,,49012,Sporisorium scitamineum,,,species,,,,,Affinity Capture-Western,protein-protein interaction,40166905,,,,
PHIG:10436,A0A0J9V3N3,,,Fusarium oxysporum,,4287,species,Sas2+ (wild type) [Wild type product level],,,4081,Solanum lycopersicum,,Unknown strain,none,,PHIPO:0000954,,BTO:0001461,Macroscopic observation (quantitative observation),interspecies interaction,39648535,,,,
PHIG:10436,A0A0J9V3N3,,,Fusarium oxysporum,,4287,species,Sas2delta (deletion),,,4081,Solanum lycopersicum,,Unknown strain,none,,PHIPO:0000365,,BTO:0001461,Macroscopic observation (quantitative observation),interspecies interaction,39648535,Reduced virulence,,,
PHIG:10436,A0A0J9V3N3,,,Fusarium oxysporum,,4287,species,Sas2delta-Sas2 transformant(complement by re-introducing the wild-type allele at an ectopic locus) (transformant) [Ectopic],,,4081,Solanum lycopersicum,,Unknown strain,none,,PHIPO:0000954,,BTO:0001461,Macroscopic observation (quantitative observation),interspecies interaction,39648535,Unaffected pathogenicity,,,
PHIG:10436,A0A0J9V3N3,,,Fusarium oxysporum,,4287,species,Sas2(K269R/K276R) (amino acid mutation) [Ectopic],,,4081,Solanum lycopersicum,,Unknown strain,none,,PHIPO:0000365,,BTO:0001461,Macroscopic observation (quantitative observation),interspecies interaction,39648535,Reduced virulence,,,
PHIG:10436,A0A0J9V3N3,,,Fusarium oxysporum,,4287,species,Sas2(K269R) (amino acid mutation) [Ectopic],,,4081,Solanum lycopersicum,,Unknown strain,none,,PHIPO:0000365,,BTO:0001461,Macroscopic observation (quantitative observation),interspecies interaction,39648535,Reduced virulence,,,
PHIG:10436,A0A0J9V3N3,,,Fusarium oxysporum,,4287,species,Sas2(K260Q/K264Q) (amino acid mutation) [Ectopic],,,4081,Solanum lycopersicum,,Unknown strain,none,,PHIPO:0000954,,BTO:0001461,Macroscopic observation (quantitative observation),interspecies interaction,39648535,Unaffected pathogenicity,,,
PHIG:10436,A0A0J9V3N3,,,Fusarium oxysporum,,4287,species,Sas2(K260R/K264R) (amino acid mutation) [Ectopic],,,4081,Solanum lycopersicum,,Unknown strain,none,,PHIPO:0000954,,BTO:0001461,Macroscopic observation (quantitative observation),interspecies interaction,39648535,Unaffected pathogenicity,,,
PHIG:10436,A0A0J9V3N3,,,Fusarium oxysporum,,4287,species,Sas2(K269Q) (amino acid mutation) [Ectopic],,,4081,Solanum lycopersicum,,Unknown strain,none,,PHIPO:0000954,,BTO:0001461,Macroscopic observation (quantitative observation),interspecies interaction,39648535,Unaffected pathogenicity,,,
PHIG:10436,A0A0J9V3N3,,,Fusarium oxysporum,,4287,species,Sas2(K276Q) (amino acid mutation) [Ectopic],,,4081,Solanum lycopersicum,,Unknown strain,none,,PHIPO:0000954,,BTO:0001461,Macroscopic observation (quantitative observation),interspecies interaction,39648535,Unaffected pathogenicity,,,
PHIG:10436,A0A0J9V3N3,,,Fusarium oxysporum,,4287,species,Sas2(K276R) (amino acid mutation) [Ectopic],,,4081,Solanum lycopersicum,,Unknown strain,none,,PHIPO:0000954,,BTO:0001461,Macroscopic observation (quantitative observation),interspecies interaction,39648535,Unaffected pathogenicity,,,
PHIG:10436,A0A0J9V3N3,,,Fusarium oxysporum,,4287,species,Sas2+ (wild type) [Wild type product level],,,4081,Solanum lycopersicum,,Unknown strain,none,,,PHIDO:0000164,,,interspecies interaction,39648535,,,,
PHIG:10426,I1RIG6,,5518,Fusarium graminearum,229533,PH-1,strain,Arb93B+ (wild type) [Wild type product level],,,4565,Triticum aestivum,,cv. Norm,none,,PHIPO:0000954,,BTO:0001278,Macroscopic observation (quantitative observation),interspecies interaction,30759350,,,,
PHIG:10426,I1RIG6,,5518,Fusarium graminearum,229533,PH-1,strain,Arb93Bdelta (deletion),,,4565,Triticum aestivum,,cv. Norm,none,,PHIPO:0000365,,BTO:0001278,Macroscopic observation (quantitative observation),interspecies interaction,30759350,Reduced virulence,,,
PHIG:10426,I1RIG6,,5518,Fusarium graminearum,229533,PH-1,strain,Arb93Bdelta-Arb93Btransformant(complement by re-introducing the wild-type allele at an ectopic locus) (transformant) [Ectopic],,,4565,Triticum aestivum,,cv. Norm,none,,PHIPO:0000954,,BTO:0001278,Macroscopic observation (quantitative observation),interspecies interaction,30759350,Unaffected pathogenicity,,,
PHIG:10426,I1RIG6,,5518,Fusarium graminearum,229533,PH-1,strain,Arb93B+ (wild type) [Wild type product level],,,4565,Triticum aestivum,,cv. Norm,none,,PHIPO:0000233,,BTO:0001278,Substance quantification evidence,interspecies interaction,30759350,,,,
PHIG:10426,I1RIG6,,5518,Fusarium graminearum,229533,PH-1,strain,Arb93Bdelta (deletion),,,4565,Triticum aestivum,,cv. Norm,none,,PHIPO:0000219,,BTO:0001278,Substance quantification evidence,interspecies interaction,30759350,,,,
PHIG:10426,I1RIG6,,5518,Fusarium graminearum,229533,PH-1,strain,Arb93Bdelta-Arb93Btransformant(complement by re-introducing the wild-type allele at an ectopic locus) (transformant) [Ectopic],,,4565,Triticum aestivum,,cv. Norm,none,,PHIPO:0000233,,BTO:0001278,Substance quantification evidence,interspecies interaction,30759350,,,,
PHIG:10426,I1RIG6,,5518,Fusarium graminearum,229533,PH-1,strain,Arb93B+ (wild type) [Wild type product level],,,4100,Nicotiana benthamiana,,Unknown strain,none,,PHIPO:0000927,,BTO:0000713,Substance quantification evidence,interspecies interaction,30759350,,,,
PHIG:10426,I1RIG6,,5518,Fusarium graminearum,229533,PH-1,strain,Arb93Bdelta (deletion),,,4100,Nicotiana benthamiana,,Unknown strain,none,,PHIPO:0001192,,BTO:0000713,Substance quantification evidence,interspecies interaction,30759350,,,,
PHIG:10426,I1RIG6,,5518,Fusarium graminearum,229533,PH-1,strain,Arb93B+ (wild type) [Wild type product level],,,4100,Nicotiana benthamiana,,Unknown strain,none,,PHIPO:0000927,,BTO:0000713,Substance quantification evidence,interspecies interaction,30759350,,,,
PHIG:10426,I1RIG6,,5518,Fusarium graminearum,229533,PH-1,strain,Arb93Bdelta (deletion),,,4100,Nicotiana benthamiana,,Unknown strain,none,,PHIPO:0001192,,BTO:0000713,Substance quantification evidence,interspecies interaction,30759350,,,,
PHIG:10426,I1RIG6,,5518,Fusarium graminearum,229533,PH-1,strain,Arb93B+ (wild type) [Wild type product level],,,4565,Triticum aestivum,,cv. Norm,none,,,PHIDO:0000162,,,interspecies interaction,30759350,,,,
PHIG:10424,I1RH17,,5518,Fusarium graminearum,229533,PH-1,strain,Arb93Adelta (deletion),,,4565,Triticum aestivum,,cv. Norm,none,,PHIPO:0000954,,BTO:0001278,Macroscopic observation (quantitative observation),interspecies interaction,30759350,Unaffected pathogenicity,,,
PHIG:11325,G4ZKB1,,67593,Phytophthora sojae,1094619,Unknown strain,strain,Avh113+ (wild type) [Ectopic],,,4100,Nicotiana benthamiana,,Unknown strain,none,,PHIPO:0000368,,BTO:0001461,Macroscopic observation (qualitative observation),interspecies interaction,36972124,Increased virulence,,,
PHIG:11325,G4ZKB1,,67593,Phytophthora sojae,1094619,Unknown strain,strain,Avh113+ (wild type) [Wild type product level],,,3847,Glycine max,,Unknown strain,none,,PHIPO:0000954,,BTO:0000613,Macroscopic observation (quantitative observation),interspecies interaction,36972124,,,,
PHIG:11325,G4ZKB1,,67593,Phytophthora sojae,1094619,Unknown strain,strain,Avh113delta (deletion),,,3847,Glycine max,,Unknown strain,none,,PHIPO:0000365,,BTO:0000613,Macroscopic observation (quantitative observation),interspecies interaction,36972124,Reduced virulence,,,
PHIG:11325,G4ZKB1,,67593,Phytophthora sojae,1094619,Unknown strain,strain,Avh113+ (wild type) [Wild type product level],,,3847,Glycine max,,Unknown strain,none,,,PHIDO:0000318,,,interspecies interaction,36972124,,,,
PHIG:11325,G4ZKB1,,67593,Phytophthora sojae,1094619,,strain,,I1JAG8,,3847,Glycine max,,,species,,,,,Two-hybrid,protein-protein interaction,36972124,,,,
PHIG:11325,G4ZKB1,,67593,Phytophthora sojae,1094619,,strain,,I1JAG8,,3847,Glycine max,,,species,,,,,PCA,protein-protein interaction,36972124,,,,
,,,67593,Phytophthora sojae,,Unknown strain,none,,I1JAG8,,3847,Glycine max,,Unknown strain,species,Dpb+ (wild type) [Wild type product level],PHIPO:0000954,,BTO:0001188,Macroscopic observation (quantitative observation),interspecies interaction,36972124,,,,
,,,67593,Phytophthora sojae,,Unknown strain,none,,I1JAG8,,3847,Glycine max,,Unknown strain,species,Dpb transformant(overexpression) (transformant) [Ectopic],PHIPO:0000365,,BTO:0001188,Macroscopic observation (quantitative observation),interspecies interaction,36972124,,,,
,,,67593,Phytophthora sojae,,Unknown strain,none,,I1JAG8,,3847,Glycine max,,Unknown strain,species,Dpbdelta (deletion),PHIPO:0000368,,BTO:0001188,Macroscopic observation (quantitative observation),interspecies interaction,36972124,,,,
PHIG:11325,G4ZKB1,,67593,Phytophthora sojae,1094619,Unknown strain,strain,Avh113+ (wild type) [Ectopic],I1JAG8,,3847,Glycine max,,Unknown strain,species,Dpb+ (wild type) [Ectopic],PHIPO:0000192,,BTO:0000713,Macroscopic observation (qualitative observation),gene-for-gene interaction,36972124,,,,
PHIG:11325,G4ZKB1,,67593,Phytophthora sojae,1094619,,strain,,I1JAG8,,3847,Glycine max,,,species,,,,,Co-purification,protein-protein interaction,36972124,,,,
PHIG:10361,W7MII6,,117187,Fusarium verticillioides,334819,Unknown strain,strain,FvCFEM12+ (wild type) [Ectopic],,,4100,Nicotiana benthamiana,,Unknown strain,none,,PHIPO:0000465,,BTO:0000713,Macroscopic observation (qualitative observation),interspecies interaction,40362606,,,,
PHIG:10361,W7MII6,,117187,Fusarium verticillioides,334819,Unknown strain,strain,FvCFEM12+ (wild type) [Ectopic],,,4100,Nicotiana benthamiana,,Unknown strain,none,,PHIPO:0001015,,BTO:0000713,Macroscopic observation (qualitative observation),interspecies interaction,40362606,,,,
PHIG:10361,W7MII6,,117187,Fusarium verticillioides,334819,Unknown strain,strain,FvCFEM12+ (wild type) [Ectopic],,,4100,Nicotiana benthamiana,,Unknown strain,none,,PHIPO:0001155,,BTO:0000713,Macroscopic observation (qualitative observation),interspecies interaction,40362606,,,,
PHIG:10361,W7MII6,,117187,Fusarium verticillioides,334819,Unknown strain,strain,FvCFEM12+ (wild type) [Wild type product level],,,4577,Zea mays,,cv. B73,none,,PHIPO:0000951,,BTO:0001300,Macroscopic observation (qualitative observation),interspecies interaction,40362606,,,,
PHIG:10361,W7MII6,,117187,Fusarium verticillioides,334819,Unknown strain,strain,FvCFEM12delta (deletion),,,4577,Zea mays,,cv. B73,none,,PHIPO:0000365,,BTO:0001300,Macroscopic observation (qualitative observation),interspecies interaction,40362606,,,,
PHIG:10361,W7MII6,,117187,Fusarium verticillioides,334819,,strain,,A0A1D6E0S8,,4577,Zea mays,,,species,,,,,Affinity Capture-Western,protein-protein interaction,40362606,,,,
PHIG:10361,W7MII6,,117187,Fusarium verticillioides,334819,Unknown strain,strain,FvCFEM12+ (wild type) [Wild type product level],A0A1D6E0S8,,4577,Zea mays,,cv. B73,species,ZmWAK17(VIGS)(virus-induced gene silencing) (disruption) [Knockdown],PHIPO:0000368,,BTO:0000713,Macroscopic observation (qualitative observation),interspecies interaction,40362606,Increased virulence,,,
PHIG:10361,W7MII6,,117187,Fusarium verticillioides,334819,,strain,,A0A1D6E0S8,,4577,Zea mays,,,species,,,,,PCA,protein-protein interaction,40362606,,,,
PHIG:10361,W7MII6,,117187,Fusarium verticillioides,334819,Unknown strain,strain,FvCFEM12+ (wild type) [Wild type product level],,,4577,Zea mays,,cv. B73,none,,,PHIDO:0000474,,,interspecies interaction,40362606,,,,
PHIG:10361,W7MII6,,117187,Fusarium verticillioides,334819,Unknown strain,strain,FvCFEM12+ (wild type) [Ectopic],,,4100,Nicotiana benthamiana,,Unknown strain,none,,PHIPO:0000465,,BTO:0000713,Macroscopic observation (qualitative observation),interspecies interaction,40362606,,,,
PHIG:10361,W7MII6,,117187,Fusarium verticillioides,334819,Unknown strain,strain,FvCFEM12 (delta1-17)(1-17 signal peptides deleted) (partial amino acid deletion) [Ectopic],,,4100,Nicotiana benthamiana,,Unknown strain,none,,PHIPO:0000465,,BTO:0000713,Macroscopic observation (qualitative observation),interspecies interaction,40362606,,,,
PHIG:10361,W7MII6,,117187,Fusarium verticillioides,334819,Unknown strain,strain,FvCFEM12 (delta86-193)(86-193 deleted) (partial amino acid deletion) [Ectopic],,,4100,Nicotiana benthamiana,,Unknown strain,none,,PHIPO:0000465,,BTO:0000713,Macroscopic observation (qualitative observation),interspecies interaction,40362606,,,,
PHIG:10361,W7MII6,,117187,Fusarium verticillioides,334819,Unknown strain,strain,FvCFEM12 (delta18-85)(18-85  CFEM domain deleted) (partial amino acid deletion) [Ectopic],,,4100,Nicotiana benthamiana,,Unknown strain,none,,PHIPO:0000477,,BTO:0000713,Macroscopic observation (qualitative observation),interspecies interaction,40362606,,,,
PHIG:10360,W7MEA1,,117187,Fusarium verticillioides,334819,Unknown strain,strain,FvCFEM17+ (wild type) [Ectopic],,,4100,Nicotiana benthamiana,,Unknown strain,none,,PHIPO:0000465,,BTO:0000713,Macroscopic observation (qualitative observation),interspecies interaction,40362606,,,,
PHIG:10363,W7MSG1,,117187,Fusarium verticillioides,334819,Unknown strain,strain,FvCFEM18+ (wild type) [Ectopic],,,4100,Nicotiana benthamiana,,Unknown strain,none,,PHIPO:0000465,,BTO:0000713,Macroscopic observation (qualitative observation),interspecies interaction,40362606,,,,
PHIG:10359,W7LVM1,,117187,Fusarium verticillioides,334819,Unknown strain,strain,FvCFEM 7+ (wild type) [Ectopic],,,4100,Nicotiana benthamiana,,Unknown strain,none,,PHIPO:0000477,,BTO:0000713,Macroscopic observation (qualitative observation),interspecies interaction,40362606,,,,
PHIG:10357,W7LPN3,,117187,Fusarium verticillioides,334819,Unknown strain,strain,FvCFEM9+ (wild type) [Ectopic],,,4100,Nicotiana benthamiana,,Unknown strain,none,,PHIPO:0000477,,BTO:0000713,Macroscopic observation (qualitative observation),interspecies interaction,40362606,,,,
PHIG:10358,W7LVA5,,117187,Fusarium verticillioides,334819,Unknown strain,strain,FvCFEM10+ (wild type) [Ectopic],,,4100,Nicotiana benthamiana,,Unknown strain,none,,PHIPO:0000477,,BTO:0000713,Macroscopic observation (qualitative observation),interspecies interaction,40362606,,,,
PHIG:10362,W7MND4,,117187,Fusarium verticillioides,334819,Unknown strain,strain,FvCFEM13+ (wild type) [Ectopic],,,4100,Nicotiana benthamiana,,Unknown strain,none,,PHIPO:0000477,,BTO:0000713,Macroscopic observation (qualitative observation),interspecies interaction,40362606,,,,
PHIG:10439,N1REL4,,2502994,Fusarium oxysporum f. sp. cubense (strain race 4),,B2,species,Isc1+ (wild type) [Wild type product level],,,4641,Musa acuminata,,cv. Brazilian,none,,PHIPO:0000954,,BTO:0001188,Macroscopic observation (quantitative observation),interspecies interaction,39608178,,,,
PHIG:10439,N1REL4,,2502994,Fusarium oxysporum f. sp. cubense (strain race 4),,B2,species,Isc1delta (deletion),,,4641,Musa acuminata,,cv. Brazilian,none,,PHIPO:0000365,,BTO:0001188,Macroscopic observation (quantitative observation),interspecies interaction,39608178,Reduced virulence,,,
PHIG:10439,N1REL4,,2502994,Fusarium oxysporum f. sp. cubense (strain race 4),,B2,species,Isc1delta-Isc1 transformant(complement by re-introducing the wild-type allele at an ectopic locus) (transformant) [Ectopic],,,4641,Musa acuminata,,cv. Brazilian,none,,PHIPO:0000954,,BTO:0001188,Macroscopic observation (quantitative observation),interspecies interaction,39608178,Unaffected pathogenicity,,,
PHIG:10439,N1REL4,,2502994,Fusarium oxysporum f. sp. cubense (strain race 4),,B2,species,Isc1+ (wild type) [Wild type product level],,,4641,Musa acuminata,,cv. Brazilian,none,,,PHIDO:0000164,,,interspecies interaction,39608178,,,,
PHIG:1422,Q258K5,,5022,Leptosphaeria maculans,225342,3R11,strain,avrLm1 (non-func)-AvrLm1 transformant(complement by re-introducing the wild-type allele at an ectopic locus) (transformant) [Ectopic],M4CXI3,,3711,Brassica rapa,,Surpass 400,species,LepR3+ (wild type) [Wild type product level],PHIPO:0000365,,BTO:0000300,Macroscopic observation (qualitative observation),gene-for-gene interaction,23206118,,,,
PHIG:1422,Q258K5,,5022,Leptosphaeria maculans,225342,3R11,strain,avrLm1 (non-func) (unknown) [Wild type product level],,,3711,Brassica rapa,,Topas DH16516,none,,PHIPO:0000954,,BTO:0000300,Macroscopic observation (qualitative observation),gene-for-gene interaction,23206118,,,,
PHIG:1422,Q258K5,,5022,Leptosphaeria maculans,225342,3R11,strain,avrLm1 (non-func) (unknown) [Wild type product level],,,3711,Brassica rapa,,Topas DH16516,none,,,PHIDO:0000051,,,interspecies interaction,23206118,,,,
PHIG:1422,Q258K5,,5022,Leptosphaeria maculans,225342,3R11,strain,avrLm1 (non-func)-AvrLm1 transformant(complement by re-introducing the wild-type allele at an ectopic locus) (transformant) [Ectopic],,,3711,Brassica rapa,,Columbus,none,,PHIPO:0000365,,BTO:0000713,Macroscopic observation (qualitative observation),gene-for-gene interaction,23206118,,,,
PHIG:1422,Q258K5,,5022,Leptosphaeria maculans,225342,3R11,strain,avrLm1 (non-func)-AvrLm1 transformant(complement by re-introducing the wild-type allele at an ectopic locus) (transformant) [Ectopic],,,3711,Brassica rapa,,Quinta DH24288,none,,PHIPO:0000365,,BTO:0000713,Macroscopic observation (qualitative observation),gene-for-gene interaction,23206118,,,,
PHIG:1422,Q258K5,,5022,Leptosphaeria maculans,225342,3R11,strain,avrLm1 (non-func)-AvrLm1 transformant(complement by re-introducing the wild-type allele at an ectopic locus) (transformant) [Ectopic],,,3711,Brassica rapa,,Quantum,none,,PHIPO:0000954,,BTO:0000713,Macroscopic observation (qualitative observation),gene-for-gene interaction,23206118,,,,
PHIG:1422,Q258K5,,5022,Leptosphaeria maculans,225342,3R11,strain,avrLm1 (non-func) (unknown) [Wild type product level],M4CXI3,,3711,Brassica rapa,,Surpass 400,species,LepR3+ (wild type) [Wild type product level],PHIPO:0000951,,BTO:0000300,Macroscopic observation (qualitative observation),gene-for-gene interaction,23206118,,,,
PHIG:1422,Q258K5,,5022,Leptosphaeria maculans,225342,3R11,strain,avrLm1 (non-func)-AvrLm1 transformant(complement by re-introducing the wild-type allele at an ectopic locus) (transformant) [Ectopic],,,3711,Brassica rapa,,Topas DH16516,none,,PHIPO:0000954,,BTO:0000300,Macroscopic observation (qualitative observation),gene-for-gene interaction,23206118,,,,
PHIG:1422,Q258K5,,5022,Leptosphaeria maculans,225342,3R11,strain,avrLm1 (non-func) (unknown) [Wild type product level],,,3711,Brassica rapa,,Columbus,none,,PHIPO:0000954,,BTO:0000300,Macroscopic observation (qualitative observation),gene-for-gene interaction,23206118,,,,
PHIG:1422,Q258K5,,5022,Leptosphaeria maculans,225342,3R11,strain,avrLm1 (non-func) (unknown) [Wild type product level],,,3711,Brassica rapa,,Quinta DH24288,none,,PHIPO:0000954,,BTO:0000300,Macroscopic observation (qualitative observation),gene-for-gene interaction,23206118,,,,
PHIG:1422,Q258K5,,5022,Leptosphaeria maculans,225342,3R11,strain,avrLm1 (non-func) (unknown) [Wild type product level],,,3711,Brassica rapa,,Quantum,none,,PHIPO:0000954,,BTO:0000300,Macroscopic observation (qualitative observation),gene-for-gene interaction,23206118,,,,
PHIG:11384,I1RZ79,,5518,Fusarium graminearum,229533,PH-1,strain,ABCF3delta (deletion),,,4565,Triticum aestivum,,cv. Roblin,none,,PHIPO:0000365,,BTO:0002119,Macroscopic observation (qualitative observation),interspecies interaction,42062890,Reduced virulence,,,
PHIG:11384,I1RZ79,,5518,Fusarium graminearum,229533,PH-1,strain,ABCF3+ (wild type) [Wild type product level],,,4565,Triticum aestivum,,cv. Roblin,none,,PHIPO:0000954,,BTO:0002119,Macroscopic observation (qualitative observation),interspecies interaction,42062890,,,,
PHIG:11384,I1RZ79,,5518,Fusarium graminearum,229533,PH-1,strain,ABCF3 transformant(complement by re-introducing the wild-type to an ectopic locus) (transformant) [Ectopic],,,4565,Triticum aestivum,,cv. Roblin,none,,PHIPO:0000365,,BTO:0002119,Macroscopic observation (qualitative observation),interspecies interaction,42062890,Unaffected pathogenicity,,,
PHIG:11384,I1RZ79,,5518,Fusarium graminearum,229533,PH-1,strain,ABCF3+ (wild type) [Wild type product level],,,4565,Triticum aestivum,,cv. Roblin,none,,,PHIDO:0000162,,,interspecies interaction,42062890,,,,
PHIG:11384,I1RZ79,,5518,Fusarium graminearum,229533,PH-1,strain,ABCF3-OE transformant(overexpression) (transformant) [Ectopic],,,4565,Triticum aestivum,,cv. Roblin,none,,PHIPO:0000368,,BTO:0002119,Macroscopic observation (qualitative observation),interspecies interaction,42062890,Increased virulence,,,
PHIG:11326,G4ZSK4,,67593,Phytophthora sojae,1094619,P6497,strain,Avh110+ (wild type) [Wild type product level],,,3847,Glycine max,,cv. Hefeng 47,none,,,PHIDO:0000474,,,interspecies interaction,36222564,,,,
PHIG:11326,G4ZSK4,,67593,Phytophthora sojae,1094619,,strain,,I1JMC3,,3847,Glycine max,,,species,,,,,Two-hybrid,protein-protein interaction,36222564,,,,
PHIG:11294,I1JMC3,,3847,Glycine max,,,species,,I1L1N8,,3847,Glycine max,,,species,,,,,Two-hybrid,protein-protein interaction,36222564,,,,
PHIG:11326,G4ZSK4,,67593,Phytophthora sojae,1094619,P6497,strain,Avh110+ (wild type) [Wild type product level],,,3847,Glycine max,,cv. Hefeng 47,none,,PHIPO:0000954,,BTO:0000613,Macroscopic observation (quantitative observation),interspecies interaction,36222564,,,,
PHIG:11326,G4ZSK4,,67593,Phytophthora sojae,1094619,P6497,strain,Avh110mNLS(NLS1/2 (K/A or R/A)) (amino acid mutation) [Ectopic],,,3847,Glycine max,,cv. Hefeng 47,none,,PHIPO:0000365,,BTO:0000613,Macroscopic observation (quantitative observation),interspecies interaction,36222564,Reduced virulence,,,
PHIG:11326,G4ZSK4,,67593,Phytophthora sojae,1094619,P6497,strain,Avh110-T52(contains a 261-bp deletion) (disruption) [Null],,,3847,Glycine max,,cv. Hefeng 47,none,,PHIPO:0000365,,BTO:0000613,Macroscopic observation (quantitative observation),interspecies interaction,36222564,Reduced virulence,,,
PHIG:11326,G4ZSK4,,67593,Phytophthora sojae,1094619,P6497,strain,Avh110-T119(contains a 462-bp deletion) (disruption) [Null],,,3847,Glycine max,,cv. Hefeng 47,none,,PHIPO:0000365,,BTO:0000613,Macroscopic observation (quantitative observation),interspecies interaction,36222564,Reduced virulence,,,
PHIG:11326,G4ZSK4,,67593,Phytophthora sojae,1094619,P6497,strain,Flag-Avh110 transformant(overexpression) (transformant) [Overexpression],,,4100,Nicotiana benthamiana,,Unknown strain,none,,PHIPO:0000986,,BTO:0000713,Macroscopic observation (qualitative observation),interspecies interaction,36222564,,,,
PHIG:11326,G4ZSK4,,67593,Phytophthora sojae,1094619,P6497,strain,Avh11-T52+ Avh110 transformant(complement by re-introducing the wild-type allele at an ectopic locus) (transformant) [Ectopic],,,3847,Glycine max,,cv. Hefeng 47,none,,PHIPO:0000954,,BTO:0000613,Macroscopic observation (quantitative observation),interspecies interaction,36222564,Unaffected pathogenicity,,,
PHIG:10428,I1RKZ1,,5518,Fusarium graminearum,229533,PH-1,strain,Nls1+ (wild type) [Wild type product level],,,4565,Triticum aestivum,,Alsen,none,,PHIPO:0000954,,BTO:0000468,Macroscopic observation (quantitative observation),interspecies interaction,36853197,,,,
PHIG:10428,I1RKZ1,,5518,Fusarium graminearum,229533,PH-1,strain,Nls1delta (deletion),,,4565,Triticum aestivum,,Alsen,none,,PHIPO:0000365,,BTO:0000468,Macroscopic observation (quantitative observation),interspecies interaction,36853197,Reduced virulence,,,
PHIG:10428,I1RKZ1,,5518,Fusarium graminearum,229533,PH-1,strain,Nls1+ (wild type) [Wild type product level],,,4565,Triticum aestivum,,Alsen,none,,PHIPO:0000233,,BTO:0001278,Substance quantification evidence,interspecies interaction,36853197,,,,
PHIG:10428,I1RKZ1,,5518,Fusarium graminearum,229533,PH-1,strain,Nls1+ (wild type) [Wild type product level],,,4565,Triticum aestivum,,Alsen,none,,PHIPO:0000219,,BTO:0001278,Substance quantification evidence,interspecies interaction,36853197,,,,
PHIG:10428,I1RKZ1,,5518,Fusarium graminearum,229533,PH-1,strain,Nls1delta-Nls1 transformant(complement by re-introducing the wild-type allele at an ectopic locus) (transformant) [Ectopic],,,4565,Triticum aestivum,,Alsen,none,,PHIPO:0000219,,BTO:0000468,Macroscopic observation (quantitative observation),interspecies interaction,36853197,Unaffected pathogenicity,,,
PHIG:10428,I1RKZ1,,5518,Fusarium graminearum,229533,PH-1,strain,Nls1+ (wild type) [Wild type product level],,,4565,Triticum aestivum,,Alsen,none,,,PHIDO:0000162,,,interspecies interaction,36853197,,,,
PHIG:10428,I1RKZ1,,5518,Fusarium graminearum,229533,PH-1,strain,Nls1+ (wild type) [Wild type product level],,,4565,Triticum aestivum,,cv. Norm,none,,PHIPO:0000954,,BTO:0001278,Macroscopic observation (quantitative observation),interspecies interaction,36853197,,,,
PHIG:10428,I1RKZ1,,5518,Fusarium graminearum,229533,PH-1,strain,Nls1delta (deletion),,,4565,Triticum aestivum,,cv. Norm,none,,PHIPO:0000365,,BTO:0001278,Macroscopic observation (quantitative observation),interspecies interaction,36853197,Reduced virulence,,,
PHIG:10428,I1RKZ1,,5518,Fusarium graminearum,229533,PH-1,strain,Nls1+ (wild type) [Wild type product level],,,4565,Triticum aestivum,,cv. Norm,none,,PHIPO:0000233,,BTO:0001278,Substance quantification evidence,interspecies interaction,36853197,,,,
PHIG:10428,I1RKZ1,,5518,Fusarium graminearum,229533,PH-1,strain,Nls1+ (wild type) [Wild type product level],,,4565,Triticum aestivum,,cv. Norm,none,,PHIPO:0000219,,BTO:0001278,Substance quantification evidence,interspecies interaction,36853197,,,,
PHIG:10428,I1RKZ1,,5518,Fusarium graminearum,229533,PH-1,strain,Nls1delta-Nls1 transformant(complement by re-introducing the wild-type allele at an ectopic locus) (transformant) [Ectopic],,,4565,Triticum aestivum,,cv. Norm,none,,PHIPO:0000954,,BTO:0001278,Macroscopic observation (quantitative observation),interspecies interaction,36853197,Unaffected pathogenicity,,,
PHIG:10428,I1RKZ1,,5518,Fusarium graminearum,229533,,strain,,P27807,,4565,Triticum aestivum,,,species,,,,,Affinity Capture-MS,protein-protein interaction,36853197,,,,
PHIG:10428,I1RKZ1,,5518,Fusarium graminearum,229533,PH-1,strain,Nls1+ (wild type) [Wild type product level],,,4565,Triticum aestivum,,cv. Bobwhite,none,,PHIPO:0000954,,BTO:0001278,Macroscopic observation (quantitative observation),interspecies interaction,36853197,,,,
PHIG:10428,I1RKZ1,,5518,Fusarium graminearum,229533,PH-1,strain,Nls1-RNAi (disruption) [Knockdown],,,4565,Triticum aestivum,,cv. Bobwhite,none,,PHIPO:0000365,,BTO:0001278,Macroscopic observation (quantitative observation),interspecies interaction,36853197,Reduced virulence,,,
,,,27350,Puccinia striiformis,,CYR23,none,,P83970,,4565,Triticum aestivum,,cv. Fielder,species,HA2OE transformant(overexpression) (transformant) [Overexpression],PHIPO:0000368,,BTO:0000713,Macroscopic observation (quantitative observation),interspecies interaction,41637569,,,,
,,,27350,Puccinia striiformis,,CYR23,none,,P83970,,4565,Triticum aestivum,,cv. Fielder,species,HA2OE transformant(overexpression) (transformant) [Overexpression],PHIPO:0001204,,BTO:0000713,Substance quantification evidence,interspecies interaction,41637569,,,,
,,,27350,Puccinia striiformis,,CYR31,none,,P83970,,4565,Triticum aestivum,,cv. Fielder,species,HA2(BSMV-induced gene silencing) (disruption) [Knockdown],PHIPO:0000365,,BTO:0000713,Substance quantification evidence,interspecies interaction,41637569,,,,
PHIG:11354,A0A1D5UMU8,,4565,Triticum aestivum,,,species,,A0A3B6IXY8,,4565,Triticum aestivum,,,species,,,,,Two-hybrid,protein-protein interaction,41637569,,,,
PHIG:11354,A0A1D5UMU8,,4565,Triticum aestivum,,,species,,A0A3B6IXY8,,4565,Triticum aestivum,,,species,,,,,Co-purification,protein-protein interaction,41637569,,,,
,,,27350,Puccinia striiformis,,CYR23,none,,A0A3B6IXY8,,4565,Triticum aestivum,,cv. Fielder,species,CIPK9(BSMV-induced gene silencing) (disruption) [Knockdown],PHIPO:0000368,,BTO:0000713,Substance quantification evidence,interspecies interaction,41637569,,,,
,,,27350,Puccinia striiformis,,CYR31,none,,A0A3B6IXY8,,4565,Triticum aestivum,,cv. Fielder,species,CIPK9(BSMV-induced gene silencing) (disruption) [Knockdown],PHIPO:0000368,,BTO:0000713,Substance quantification evidence,interspecies interaction,41637569,,,,
PHIG:11329,A0A0L0VRX4,,27350,Puccinia striiformis,1165861,,strain,,P83970,,4565,Triticum aestivum,,,species,,,,,PCA,protein-protein interaction,41637569,,,,
PHIG:11329,A0A0L0VRX4,,27350,Puccinia striiformis,1165861,,strain,,P83970,,4565,Triticum aestivum,,,species,,,,,Two-hybrid,protein-protein interaction,41637569,,,,
PHIG:11329,A0A0L0VRX4,,27350,Puccinia striiformis,1165861,CYR31,strain,CFEM2+ (wild type) [Wild type product level],,,4565,Triticum aestivum,,cv. Fielder,none,,PHIPO:0000951,,,Macroscopic observation (quantitative observation),interspecies interaction,41637569,,,,
PHIG:11329,A0A0L0VRX4,,27350,Puccinia striiformis,1165861,CYR31,strain,CFEM2(host-induced gene silencing) (disruption) [Knockdown],,,4565,Triticum aestivum,,cv. Fielder,none,,PHIPO:0000365,,,Macroscopic observation (quantitative observation),interspecies interaction,41637569,Reduced virulence,,,
PHIG:11329,A0A0L0VRX4,,27350,Puccinia striiformis,1165861,CYR23,strain,CFEM2OE transformant(overexpression) (transformant) [Overexpression],,,4565,Triticum aestivum,,cv. Fielder,none,,PHIPO:0000368,,,Macroscopic observation (quantitative observation),interspecies interaction,41637569,Increased virulence,,,
PHIG:11329,A0A0L0VRX4,,27350,Puccinia striiformis,1165861,CYR23,strain,CFEM2+ (wild type) [Wild type product level],,,4565,Triticum aestivum,,cv. Fielder,none,,PHIPO:0000951,,,Macroscopic observation (quantitative observation),interspecies interaction,41637569,,,,
PHIG:11329,A0A0L0VRX4,,27350,Puccinia striiformis,1165861,CYR23,strain,CFEM2OE transformant(overexpression) (transformant) [Overexpression],,,4565,Triticum aestivum,,cv. Fielder,none,,PHIPO:0001204,,,Macroscopic observation (quantitative observation),interspecies interaction,41637569,Increased virulence,,,
PHIG:11329,A0A0L0VRX4,,27350,Puccinia striiformis,1165861,CYR31,strain,CFEM2+ (wild type) [Wild type product level],,,4565,Triticum aestivum,,cv. Fielder,none,,,PHIDO:0000490,,,interspecies interaction,41637569,,,,
PHIG:1837,Q4WNT5,,746128,Aspergillus fumigatus,330879,CM237,strain,cyp51A+ (wild type) [Wild type product level],,,10090,Mus musculus,,Unknown strain,none,,PHIPO:0001069,,,Macroscopic observation (quantitative observation),interspecies interaction,15917566,,,,
PHIG:1837,Q4WNT5,,746128,Aspergillus fumigatus,330879,CM237,strain,cyp51A::HPH cassette (disruption) [Not assayed],,,10090,Mus musculus,,Unknown strain,none,,PHIPO:0001069,,,Macroscopic observation (quantitative observation),interspecies interaction,15917566,Unaffected pathogenicity,,,
PHIG:11272,Q59PZ9,,5476,Candida albicans,237561,SC5314,strain,Cfl11delta (deletion),,,9606,Homo sapiens,,Unknown strain,none,,PHIPO:0001068,,BTO:0000552,Macroscopic observation (qualitative observation),interspecies interaction,41590450,Reduced virulence,,,
PHIG:11272,Q59PZ9,,5476,Candida albicans,237561,SC5314,strain,Cfl11+ (wild type) [Wild type product level],,,9606,Homo sapiens,,Unknown strain,none,,PHIPO:0001261,,BTO:0000552,Macroscopic observation (qualitative observation),interspecies interaction,41590450,,,,
PHIG:11272,Q59PZ9,,5476,Candida albicans,237561,SC5314,strain,Cfl11+ (wild type) [Wild type product level],,,9606,Homo sapiens,,Unknown strain,none,,,PHIDO:0000120,,,interspecies interaction,41590450,,,,
PHIG:11272,Q59PZ9,,5476,Candida albicans,237561,SC5314,strain,Cfl11delta (deletion),,,9606,Homo sapiens,,Unknown strain,none,,PHIPO:0001192,,BTO:0000552,Macroscopic observation (qualitative observation),interspecies interaction,41590450,,,,
PHIG:9047,G4MMD3,,318829,Magnaporthe oryzae,242507,Y34,strain,BZIP3+ (wild type) [Wild type product level],,,4530,Oryza sativa,,cv. Nipponbare,none,,,PHIDO:0000315,,,interspecies interaction,35055065,,,,
PHIG:9047,G4MMD3,,318829,Magnaporthe oryzae,242507,Y34,strain,BZIP3delta (deletion),,,4530,Oryza sativa,,cv. Nipponbare,none,,PHIPO:0000365,,BTO:0000713,Macroscopic observation (qualitative observation),interspecies interaction,35055065,Reduced virulence,,,
PHIG:9047,G4MMD3,,318829,Magnaporthe oryzae,242507,Y34,strain,BZIP3+ (wild type) [Wild type product level],,,4530,Oryza sativa,,cv. Nipponbare,none,,PHIPO:0000951,,BTO:0000713,Macroscopic observation (qualitative observation),interspecies interaction,35055065,Unaffected pathogenicity,,,
PHIG:9047,G4MMD3,,318829,Magnaporthe oryzae,242507,Y34,strain,BZIP3delta (deletion),,,4530,Oryza sativa,,cv. Nipponbare,none,,PHIPO:0000359,,BTO:0005094,Macroscopic observation (qualitative observation),interspecies interaction,35055065,Reduced virulence,,,
PHIG:10429,I1RPK0,,5518,Fusarium graminearum,229533,PH-1,strain,Ndk1delta (deletion),,,4565,Triticum aestivum,,XiaoYan22,none,,PHIPO:0000365,,BTO:0001278,Macroscopic observation (quantitative observation),interspecies interaction,41277790,Reduced virulence,,,
PHIG:10429,I1RPK0,,5518,Fusarium graminearum,229533,PH-1,strain,Ndk1+ (wild type) [Wild type product level],,,4565,Triticum aestivum,,XiaoYan22,none,,PHIPO:0000951,,BTO:0001278,Macroscopic observation (quantitative observation),interspecies interaction,41277790,,,,
PHIG:10429,I1RPK0,,5518,Fusarium graminearum,229533,PH-1,strain,Ndk1delta-Ndk1 transformant(complement by re-introducing the wild-type allele at an ectopic locus) (transformant) [Ectopic],,,4565,Triticum aestivum,,XiaoYan22,none,,PHIPO:0000951,,BTO:0001278,Macroscopic observation (quantitative observation),interspecies interaction,41277790,Unaffected pathogenicity,,,
PHIG:10429,I1RPK0,,5518,Fusarium graminearum,229533,PH-1,strain,Ndk1delta (deletion),,,4577,Zea mays,,Unknown strain,none,,PHIPO:0000365,,BTO:0001300,Macroscopic observation (quantitative observation),interspecies interaction,41277790,Reduced virulence,,,
PHIG:10429,I1RPK0,,5518,Fusarium graminearum,229533,PH-1,strain,Ndk1+ (wild type) [Wild type product level],,,4577,Zea mays,,Unknown strain,none,,PHIPO:0000951,,BTO:0001300,Macroscopic observation (quantitative observation),interspecies interaction,41277790,,,,
PHIG:10429,I1RPK0,,5518,Fusarium graminearum,229533,PH-1,strain,Ndk1delta-Ndk1 transformant(complement by re-introducing the wild-type allele at an ectopic locus) (transformant) [Ectopic],,,4577,Zea mays,,Unknown strain,none,,PHIPO:0000951,,BTO:0001300,Macroscopic observation (quantitative observation),interspecies interaction,41277790,Unaffected pathogenicity,,,
PHIG:10429,I1RPK0,,5518,Fusarium graminearum,229533,PH-1,strain,Ndk(R189A) (amino acid mutation) [Ectopic],,,4577,Zea mays,,Unknown strain,none,,PHIPO:0000365,,BTO:0001300,Macroscopic observation (quantitative observation),interspecies interaction,41277790,Reduced virulence,,,
PHIG:10429,I1RPK0,,5518,Fusarium graminearum,229533,PH-1,strain,Ndk(H202A/D205A) (amino acid mutation) [Ectopic],,,4577,Zea mays,,Unknown strain,none,,PHIPO:0000365,,BTO:0001300,Macroscopic observation (qualitative observation),interspecies interaction,41277790,Reduced virulence,,,
PHIG:10429,I1RPK0,,5518,Fusarium graminearum,229533,PH-1,strain,Ndk-N(1-85) (partial amino acid deletion) [Ectopic],,,4577,Zea mays,,Unknown strain,none,,PHIPO:0000365,,BTO:0001300,Macroscopic observation (qualitative observation),interspecies interaction,41277790,Reduced virulence,,,
PHIG:10429,I1RPK0,,5518,Fusarium graminearum,229533,PH-1,strain,Ndk1+ (wild type) [Wild type product level],,,4565,Triticum aestivum,,XiaoYan22,none,,,PHIDO:0000162,,,interspecies interaction,41277790,,,,
PHIG:10429,I1RPK0,,5518,Fusarium graminearum,229533,PH-1,strain,Ndk1delta (deletion),,,4577,Zea mays,,Unknown strain,none,,PHIPO:0000365,,BTO:0002854,Macroscopic observation (quantitative observation),interspecies interaction,41277790,Reduced virulence,,,
PHIG:10429,I1RPK0,,5518,Fusarium graminearum,229533,PH-1,strain,Ndk1+ (wild type) [Wild type product level],,,4577,Zea mays,,Unknown strain,none,,PHIPO:0000951,,BTO:0002854,Macroscopic observation (qualitative observation),interspecies interaction,41277790,,,,
PHIG:10429,I1RPK0,,5518,Fusarium graminearum,229533,PH-1,strain,Ndk1delta-Ndk1 transformant(complement by re-introducing the wild-type allele at an ectopic locus) (transformant) [Ectopic],,,4577,Zea mays,,Unknown strain,none,,PHIPO:0000951,,BTO:0002854,Macroscopic observation (quantitative observation),interspecies interaction,41277790,Unaffected pathogenicity,,,
PHIG:256,A0A2K9YVY7,,1047171,Zymoseptoria tritici,,IPO323,species,AvrStb6+ (wild type) [Wild type product level],A0A1D5VHV3,,4565,Triticum aestivum,,Courtot,species,stb6(I447N) (amino acid mutation) [Not assayed],PHIPO:0000480,,BTO:0000713,Macroscopic observation (qualitative observation),gene-for-gene interaction,29434355,Effector,,,
PHIG:256,A0A2K9YVY7,,1047171,Zymoseptoria tritici,,IPO323,species,AvrStb6+ (wild type) [Wild type product level],A0A1D5VHV3,,4565,Triticum aestivum,,cv. Chinese Spring,species,Stb6+ (wild type) [Wild type product level],PHIPO:0000481,,BTO:0000713,Macroscopic observation (qualitative observation),gene-for-gene interaction,29434355,Effector,,,
PHIG:256,A0A2K9YVY7,,1047171,Zymoseptoria tritici,,IPO323,species,AvrStb6+ (wild type) [Wild type product level],A0A1D5VHV3,,4565,Triticum aestivum,,cv. Chinese Spring,species,stb6 (wild type) [Knockdown],PHIPO:0000480,,BTO:0000713,Macroscopic observation (qualitative observation),gene-for-gene interaction,29434355,Effector,,,
PHIG:256,A0A2K9YVY7,,1047171,Zymoseptoria tritici,,IPO323,species,AvrStb6+ (wild type) [Wild type product level],A0A1D5VHV3,,4565,Triticum aestivum,,cv. Chinese Spring,species,stb6 (wild type) [Knockdown],PHIPO:0000447,,BTO:0000713,Macroscopic observation (quantitative observation),gene-for-gene interaction,29434355,Effector,,,
PHIG:256,A0A2K9YVY7,,1047171,Zymoseptoria tritici,,IPO323,species,AvrStb6+ (wild type) [Wild type product level],A0A1D5VHV3,,4565,Triticum aestivum,,Cadenza,species,stb6-W124*(W124*) (nonsense mutation) [Not assayed],PHIPO:0000480,,BTO:0000713,Macroscopic observation (qualitative observation),gene-for-gene interaction,29434355,Effector,,,
PHIG:256,A0A2K9YVY7,,1047171,Zymoseptoria tritici,,IPO323,species,AvrStb6+ (wild type) [Wild type product level],A0A1D5VHV3,,4565,Triticum aestivum,,Cadenza,species,stb6-G262D(G262D) (amino acid mutation) [Not assayed],PHIPO:0000480,,BTO:0000713,Macroscopic observation (qualitative observation),gene-for-gene interaction,29434355,Effector,,,
PHIG:256,A0A2K9YVY7,,1047171,Zymoseptoria tritici,,IPO323,species,AvrStb6+ (wild type) [Wild type product level],A0A1D5VHV3,,4565,Triticum aestivum,,Cadenza,species,stb6-G336D(G336D) (amino acid mutation) [Not assayed],PHIPO:0000480,,BTO:0000713,Macroscopic observation (qualitative observation),gene-for-gene interaction,29434355,Effector,,,
PHIG:256,A0A2K9YVY7,,1047171,Zymoseptoria tritici,,IPO323,species,AvrStb6+ (wild type) [Wild type product level],A0A1D5VHV3,,4565,Triticum aestivum,,Cadenza,species,stb6-G339D(G339D) (amino acid mutation) [Not assayed],PHIPO:0000480,,BTO:0000713,Macroscopic observation (qualitative observation),gene-for-gene interaction,29434355,Effector,,,
PHIG:256,A0A2K9YVY7,,1047171,Zymoseptoria tritici,,IPO323,species,AvrStb6+ (wild type) [Wild type product level],A0A1D5VHV3,,4565,Triticum aestivum,,Cadenza,species,stb6-G387E(G387E) (amino acid mutation) [Not assayed],PHIPO:0000480,,BTO:0000713,Macroscopic observation (qualitative observation),gene-for-gene interaction,29434355,Effector,,,
PHIG:256,A0A2K9YVY7,,1047171,Zymoseptoria tritici,,IPO323,species,AvrStb6+ (wild type) [Wild type product level],A0A1D5VHV3,,4565,Triticum aestivum,,Cadenza,species,stb6-A433T(A433T) (amino acid mutation) [Not assayed],PHIPO:0000480,,BTO:0000713,Macroscopic observation (qualitative observation),gene-for-gene interaction,29434355,Effector,,,
PHIG:256,A0A2K9YVY7,,1047171,Zymoseptoria tritici,,IPO323,species,AvrStb6+ (wild type) [Wild type product level],A0A1D5VHV3,,4565,Triticum aestivum,,Cadenza,species,stb6-A473V(A473V) (amino acid mutation) [Not assayed],PHIPO:0000480,,BTO:0000713,Macroscopic observation (qualitative observation),gene-for-gene interaction,29434355,Effector,,,
PHIG:256,A0A2K9YVY7,,1047171,Zymoseptoria tritici,,IPO323,species,AvrStb6+ (wild type) [Wild type product level],A0A1D5VHV3,,4565,Triticum aestivum,,Cadenza,species,stb6-E522K(E522K) (amino acid mutation) [Not assayed],PHIPO:0000480,,BTO:0000713,Macroscopic observation (qualitative observation),gene-for-gene interaction,29434355,Effector,,,
PHIG:256,A0A2K9YVY7,,1047171,Zymoseptoria tritici,,IPO323,species,AvrStb6+ (wild type) [Wild type product level],A0A1D5VHV3,,4565,Triticum aestivum,,cv. Bobwhite,species,stb6 (transformant from Chinese Spring))(transformed (Chinese Spring - Stb6)) (transformant) [Not assayed],PHIPO:0000481,,BTO:0000713,Macroscopic observation (qualitative observation),gene-for-gene interaction,29434355,Effector,,,
PHIG:256,A0A2K9YVY7,,1047171,Zymoseptoria tritici,,IPO323,species,AvrStb6+ (wild type) [Wild type product level],A0A1D5VHV3,,4565,Triticum aestivum,,Courtot,species,stb6 (transformant from Chinese Spring))(transformed (Chinese Spring - Stb6)) (transformant) [Not assayed],PHIPO:0000481,,BTO:0000713,Macroscopic observation (qualitative observation),gene-for-gene interaction,29434355,Effector,,,
PHIG:256,A0A2K9YVY7,,1047171,Zymoseptoria tritici,,IPO323,species,AvrStb6+ (wild type) [Wild type product level],A0A1D5VHV3,,4565,Triticum aestivum,,cv. Chinese Spring,species,"Ecto-Stb6(1-24, 258-647) (partial amino acid deletion) [Not assayed]",PHIPO:0001107,,,Reporter gene assay,interspecies interaction,29434355,Effector,,,
PHIG:256,A0A2K9YVY7,,1047171,Zymoseptoria tritici,,IPO323,species,AvrStb6+ (wild type) [Wild type product level],A0A1D5VHV3,,4565,Triticum aestivum,,cv. Chinese Spring,species,Kin-Stb6(1-280) (partial amino acid deletion) [Not assayed],PHIPO:0001107,,,Reporter gene assay,interspecies interaction,29434355,Effector,,,
PHIG:256,A0A2K9YVY7,,1047171,Zymoseptoria tritici,,IPO323,species,AvrStb6+ (wild type) [Wild type product level],A0A1D5VHV3,,4565,Triticum aestivum,,Cadenza,species,stb6+ (wild type) [Wild type product level],PHIPO:0000481,,BTO:0000713,Macroscopic observation (qualitative observation),gene-for-gene interaction,29434355,Effector,,,
PHIG:256,A0A2K9YVY7,,1047171,Zymoseptoria tritici,,IPO323,species,AvrStb6+ (wild type) [Wild type product level],A0A1D5VHV3,,4565,Triticum aestivum,,cv. Bobwhite,species,stb6+ (wild type) [Wild type product level],PHIPO:0000480,,BTO:0000713,Macroscopic observation (qualitative observation),gene-for-gene interaction,29434355,Effector,,,
PHIG:256,A0A2K9YVY7,,1047171,Zymoseptoria tritici,,IPO323,species,AvrStb6+ (wild type) [Wild type product level],A0A1D5VHV3,,4565,Triticum aestivum,,cv. Chinese Spring,species,Stb6+ (wild type) [Wild type product level],PHIPO:0000468,,BTO:0000713,Macroscopic observation (quantitative observation),gene-for-gene interaction,29434355,Effector,,,
PHIG:256,A0A2K9YVY7,,1047171,Zymoseptoria tritici,,IPO323,species,AvrStb6+ (wild type) [Wild type product level],A0A1D5VHV3,,4565,Triticum aestivum,,Courtot,species,stb6(I447N) (amino acid mutation) [Not assayed],,PHIDO:0000329,BTO:0000713,,interspecies interaction,29434355,Effector,,,
PHIG:2156,Q9UW03,,40559,Botrytis cinerea,,B05.10,species,atrBdelta (deletion),,,29760,Vitis vinifera,,Unknown strain,none,,PHIPO:0000985,,BTO:0000713,Macroscopic observation (quantitative observation),interspecies interaction,11310744,Reduced virulence,,,
PHIG:2156,Q9UW03,,40559,Botrytis cinerea,,B05.10,species,atrB+ (wild type) [Wild type product level],,,29760,Vitis vinifera,,Unknown strain,none,,PHIPO:0000480,,BTO:0000713,Macroscopic observation (quantitative observation),interspecies interaction,11310744,,,,
PHIG:8884,A0A1C3YJH6,,5518,Fusarium graminearum,229533,:PH-1,strain,Gyp1+ (wild type) [Wild type product level],,,4565,Triticum aestivum,,Unknown strain,none,,,PHIDO:0000163,,,interspecies interaction,33552040,,,,
PHIG:8884,A0A1C3YJH6,,5518,Fusarium graminearum,229533,:PH-1,strain,Gyp1delta (deletion),,,4565,Triticum aestivum,,Unknown strain,none,,PHIPO:0000365,,BTO:0001278,Macroscopic observation (qualitative observation),interspecies interaction,33552040,Reduced virulence,,,
PHIG:8884,A0A1C3YJH6,,5518,Fusarium graminearum,229533,:PH-1,strain,Gyp1delta (deletion),,,4565,Triticum aestivum,,Unknown strain,none,,PHIPO:0000365,,BTO:0000268,Macroscopic observation (qualitative observation),interspecies interaction,33552040,Reduced virulence,,,
PHIG:8884,A0A1C3YJH6,,5518,Fusarium graminearum,229533,:PH-1,strain,Gyp1delta+Gyp1 transformant(complement by re-introducing the wild-type allele at an ectopic locus) (transformant) [Ectopic],,,4565,Triticum aestivum,,Unknown strain,none,,PHIPO:0000951,,BTO:0001278,Macroscopic observation (qualitative observation),interspecies interaction,33552040,Unaffected pathogenicity,,,
PHIG:8884,A0A1C3YJH6,,5518,Fusarium graminearum,229533,:PH-1,strain,Gyp1delta+Gyp1 transformant(complement by re-introducing the wild-type allele at an ectopic locus) (transformant) [Ectopic],,,4565,Triticum aestivum,,Unknown strain,none,,PHIPO:0000951,,BTO:0000268,Macroscopic observation (qualitative observation),interspecies interaction,33552040,Unaffected pathogenicity,,,
PHIG:8884,A0A1C3YJH6,,5518,Fusarium graminearum,229533,:PH-1,strain,Gyp1delta+ Gyp1(TBC delta)-GFP transformant(express a TBC domain knock-out version of the WT protein) (transformant) [Ectopic],,,4565,Triticum aestivum,,Unknown strain,none,,PHIPO:0000365,,BTO:0001278,Macroscopic observation (qualitative observation),interspecies interaction,33552040,Reduced virulence,,,
PHIG:8884,A0A1C3YJH6,,5518,Fusarium graminearum,229533,:PH-1,strain,Gyp1delta+Gyp1(N delta)-GFP transformant(express a N-terminal domain knock-out version of the WT protein) (transformant) [Ectopic],,,4565,Triticum aestivum,,Unknown strain,none,,PHIPO:0000365,,BTO:0001278,Macroscopic observation (qualitative observation),interspecies interaction,33552040,Reduced virulence,,,
PHIG:8884,A0A1C3YJH6,,5518,Fusarium graminearum,229533,:PH-1,strain,Gyp1delta+Gyp1(R357K)-GFP transformant(express a  substitution (R357K) version of the WT protein) (transformant) [Ectopic],,,4565,Triticum aestivum,,Unknown strain,none,,PHIPO:0000365,,BTO:0001278,Macroscopic observation (qualitative observation),interspecies interaction,33552040,Reduced virulence,,,
PHIG:8884,A0A1C3YJH6,,5518,Fusarium graminearum,229533,:PH-1,strain,Gyp1delta+Gyp1(C delta)-GFP transformant(express a C-terminal domain knock-out version of the WT protein) (transformant) [Ectopic],,,4565,Triticum aestivum,,Unknown strain,none,,PHIPO:0000365,,BTO:0001278,Macroscopic observation (qualitative observation),interspecies interaction,33552040,Reduced virulence,,,
PHIG:8884,A0A1C3YJH6,,5518,Fusarium graminearum,229533,:PH-1,strain,Gyp1delta+Gyp1(R284K)-GFP transformant(express a  substitution (R284K) version of the WT protein) (transformant) [Ectopic],,,4565,Triticum aestivum,,Unknown strain,none,,PHIPO:0000188,,BTO:0001278,Macroscopic observation (qualitative observation),interspecies interaction,33552040,Unaffected pathogenicity,,,
PHIG:10395,A0A384JHA8,,40559,Botrytis cinerea,332648,B05.10,strain,Ssp2+ (wild type) [Wild type product level],,,3702,Arabidopsis thaliana,,ecotype Columbia-0,none,,PHIPO:0000954,,BTO:0000713,Macroscopic observation (quantitative observation),interspecies interaction,41022737,,,,
PHIG:10395,A0A384JHA8,,40559,Botrytis cinerea,332648,B05.10,strain,Ssp2delta (deletion),,,3702,Arabidopsis thaliana,,ecotype Columbia-0,none,,PHIPO:0000365,,BTO:0000713,Macroscopic observation (quantitative observation),interspecies interaction,41022737,Reduced virulence,,,
PHIG:10395,A0A384JHA8,,40559,Botrytis cinerea,332648,B05.10,strain,Ssp2+ (wild type) [Wild type product level],,,4236,Lactuca sativa,,Unknown strain,none,,PHIPO:0000954,,BTO:0000713,Macroscopic observation (quantitative observation),interspecies interaction,41022737,,,,
PHIG:10395,A0A384JHA8,,40559,Botrytis cinerea,332648,B05.10,strain,Ssp2delta (deletion),,,4236,Lactuca sativa,,Unknown strain,none,,PHIPO:0000365,,BTO:0000713,Macroscopic observation (quantitative observation),interspecies interaction,41022737,Reduced virulence,,,
PHIG:10395,A0A384JHA8,,40559,Botrytis cinerea,332648,B05.10,strain,Ssp2+ (wild type) [Wild type product level],,,3747,Fragaria ananassa,,Unknown strain,none,,PHIPO:0000954,,BTO:0000486,Macroscopic observation (quantitative observation),interspecies interaction,41022737,,,,
PHIG:10395,A0A384JHA8,,40559,Botrytis cinerea,332648,B05.10,strain,Ssp2delta (deletion),,,3747,Fragaria ananassa,,Unknown strain,none,,PHIPO:0000365,,BTO:0000486,Macroscopic observation (quantitative observation),interspecies interaction,41022737,Reduced virulence,,,
PHIG:10395,A0A384JHA8,,40559,Botrytis cinerea,332648,,strain,,Q8L7F7,,3702,Arabidopsis thaliana,,,species,,,,,Affinity Capture-Western,protein-protein interaction,41022737,,,,
PHIG:10395,A0A384JHA8,,40559,Botrytis cinerea,332648,,strain,,Q8L7F7,,3702,Arabidopsis thaliana,,,species,,,,,Co-purification,protein-protein interaction,41022737,,,,
PHIG:10395,A0A384JHA8,,40559,Botrytis cinerea,332648,B05.10,strain,Ssp2+ (wild type) [Wild type product level],,,3702,Arabidopsis thaliana,,ecotype Columbia-0,none,,,PHIDO:0000178,,,interspecies interaction,41022737,,,,
PHIG:10512,G2WSX2,,27337,Verticillium dahliae,498257,XJ592,strain,CUEdelta (deletion),,,3635,Gossypium hirsutum,,cv. Jimian 11,none,,PHIPO:0000365,,BTO:0000713,Macroscopic observation (qualitative observation),interspecies interaction,41003206,Reduced virulence,,,
PHIG:10512,G2WSX2,,27337,Verticillium dahliae,498257,XJ592,strain,CUE+ (wild type) [Wild type product level],,,3635,Gossypium hirsutum,,cv. Jimian 11,none,,PHIPO:0000951,,BTO:0000713,Macroscopic observation (qualitative observation),interspecies interaction,41003206,,,,
PHIG:10512,G2WSX2,,27337,Verticillium dahliae,498257,XJ592,strain,CUEdelta-CUE transformant(complement by re-introducing the wild-type allele at an ectopic locus) (transformant) [Ectopic],,,3635,Gossypium hirsutum,,cv. Jimian 11,none,,PHIPO:0000951,,BTO:0000713,Macroscopic observation (qualitative observation),interspecies interaction,41003206,Unaffected pathogenicity,,,
PHIG:10512,G2WSX2,,27337,Verticillium dahliae,498257,XJ592,strain,CUEdelta (deletion),,,3635,Gossypium hirsutum,,cv. Jimian 11,none,,,PHIDO:0000382,,,interspecies interaction,41003206,,,,
PHIG:10398,A0A1D8PGP5,,5476,Candida albicans,237561,SC5314,strain,Sdh8delta (deletion),,,10090,Mus musculus,,BALB/c,none,,PHIPO:0001069,,BTO:0001489,Macroscopic observation (quantitative observation),interspecies interaction,39403939,Reduced virulence,,,
PHIG:10398,A0A1D8PGP5,,5476,Candida albicans,237561,SC5314,strain,Sdh8+ (wild type) [Wild type product level],,,10090,Mus musculus,,BALB/c,none,,PHIPO:0000951,,BTO:0000671,Macroscopic observation (quantitative observation),interspecies interaction,39403939,,,,
PHIG:10398,A0A1D8PGP5,,5476,Candida albicans,237561,SC5314,strain,Sdh8+ (wild type) [Wild type product level],,,10090,Mus musculus,,BALB/c,none,,PHIPO:0001069,,BTO:0001489,Macroscopic observation (quantitative observation),interspecies interaction,39403939,,,,
PHIG:10398,A0A1D8PGP5,,5476,Candida albicans,237561,SC5314,strain,Sdh8delta (deletion),,,10090,Mus musculus,,BALB/c,none,,PHIPO:0000365,,BTO:0000671,Macroscopic observation (quantitative observation),interspecies interaction,39403939,Reduced virulence,,,
PHIG:10398,A0A1D8PGP5,,5476,Candida albicans,237561,SC5314,strain,Sdh8delta-Sdh8 transformant(complement by re-introducing the wild-type allele at an ectopic locus) (transformant) [Ectopic],,,10090,Mus musculus,,BALB/c,none,,PHIPO:0000951,,BTO:0000671,Macroscopic observation (quantitative observation),interspecies interaction,39403939,Unaffected pathogenicity,,,
PHIG:10398,A0A1D8PGP5,,5476,Candida albicans,237561,SC5314,strain,Sdh8delta (deletion),,,10090,Mus musculus,,BALB/c,none,,,PHIDO:0000071,,,interspecies interaction,39403939,,,,
PHIG:10398,A0A1D8PGP5,,5476,Candida albicans,237561,SC5314,strain,Sdh8+ (wild type) [Wild type product level],,,10090,Mus musculus,,BALB/c,none,,PHIPO:0001068,,BTO:0001489,Macroscopic observation (quantitative observation),interspecies interaction,39403939,,,,
PHIG:10398,A0A1D8PGP5,,5476,Candida albicans,237561,SC5314,strain,Sdh8delta (deletion),,,10090,Mus musculus,,BALB/c,none,,PHIPO:0001069,,BTO:0001489,Macroscopic observation (quantitative observation),interspecies interaction,39403939,,,,
PHIG:10398,A0A1D8PGP5,,5476,Candida albicans,237561,SC5314,strain,Sdh8+ (wild type) [Wild type product level],,,10090,Mus musculus,,BALB/c,none,,PHIPO:0000365,,BTO:0000671,Macroscopic observation (quantitative observation),interspecies interaction,39403939,,,,
PHIG:10398,A0A1D8PGP5,,5476,Candida albicans,237561,SC5314,strain,Sdh8delta (deletion),,,10090,Mus musculus,,BALB/c,none,,PHIPO:0000954,,BTO:0000671,Macroscopic observation (quantitative observation),interspecies interaction,39403939,,,,
PHIG:11382,A0A423WA64,,252740,Cytospora chrysosperma,,CFCC 89981,species,Pmk1+ (wild type) [Wild type product level],,,1217306,Populus x beijingensis,,Unknown strain,none,,,PHIDO:0000435,,,interspecies interaction,30876893,,,,
PHIG:11382,A0A423WA64,,252740,Cytospora chrysosperma,,CFCC 89981,species,Pmk1+ (wild type) [Wild type product level],,,1217306,Populus x beijingensis,,Unknown strain,none,,PHIPO:0000954,,BTO:0000713,Macroscopic observation (quantitative observation),interspecies interaction,30876893,,,,
PHIG:11382,A0A423WA64,,252740,Cytospora chrysosperma,,CFCC 89981,species,Pmk1delta (deletion),,,1217306,Populus x beijingensis,,Unknown strain,none,,PHIPO:0000365,,BTO:0000713,Macroscopic observation (quantitative observation),interspecies interaction,30876893,Reduced virulence,,,
PHIG:11382,A0A423WA64,,252740,Cytospora chrysosperma,,CFCC 89981,species,Pmk1delta-Pmk1 transformant(complement by re-introducing the wild-type allele at an ectopic locus) (transformant) [Ectopic],,,1217306,Populus x beijingensis,,Unknown strain,none,,PHIPO:0000954,,BTO:0000713,Macroscopic observation (quantitative observation),interspecies interaction,30876893,Unaffected pathogenicity,,,
PHIG:11382,A0A423WA64,,252740,Cytospora chrysosperma,,CFCC 89981,species,Pmk1+ (wild type) [Wild type product level],,,1217306,Populus x beijingensis,,Unknown strain,none,,PHIPO:0000954,,BTO:0001411,Macroscopic observation (quantitative observation),interspecies interaction,30876893,,,,
PHIG:11382,A0A423WA64,,252740,Cytospora chrysosperma,,CFCC 89981,species,Pmk1delta (deletion),,,1217306,Populus x beijingensis,,Unknown strain,none,,PHIPO:0000365,,BTO:0001411,Macroscopic observation (quantitative observation),interspecies interaction,30876893,Reduced virulence,,,
PHIG:11382,A0A423WA64,,252740,Cytospora chrysosperma,,CFCC 89981,species,Pmk1delta-Pmk1 transformant(complement by re-introducing the wild-type allele at an ectopic locus) (transformant) [Ectopic],,,1217306,Populus x beijingensis,,Unknown strain,none,,PHIPO:0000954,,BTO:0001411,Macroscopic observation (quantitative observation),interspecies interaction,30876893,Unaffected pathogenicity,,,
PHIG:8921,I1RLN6,,5518,Fusarium graminearum,229533,PH-1,strain,RGAE+ (wild type) [Wild type product level],,,4565,Triticum aestivum,,Alsen.,none,,,PHIDO:0000162,,,interspecies interaction,40369801,,,,
PHIG:8921,I1RLN6,,5518,Fusarium graminearum,229533,PH-1,strain,RGAEdelta (deletion),,,4565,Triticum aestivum,,Alsen.,none,,PHIPO:0000365,,BTO:0001278,Macroscopic observation (qualitative observation),interspecies interaction,40369801,Reduced virulence,,,
PHIG:8921,I1RLN6,,5518,Fusarium graminearum,229533,PH-1,strain,RGAEdelta (deletion),,,4565,Triticum aestivum,,Alsen.,none,,PHIPO:0000233,,BTO:0001278,Substance quantification evidence,interspecies interaction,40369801,,,,
PHIG:8921,I1RLN6,,5518,Fusarium graminearum,229533,PH-1,strain,RGAEdelta (deletion),,,4513,Hordeum vulgare,,Voyager,none,,PHIPO:0000365,,BTO:0001278,Macroscopic observation (qualitative observation),interspecies interaction,40369801,Reduced virulence,,,
PHIG:8921,I1RLN6,,5518,Fusarium graminearum,229533,PH-1,strain,RGAEdelta (deletion),,,4513,Hordeum vulgare,,Voyager,none,,PHIPO:0000219,,BTO:0001278,Substance quantification evidence,interspecies interaction,40369801,,,,
PHIG:8921,I1RLN6,,5518,Fusarium graminearum,229533,PH-1,strain,RGAEdelta+RGAE transformant(complement by re-introducing the wild-type allele at an ectopic locus) (transformant) [Ectopic],,,4565,Triticum aestivum,,Alsen.,none,,PHIPO:0000951,,BTO:0001278,Macroscopic observation (qualitative observation),interspecies interaction,40369801,Unaffected pathogenicity,,,
PHIG:8921,I1RLN6,,5518,Fusarium graminearum,229533,PH-1,strain,RGAEdelta+RGAE transformant(complement by re-introducing the wild-type allele at an ectopic locus) (transformant) [Ectopic],,,4565,Triticum aestivum,,Alsen.,none,,PHIPO:0000233,,BTO:0001278,Substance quantification evidence,interspecies interaction,40369801,,,,
PHIG:8921,I1RLN6,,5518,Fusarium graminearum,229533,PH-1,strain,RGAEdelta+RGAE transformant(complement by re-introducing the wild-type allele at an ectopic locus) (transformant) [Ectopic],,,4513,Hordeum vulgare,,Voyager,none,,PHIPO:0000951,,BTO:0001278,Macroscopic observation (qualitative observation),interspecies interaction,40369801,Unaffected pathogenicity,,,
PHIG:8921,I1RLN6,,5518,Fusarium graminearum,229533,PH-1,strain,RGAEdelta+RGAE transformant(complement by re-introducing the wild-type allele at an ectopic locus) (transformant) [Ectopic],,,4513,Hordeum vulgare,,Voyager,none,,PHIPO:0000233,,BTO:0001278,Substance quantification evidence,interspecies interaction,40369801,,,,
PHIG:8921,I1RLN6,,5518,Fusarium graminearum,229533,PH-1,strain,RGAEdelta (deletion),,,4565,Triticum aestivum,,cv. Norm,none,,PHIPO:0000951,,BTO:0001278,Macroscopic observation (qualitative observation),interspecies interaction,40369801,Unaffected pathogenicity,,,
PHIG:8921,I1RLN6,,5518,Fusarium graminearum,229533,PH-1,strain,RGAEdelta (deletion),,,4565,Triticum aestivum,,cv. Norm,none,,PHIPO:0000233,,BTO:0001278,Substance quantification evidence,interspecies interaction,40369801,,,,
PHIG:790,Q00363,,5499,Passalora fulva,,Unknown strain,species,Avr4+ (wild type) [Ectopic],Q7DLS4,,4081,Solanum lycopersicum,,cv. Purdue 135,species,Cf-4A+ (wild type) [Wild type product level],PHIPO:0000192,,BTO:0000713,Macroscopic observation (qualitative observation),gene-for-gene interaction,30148881,,,,
PHIG:790,Q00363,,5499,Passalora fulva,,Unknown strain,species,Avr4(Q69N) (amino acid mutation) [Ectopic],Q7DLS4,,4081,Solanum lycopersicum,,cv. Purdue 135,species,Cf-4A+ (wild type) [Wild type product level],PHIPO:0001204,,BTO:0000713,Macroscopic observation (qualitative observation),gene-for-gene interaction,30148881,,,,
PHIG:790,Q00363,,5499,Passalora fulva,,Unknown strain,species,Avr4(N93A) (amino acid mutation) [Ectopic],Q7DLS4,,4081,Solanum lycopersicum,,cv. Purdue 135,species,Cf-4A+ (wild type) [Wild type product level],PHIPO:0000182,,BTO:0000713,Macroscopic observation (qualitative observation),gene-for-gene interaction,30148881,,,,
PHIG:790,Q00363,,5499,Passalora fulva,,Unknown strain,species,Avr4(D94A) (amino acid mutation) [Ectopic],Q7DLS4,,4081,Solanum lycopersicum,,cv. Purdue 135,species,Cf-4A+ (wild type) [Wild type product level],PHIPO:0000182,,BTO:0000713,Macroscopic observation (qualitative observation),gene-for-gene interaction,30148881,,,,
PHIG:790,Q00363,,5499,Passalora fulva,,Unknown strain,species,Avr4(D102A) (amino acid mutation) [Ectopic],Q7DLS4,,4081,Solanum lycopersicum,,cv. Purdue 135,species,Cf-4A+ (wild type) [Wild type product level],PHIPO:0001204,,BTO:0000713,Macroscopic observation (qualitative observation),gene-for-gene interaction,30148881,,,,
PHIG:790,Q00363,,5499,Passalora fulva,,Unknown strain,species,Avr4+ (wild type) [Ectopic],,,4081,Solanum lycopersicum,,cv. Moneymaker,none,,PHIPO:0000182,,BTO:0000713,Macroscopic observation (qualitative observation),gene-for-gene interaction,30148881,,,,
PHIG:790,Q00363,,5499,Passalora fulva,,Unknown strain,species,Avr4+ (wild type) [Ectopic],Q7DLS4,,4081,Solanum lycopersicum,,cv. Purdue 135,species,Cf-4A+ (wild type) [Wild type product level],PHIPO:0000192,,BTO:0000713,Macroscopic observation (qualitative observation),gene-for-gene interaction,30148881,,,,
PHIG:790,Q00363,,5499,Passalora fulva,,Unknown strain,species,Avr4(Q69N) (amino acid mutation) [Ectopic],Q7DLS4,,4081,Solanum lycopersicum,,cv. Purdue 135,species,Cf-4A+ (wild type) [Wild type product level],PHIPO:0000192,,BTO:0000713,Macroscopic observation (qualitative observation),gene-for-gene interaction,30148881,,,,
PHIG:790,Q00363,,5499,Passalora fulva,,Unknown strain,species,Avr4(N93A) (amino acid mutation) [Ectopic],Q7DLS4,,4081,Solanum lycopersicum,,cv. Purdue 135,species,Cf-4A+ (wild type) [Wild type product level],PHIPO:0000192,,BTO:0000713,Macroscopic observation (qualitative observation),gene-for-gene interaction,30148881,,,,
PHIG:790,Q00363,,5499,Passalora fulva,,Unknown strain,species,Avr4(D94A) (amino acid mutation) [Ectopic],Q7DLS4,,4081,Solanum lycopersicum,,cv. Purdue 135,species,Cf-4A+ (wild type) [Wild type product level],PHIPO:0000192,,BTO:0000713,Macroscopic observation (qualitative observation),gene-for-gene interaction,30148881,,,,
PHIG:790,Q00363,,5499,Passalora fulva,,Unknown strain,species,Avr4(D102A) (amino acid mutation) [Ectopic],Q7DLS4,,4081,Solanum lycopersicum,,cv. Purdue 135,species,Cf-4A+ (wild type) [Wild type product level],PHIPO:0000192,,BTO:0000713,Macroscopic observation (qualitative observation),gene-for-gene interaction,30148881,,,,
PHIG:790,Q00363,,5499,Passalora fulva,,Unknown strain,species,Avr4+ (wild type) [Ectopic],,,4081,Solanum lycopersicum,,cv. Moneymaker,none,,,PHIDO:0000209,BTO:0000713,,interspecies interaction,30148881,,,,
PHIG:351,A9JX75,,13684,Parastagonospora nodorum,321614,Sn2000,strain,Tox1+ (wild type) [Wild type product level],W5AB81,,4565,Triticum aestivum,,cv. Chinese Spring,species,Snn1ems6125(aa330->stop) (nonsense mutation) [Not assayed],PHIPO:0000465,,BTO:0000713,Macroscopic observation (qualitative observation),gene-for-gene interaction,27819043,,,,
PHIG:351,A9JX75,,13684,Parastagonospora nodorum,321614,Sn2000,strain,Tox1+ (wild type) [Wild type product level],W5AB81,,4565,Triticum aestivum,,cv. Chinese Spring,species,Snn1+ (wild type) [Wild type product level],PHIPO:0000477,,BTO:0000713,Macroscopic observation (qualitative observation),gene-for-gene interaction,27819043,,,,
PHIG:351,A9JX75,,13684,Parastagonospora nodorum,321614,Sn2000,strain,Tox1+ (wild type) [Wild type product level],,,4565,Triticum aestivum,,cv. Bobwhite,none,,PHIPO:0000465,,BTO:0000713,Macroscopic observation (qualitative observation),gene-for-gene interaction,27819043,,,,
PHIG:351,A9JX75,,13684,Parastagonospora nodorum,321614,Sn2000,strain,Tox1+ (wild type) [Wild type product level],W5AB81,,4565,Triticum aestivum,,cv. Bobwhite,species,Snn1+ (wild type) [Ectopic],PHIPO:0000477,,BTO:0000713,Macroscopic observation (qualitative observation),gene-for-gene interaction,27819043,,,,
PHIG:351,A9JX75,,13684,Parastagonospora nodorum,321614,Sn2000,strain,Tox1+ (wild type) [Wild type product level],W5AB81,,4565,Triticum aestivum,,cv. Chinese Spring,species,Snn1+ (wild type) [Wild type product level],PHIPO:0001104,,BTO:0000713,Quantitative PCR,gene-for-gene interaction,27819043,,,,
PHIG:351,A9JX75,,13684,Parastagonospora nodorum,321614,Sn2000,strain,Tox1+ (wild type) [Wild type product level],W5AB81,,4565,Triticum aestivum,,cv. Chinese Spring,species,Snn1+ (wild type) [Wild type product level],PHIPO:0000477,,BTO:0000713,Macroscopic observation (qualitative observation),gene-for-gene interaction,27819043,,,,
PHIG:351,A9JX75,,13684,Parastagonospora nodorum,321614,Sn2000,strain,Tox1+ (wild type) [Wild type product level],W5AB81,,4565,Triticum aestivum,,cv. Chinese Spring,species,Snn1ems6125(aa330->stop) (nonsense mutation) [Not assayed],PHIPO:0000465,,BTO:0000713,Macroscopic observation (qualitative observation),gene-for-gene interaction,27819043,,,,
PHIG:351,A9JX75,,13684,Parastagonospora nodorum,321614,Sn2000,strain,Tox1+ (wild type) [Wild type product level],W5AB81,,4565,Triticum aestivum,,cv. Chinese Spring,species,Snn1+ (wild type) [Wild type product level],,PHIDO:0000345,BTO:0000713,,interspecies interaction,27819043,,,,
PHIG:350,W5AB81,,4565,Triticum aestivum,,,species,,A9JX75,,13684,Parastagonospora nodorum,321614,,strain,,,,,Two-hybrid,protein-protein interaction,27819043,,,,
,,,5518,Fusarium graminearum,,Fg1312,none,,A0A3B6PIV4,,4565,Triticum aestivum,,cv. Fielder,species,PROPEP7+ (wild type) [Wild type product level],PHIPO:0000365,,BTO:0001278,Macroscopic observation (qualitative observation),interspecies interaction,40674698,,,,
,,,5518,Fusarium graminearum,,Fg1312,none,,A0A3B6NKW8,,4565,Triticum aestivum,,cv. Fielder,species,PROPEP8+ (wild type) [Wild type product level],PHIPO:0000365,,BTO:0001278,Macroscopic observation (qualitative observation),interspecies interaction,40674698,,,,
,,,5518,Fusarium graminearum,,Fg1312,none,,A0A3B6C218,,4565,Triticum aestivum,,cv. Fielder,species,PROPEP10+ (wild type) [Wild type product level],PHIPO:0000365,,BTO:0001278,Macroscopic observation (qualitative observation),interspecies interaction,40674698,,,,
,,,5518,Fusarium graminearum,,Fg1312,none,,A0A3B6IL84,,4565,Triticum aestivum,,cv. Fielder,species,PROPEP1+ (wild type) [Wild type product level],PHIPO:0000954,,BTO:0001278,Macroscopic observation (qualitative observation),interspecies interaction,40674698,,,,
,,,5518,Fusarium graminearum,,Fg1312,none,,A0A3B6PIV4,,4565,Triticum aestivum,,cv. Fielder,species,PROPEP7(overexpression) (other) [Overexpression],PHIPO:0000365,,BTO:0001278,Macroscopic observation (qualitative observation),interspecies interaction,40674698,,,,
,,,5518,Fusarium graminearum,,Fg1312,none,,A0A3B6C218,,4565,Triticum aestivum,,cv. Fielder,species,PROPEP10(overexpression) (other) [Ectopic],PHIPO:0000365,,BTO:0001278,Macroscopic observation (qualitative observation),interspecies interaction,40674698,,,,
,,,5518,Fusarium graminearum,,Fg1312,none,,A0A3B6PIV4,,4565,Triticum aestivum,,cv. Fielder,species,PROPEP7(overexpression) (other) [Overexpression],PHIPO:0001245,,BTO:0001278,Macroscopic observation (qualitative observation),interspecies interaction,40674698,,,,
,,,5518,Fusarium graminearum,,Fg1312,none,,A0A3B6C218,,4565,Triticum aestivum,,cv. Fielder,species,PROPEP10(overexpression) (other) [Ectopic],PHIPO:0001245,,BTO:0001278,Macroscopic observation (qualitative observation),interspecies interaction,40674698,,,,
,,,5518,Fusarium graminearum,,Fg1312,none,,A0A3B6PIV4,,4565,Triticum aestivum,,cv. Fielder,species,PROPEP7+ (wild type) [Wild type product level],PHIPO:0000365,,BTO:0001278,Macroscopic observation (qualitative observation),interspecies interaction,40674698,,,,
,,,5518,Fusarium graminearum,,Fg1312,none,,A0A3B6C218,,4565,Triticum aestivum,,cv. Fielder,species,PROPEP10+ (wild type) [Wild type product level],PHIPO:0000365,,BTO:0001278,Macroscopic observation (qualitative observation),interspecies interaction,40674698,,,,
,,,5518,Fusarium graminearum,,Fg1312,none,,A0A3B6JFL1,,4565,Triticum aestivum,,cv. Fielder,species,PROPEP3+ (wild type) [Wild type product level],PHIPO:0000954,,BTO:0001278,Macroscopic observation (qualitative observation),interspecies interaction,40674698,,,,
,,,5518,Fusarium graminearum,,Fg1312,none,,A0A3B6CFB5,,4565,Triticum aestivum,,cv. Fielder,species,PROPEP4+ (wild type) [Wild type product level],PHIPO:0000954,,BTO:0001278,Macroscopic observation (qualitative observation),interspecies interaction,40674698,,,,
,,,5518,Fusarium graminearum,,Fg1312,none,,A0A3B6CFB5,,4565,Triticum aestivum,,cv. Fielder,species,PROPEP5+ (wild type) [Wild type product level],PHIPO:0000954,,BTO:0001278,Macroscopic observation (qualitative observation),interspecies interaction,40674698,,,,
,,,5518,Fusarium graminearum,,Fg1312,none,,A0A3B6PIV4,,4565,Triticum aestivum,,cv. Fielder,species,PROPEP7(overexpression) (other) [Overexpression],PHIPO:0000365,,BTO:0001228,Macroscopic observation (qualitative observation),interspecies interaction,40674698,,,,
,,,5518,Fusarium graminearum,,Fg1312,none,,A0A3B6C218,,4565,Triticum aestivum,,cv. Fielder,species,PROPEP10(overexpression) (other) [Ectopic],PHIPO:0000365,,BTO:0001228,Macroscopic observation (qualitative observation),interspecies interaction,40674698,,,,
,,,5518,Fusarium graminearum,,Fg1312,none,,A0A3B6PIV4,,4565,Triticum aestivum,,cv. Fielder,species,PROPEP7(overexpression) (other) [Overexpression],PHIPO:0000365,,BTO:0000713,Macroscopic observation (qualitative observation),interspecies interaction,40674698,,,,
,,,5518,Fusarium graminearum,,Fg1312,none,,A0A3B6C218,,4565,Triticum aestivum,,cv. Fielder,species,PROPEP10(overexpression) (other) [Ectopic],PHIPO:0000365,,BTO:0000713,Macroscopic observation (qualitative observation),interspecies interaction,40674698,,,,
,,,5518,Fusarium graminearum,,Fg1312,none,,A0A3B6PIV4,,4565,Triticum aestivum,,cv. Fielder,species,PROPEP7(R97A) (amino acid mutation) [Overexpression],PHIPO:0000954,,BTO:0001278,Macroscopic observation (qualitative observation),interspecies interaction,40674698,,,,
,,,5518,Fusarium graminearum,,Fg1312,none,,A0A3B6C218,,4565,Triticum aestivum,,cv. Fielder,species,PROPEP10(R90A) (amino acid mutation) [Overexpression],PHIPO:0000954,,BTO:0001278,Macroscopic observation (qualitative observation),interspecies interaction,40674698,,,,
,,,5518,Fusarium graminearum,,Fg1312,none,,A0A3B6IL84,,4565,Triticum aestivum,,cv. Fielder,species,PROPEP1+ (wild type) [Wild type product level],,PHIDO:0000162,,,interspecies interaction,40674698,,,,
PHIG:8902,I1RCN9,,5518,Fusarium graminearum,229533,PH-1,strain,velB+ (wild type) [Wild type product level],,,4565,Triticum aestivum,,cv. Jimai 22,none,,,PHIDO:0000163,,,interspecies interaction,22713714,,,,
PHIG:8902,I1RCN9,,5518,Fusarium graminearum,229533,PH-1,strain,velBdelta (deletion),,,4565,Triticum aestivum,,cv. Jimai 22,none,,PHIPO:0000365,,BTO:0001278,Macroscopic observation (qualitative observation),interspecies interaction,22713714,Reduced virulence,,,
PHIG:8902,I1RCN9,,5518,Fusarium graminearum,229533,PH-1,strain,velBdelta-velB transformant(complement by re-introducing the wild-type allele at an ectopic locus) (transformant) [Ectopic],,,4565,Triticum aestivum,,cv. Jimai 22,none,,PHIPO:0000951,,BTO:0001278,Macroscopic observation (qualitative observation),interspecies interaction,22713714,Unaffected pathogenicity,,,
PHIG:8902,I1RCN9,,5518,Fusarium graminearum,229533,PH-1,strain,velBdelta (deletion),,,4565,Triticum aestivum,,cv. Jimai 22,none,,PHIPO:0000219,,BTO:0000668,Substance quantification evidence,interspecies interaction,22713714,,,,
PHIG:11396,G4MX57,,318829,Magnaporthe oryzae,242507,P131,strain,Uge1+ (wild type) [Wild type product level],,,4530,Oryza sativa,,cv. Lijiangxintuanheigu,none,,PHIPO:0000951,,BTO:0000713,Macroscopic observation (qualitative observation),interspecies interaction,41605287,,,,
PHIG:11396,G4MX57,,318829,Magnaporthe oryzae,242507,P131,strain,Uge1delta (deletion),,,4530,Oryza sativa,,cv. Lijiangxintuanheigu,none,,PHIPO:0000365,,BTO:0000713,Macroscopic observation (qualitative observation),interspecies interaction,41605287,Reduced virulence,,,
PHIG:11396,G4MX57,,318829,Magnaporthe oryzae,242507,P131,strain,Uge1delta-Uge1 transformant(complement by re-introducing the wild-type allele at an ectopic locus) (transformant) [Ectopic],,,4530,Oryza sativa,,cv. Lijiangxintuanheigu,none,,PHIPO:0000951,,BTO:0000713,Macroscopic observation (qualitative observation),interspecies interaction,41605287,Unaffected pathogenicity,,,
PHIG:11396,G4MX57,,318829,Magnaporthe oryzae,242507,P131,strain,Uge1+ (wild type) [Wild type product level],,,4513,Hordeum vulgare,,cv. E9,none,,PHIPO:0000951,,BTO:0000713,Macroscopic observation (qualitative observation),interspecies interaction,41605287,,,,
PHIG:11396,G4MX57,,318829,Magnaporthe oryzae,242507,P131,strain,Uge1delta (deletion),,,4530,Oryza sativa,,cv. Lijiangxintuanheigu,none,,PHIPO:0000365,,BTO:0000713,Macroscopic observation (qualitative observation),interspecies interaction,41605287,Reduced virulence,,,
PHIG:11396,G4MX57,,318829,Magnaporthe oryzae,242507,P131,strain,Uge1delta-Uge1 transformant(complement by re-introducing the wild-type allele at an ectopic locus) (transformant) [Ectopic],,,4513,Hordeum vulgare,,cv. E9,none,,PHIPO:0000951,,BTO:0000713,Macroscopic observation (qualitative observation),interspecies interaction,41605287,Unaffected pathogenicity,,,
PHIG:11396,G4MX57,,318829,Magnaporthe oryzae,242507,P131,strain,Uge1+ (wild type) [Wild type product level],,,4530,Oryza sativa,,cv. Lijiangxintuanheigu,none,,PHIPO:0000951,,BTO:0000713,Macroscopic observation (qualitative observation),interspecies interaction,41605287,,,,
PHIG:11396,G4MX57,,318829,Magnaporthe oryzae,242507,P131,strain,Uge1delta (deletion),,,4530,Oryza sativa,,cv. Lijiangxintuanheigu,none,,PHIPO:0000365,,BTO:0000713,Macroscopic observation (qualitative observation),interspecies interaction,41605287,Reduced virulence,,,
PHIG:11396,G4MX57,,318829,Magnaporthe oryzae,242507,P131,strain,Uge1delta-Uge1 transformant(complement by re-introducing the wild-type allele at an ectopic locus) (transformant) [Ectopic],,,4530,Oryza sativa,,cv. Lijiangxintuanheigu,none,,PHIPO:0000951,,BTO:0000713,Macroscopic observation (qualitative observation),interspecies interaction,41605287,Unaffected pathogenicity,,,
PHIG:11396,G4MX57,,318829,Magnaporthe oryzae,242507,P131,strain,Uge1+ (wild type) [Wild type product level],,,4530,Oryza sativa,,cv. Lijiangxintuanheigu,none,,,PHIDO:0000315,,,interspecies interaction,41605287,,,,
PHIG:11396,G4MX57,,318829,Magnaporthe oryzae,242507,P131,strain,Uge1+ (wild type) [Wild type product level],,,4530,Oryza sativa,,cv. Lijiangxintuanheigu,none,,PHIPO:0000331,,BTO:0000713,Macroscopic observation (qualitative observation),interspecies interaction,41605287,,,,
PHIG:11396,G4MX57,,318829,Magnaporthe oryzae,242507,P131,strain,Uge1delta (deletion),,,4530,Oryza sativa,,cv. Lijiangxintuanheigu,none,,PHIPO:0000359,,BTO:0000713,Macroscopic observation (qualitative observation),interspecies interaction,41605287,,,,
PHIG:11396,G4MX57,,318829,Magnaporthe oryzae,242507,P131,strain,Uge1delta-Uge1 transformant(complement by re-introducing the wild-type allele at an ectopic locus) (transformant) [Ectopic],,,4530,Oryza sativa,,cv. Lijiangxintuanheigu,none,,PHIPO:0000331,,BTO:0000713,Macroscopic observation (qualitative observation),interspecies interaction,41605287,,,,
PHIG:8974,V6R2Z2,,5518,Fusarium graminearum,229533,PH-1,strain,FGSG_00979delta (deletion),,,4565,Triticum aestivum,,cv. Roblin,none,,PHIPO:0000365,,BTO:0001278,Macroscopic observation (quantitative observation),interspecies interaction,35986640,Reduced virulence,,,
PHIG:9965,I1RKV6,,5518,Fusarium graminearum,229533,PH-1,strain,FGSG_04527delta (deletion),,,4565,Triticum aestivum,,cv. Roblin,none,,PHIPO:0000368,,BTO:0000268,Macroscopic observation (quantitative observation),interspecies interaction,35986640,Increased virulence,,,
PHIG:9859,I1REI8,,5518,Fusarium graminearum,229533,PH-1,strain,FGSG_02077delta (deletion),,,4565,Triticum aestivum,,cv. Roblin,none,,PHIPO:0000368,,BTO:0000268,Macroscopic observation (quantitative observation),interspecies interaction,35986640,Increased virulence,,,
PHIG:10329,Q4HZB8,,5518,Fusarium graminearum,229533,PH-1,strain,FGSG_09690delta (deletion),,,4565,Triticum aestivum,,cv. Roblin,none,,PHIPO:0000368,,BTO:0000268,Macroscopic observation (quantitative observation),interspecies interaction,35986640,Increased virulence,,,
PHIG:8974,V6R2Z2,,5518,Fusarium graminearum,229533,PH-1,strain,FGSG_00979delta (deletion),,,4565,Triticum aestivum,,cv. Roblin,none,,PHIPO:0000368,,BTO:0000268,Macroscopic observation (quantitative observation),interspecies interaction,35986640,Increased virulence,,,
PHIG:8974,V6R2Z2,,5518,Fusarium graminearum,229533,PH-1,strain,FG00979.1+ (wild type) [Wild type product level],,,4565,Triticum aestivum,,cv. Roblin,none,,,PHIDO:0000162,,,interspecies interaction,35986640,,,,
PHIG:7783,A0A0E0SID1,,5518,Fusarium graminearum,229533,PH-1,strain,FGSG_05615delta (deletion),,,4565,Triticum aestivum,,cv. Roblin,none,,PHIPO:0000365,,BTO:0001278,Macroscopic observation (quantitative observation),interspecies interaction,35986640,Reduced virulence,,,
PHIG:9665,A0A1C3YJR5,,5518,Fusarium graminearum,229533,PH-1,strain,FGSG_10549delta (deletion),,,4565,Triticum aestivum,,cv. Roblin,none,,PHIPO:0000368,,BTO:0000268,Macroscopic observation (quantitative observation),interspecies interaction,35986640,Increased virulence,,,
PHIG:9668,A0A1C3YK58,,5518,Fusarium graminearum,229533,PH-1,strain,FGSG_10746delta (deletion),,,4565,Triticum aestivum,,cv. Roblin,none,,PHIPO:0000368,,BTO:0000268,Macroscopic observation (quantitative observation),interspecies interaction,35986640,Increased virulence,,,
PHIG:11393,W7MEA4,,117187,Fusarium verticillioides,334819,Unknown strain,strain,Bgls3delta (deletion),,,4577,Zea mays,,Unknown strain,none,,PHIPO:0000365,,BTO:0000713,Macroscopic observation (qualitative observation),interspecies interaction,41641775,Reduced virulence,,,
PHIG:11393,W7MEA4,,117187,Fusarium verticillioides,334819,Unknown strain,strain,Bgls3-OE transformant(overexpression) (transformant) [Ectopic],,,4577,Zea mays,,Unknown strain,none,,PHIPO:0000368,,BTO:0000713,Macroscopic observation (qualitative observation),interspecies interaction,41641775,Increased virulence,,,
PHIG:11393,W7MEA4,,117187,Fusarium verticillioides,334819,Unknown strain,strain,Bgls3+ (wild type) [Wild type product level],,,4577,Zea mays,,Unknown strain,none,,PHIPO:0000951,,BTO:0000713,Macroscopic observation (qualitative observation),interspecies interaction,41641775,,,,
PHIG:11393,W7MEA4,,117187,Fusarium verticillioides,334819,Unknown strain,strain,Bgls3+ (wild type) [Wild type product level],,,4577,Zea mays,,Unknown strain,none,,,PHIDO:0000126,,,interspecies interaction,41641775,,,,
PHIG:9301,Q9UVF9,,5547,Trichoderma viride,,Unknown strain,species,Eix+ (wild type) [Ectopic],Q6JN47,,4081,Solanum lycopersicum,,Unknown strain,species,Eix1+ (wild type) [Ectopic],PHIPO:0000192,,,Macroscopic observation (qualitative observation),gene-for-gene interaction,15155877,,,,
PHIG:9301,Q9UVF9,,5547,Trichoderma viride,,Unknown strain,species,Eix+ (wild type) [Ectopic],Q6JN47,,4081,Solanum lycopersicum,,Unknown strain,species,siEix1(RNAi) (disruption) [Knockdown],PHIPO:0000182,,,Macroscopic observation (qualitative observation),gene-for-gene interaction,15155877,,,,
PHIG:9301,Q9UVF9,,5547,Trichoderma viride,,Unknown strain,species,Eix+ (wild type) [Ectopic],Q6JN46,,4081,Solanum lycopersicum,,Unknown strain,species,Eix2+ (wild type) [Ectopic],PHIPO:0000192,,BTO:0000713,Macroscopic observation (qualitative observation),gene-for-gene interaction,15155877,,,,
PHIG:9301,Q9UVF9,,5547,Trichoderma viride,,Unknown strain,species,Eix+ (wild type) [Ectopic],Q6JN47,,4081,Solanum lycopersicum,,Unknown strain,species,Eix1+ (wild type) [Ectopic],PHIPO:0000182,,BTO:0000713,Macroscopic observation (qualitative observation),gene-for-gene interaction,15155877,,,,
PHIG:9301,Q9UVF9,,5547,Trichoderma viride,,Unknown strain,species,Eix+ (wild type) [Ectopic],Q6JN46,,4081,Solanum lycopersicum,,Unknown strain,species,Eix2(Y993A) (amino acid mutation) [Ectopic],PHIPO:0000182,,BTO:0000713,Macroscopic observation (qualitative observation),gene-for-gene interaction,15155877,,,,
PHIG:9301,Q9UVF9,,5547,Trichoderma viride,,Unknown strain,species,Eix+ (wild type) [Ectopic],,,4081,Solanum lycopersicum,,cv. IL7-5,none,,PHIPO:0000182,,BTO:0000713; BTO:0000713,Macroscopic observation (qualitative observation),gene-for-gene interaction,15155877,,,,
PHIG:9301,Q9UVF9,,5547,Trichoderma viride,,Unknown strain,species,Eix+ (wild type) [Ectopic],,,4081,Solanum lycopersicum,,cv. 82,none,,PHIPO:0000192,,BTO:0000713,Macroscopic observation (qualitative observation),gene-for-gene interaction,15155877,,,,
PHIG:11364,A0A0D1E215,,5270,Ustilago maydis,,SG200,species,Hap1+ (wild type) [Wild type product level],,,4577,Zea mays,,Unknown strain,none,,PHIPO:0001006,,BTO:0000713,Microscopy,interspecies interaction,41720778,,,,
PHIG:11364,A0A0D1E215,,5270,Ustilago maydis,,Unknown strain,species,Hap1delta (deletion),,,4577,Zea mays,,Unknown strain,none,,PHIPO:0001006,,BTO:0000713,Microscopy,interspecies interaction,41720778,Reduced virulence,,,
PHIG:11364,A0A0D1E215,,5270,Ustilago maydis,,Unknown strain,species,Hap1delta-Hap1 transformant(complement by re-introducing the wild-type allele at an ectopic locus) (transformant) [Ectopic],,,4577,Zea mays,,Unknown strain,none,,PHIPO:0001006,,BTO:0000713,Microscopy,interspecies interaction,41720778,Unaffected pathogenicity,,,
PHIG:11364,A0A0D1E215,,5270,Ustilago maydis,,,species,,Q6RXY1,,4577,Zea mays,,,species,,,,,Affinity Capture-MS,protein-protein interaction,41720778,,,,
PHIG:11364,A0A0D1E215,,5270,Ustilago maydis,,,species,,A0A0D1E951,,5270,Ustilago maydis,,,species,,,,,Co-purification,protein-protein interaction,41720778,,,,
PHIG:11364,A0A0D1E215,,5270,Ustilago maydis,,,species,,A0A0D1EDY9,,5270,Ustilago maydis,,,species,,,,,Co-purification,protein-protein interaction,41720778,,,,
PHIG:9359,A0A0D1E951,,5270,Ustilago maydis,,,species,,Q6RXY1,,4577,Zea mays,,,species,,,,,PCA,protein-protein interaction,41720778,,,,
PHIG:9363,A0A0D1EDY9,,5270,Ustilago maydis,,,species,,Q6RXY1,,4577,Zea mays,,,species,,,,,PCA,protein-protein interaction,41720778,,,,
PHIG:9363,A0A0D1EDY9,,5270,Ustilago maydis,,Unknown strain,species,Hip1delta (deletion),,,4577,Zea mays,,Unknown strain,none,,PHIPO:0001006,,BTO:0000713,Microscopy,interspecies interaction,41720778,Reduced virulence,,,
PHIG:11364,A0A0D1E215,,5270,Ustilago maydis,,SG200,species,Hap1+ (wild type) [Wild type product level],,,4577,Zea mays,,Unknown strain,none,,,PHIDO:0000096,,,interspecies interaction,41720778,,,,
PHIG:8916,I1RJS9,,5518,Fusarium graminearum,229533,PH-1,strain,Ptc1+ (wild type) [Wild type product level],,,4565,Triticum aestivum,,Unknown strain,none,,,PHIDO:0000163,,,interspecies interaction,20447276,,,,
PHIG:8916,I1RJS9,,5518,Fusarium graminearum,229533,PH-1,strain,Ptc1delta (deletion),,,4565,Triticum aestivum,,Unknown strain,none,,PHIPO:0000365,,BTO:0000268,Macroscopic observation (qualitative observation),interspecies interaction,20447276,Reduced virulence,,,
PHIG:8916,I1RJS9,,5518,Fusarium graminearum,229533,PH-1,strain,Ptc1delta-Ptc1 transformant(complement by re-introducing the wild-type allele at an ectopic locus) (transformant) [Ectopic],,,4565,Triticum aestivum,,Unknown strain,none,,PHIPO:0000951,,BTO:0000268,Macroscopic observation (qualitative observation),interspecies interaction,20447276,,,,
PHIG:11309,A5U0F5,,1773,Mycobacterium tuberculosis,419947,H37Ra,strain,MRA_0776 transformant(pMV262-MRA_0776-H37Ra) (transformant) [Overexpression],,,10090,Mus musculus,,C57BL/6,none,,PHIPO:0000368,,BTO:0000759,Macroscopic observation (qualitative observation),interspecies interaction,41835575,Increased virulence,,,
PHIG:11309,A5U0F5,,1773,Mycobacterium tuberculosis,419947,H37Ra,strain,MRA_0776+ (wild type) [Wild type product level],,,10090,Mus musculus,,C57BL/6,none,,PHIPO:0000951,,BTO:0000759,Macroscopic observation (qualitative observation),interspecies interaction,41835575,,,,
PHIG:11309,A5U0F5,,1773,Mycobacterium tuberculosis,419947,H37Ra,strain,MRA_0776+ (wild type) [Wild type product level],,,10090,Mus musculus,,C57BL/6,none,,,PHIDO:0000374,,,interspecies interaction,41835575,,,,
PHIG:11309,A5U0F5,,1773,Mycobacterium tuberculosis,419947,H37Ra,strain,MRA_0776 transformant(pMV262-MRA_0776-H37Ra) (transformant) [Overexpression],,,10090,Mus musculus,,C57BL/6,none,,PHIPO:0000368,,BTO:0001281,Macroscopic observation (qualitative observation),interspecies interaction,41835575,Increased virulence,,,
PHIG:11309,A5U0F5,,1773,Mycobacterium tuberculosis,419947,H37Ra,strain,MRA_0776 transformant(pMV262-MRA_0776-H37Ra) (transformant) [Overexpression],,,10090,Mus musculus,,C57BL/6,none,,PHIPO:0000368,,BTO:0000763,Macroscopic observation (qualitative observation),interspecies interaction,41835575,Increased virulence,,,
PHIG:11309,A5U0F5,,1773,Mycobacterium tuberculosis,419947,H37Ra,strain,MRA_0776 transformant(pMV262-MRA_0776-H37Ra) (transformant) [Overexpression],,,10090,Mus musculus,,C57BL/6,none,,PHIPO:0000368,,BTO:0000671,Macroscopic observation (qualitative observation),interspecies interaction,41835575,Increased virulence,,,
PHIG:11309,A5U0F5,,1773,Mycobacterium tuberculosis,419947,H37Ra,strain,MRA_0776+ (wild type) [Wild type product level],,,10090,Mus musculus,,C57BL/6,none,,PHIPO:0000951,,BTO:0001281,Macroscopic observation (qualitative observation),interspecies interaction,41835575,,,,
PHIG:11309,A5U0F5,,1773,Mycobacterium tuberculosis,419947,H37Ra,strain,MRA_0776+ (wild type) [Wild type product level],,,10090,Mus musculus,,C57BL/6,none,,PHIPO:0000951,,BTO:0000763,Macroscopic observation (qualitative observation),interspecies interaction,41835575,,,,
PHIG:11309,A5U0F5,,1773,Mycobacterium tuberculosis,419947,H37Ra,strain,MRA_0776+ (wild type) [Wild type product level],,,10090,Mus musculus,,C57BL/6,none,,PHIPO:0000951,,BTO:0000671,Macroscopic observation (qualitative observation),interspecies interaction,41835575,,,,
PHIG:7403,A0A1C3YHH5,,5518,Fusarium graminearum,229533,PH-1,strain,Ftl1+ (wild type) [Wild type product level],,,4565,Triticum aestivum,,cv. Norm,none,,,PHIDO:0000162,,,interspecies interaction,19377037,,,,
PHIG:7403,A0A1C3YHH5,,5518,Fusarium graminearum,229533,PH-1,strain,Ftl1delta (deletion),,,4565,Triticum aestivum,,cv. Norm,none,,PHIPO:0000365,,BTO:0001278,Macroscopic observation (qualitative observation),interspecies interaction,19377037,Reduced virulence,,,
PHIG:7403,A0A1C3YHH5,,5518,Fusarium graminearum,229533,PH-1,strain,Ftl1delta-Ftl1 transformant(complement by re-introducing the wild-type allele) (transformant) [Ectopic],,,4565,Triticum aestivum,,cv. Norm,none,,PHIPO:0000951,,BTO:0001278,Macroscopic observation (qualitative observation),interspecies interaction,19377037,,,,
PHIG:1360,M1GM60,,13684,Parastagonospora nodorum,,Unknown strain,species,Tox3+ (wild type) [Wild type product level],,,4565,Triticum aestivum,,Unknown strain,none,,,PHIDO:0000345,,,interspecies interaction,33576059,,,,
PHIG:1360,M1GM60,,13684,Parastagonospora nodorum,,Unknown strain,species,Tox3+ (wild type) [Wild type product level],A0A894J6J9,,37682,Aegilops tauschii,,BLs3,species,Snn3-D1+ (wild type) [Wild type product level],PHIPO:0000477,,BTO:0000713,Macroscopic observation (qualitative observation),gene-for-gene interaction,33576059,,,,
PHIG:1360,M1GM60,,13684,Parastagonospora nodorum,,Unknown strain,species,Tox3+ (wild type) [Wild type product level],A0A894J6J9,,37682,Aegilops tauschii,,BLs3,species,Snn3-D1 EMS231(V330F) (amino acid mutation) [Not assayed],PHIPO:0000465,,BTO:0000713,Macroscopic observation (qualitative observation),gene-for-gene interaction,33576059,,,,
PHIG:1360,M1GM60,,13684,Parastagonospora nodorum,,Unknown strain,species,Tox3+ (wild type) [Wild type product level],A0A894J6J9,,37682,Aegilops tauschii,,BLs3,species,Snn3-D1 EMS370(G217R) (amino acid mutation) [Not assayed],PHIPO:0000465,,BTO:0000713,Macroscopic observation (qualitative observation),gene-for-gene interaction,33576059,,,,
PHIG:1360,M1GM60,,13684,Parastagonospora nodorum,,Unknown strain,species,Tox3+ (wild type) [Wild type product level],A0A894J6J9,,37682,Aegilops tauschii,,BLs3,species,Snn3-D1 EMS267(G638S) (amino acid mutation) [Not assayed],PHIPO:0000465,,BTO:0000713,Macroscopic observation (qualitative observation),gene-for-gene interaction,33576059,,,,
PHIG:1360,M1GM60,,13684,Parastagonospora nodorum,,Unknown strain,species,Tox3+ (wild type) [Wild type product level],A0A894J6J9,,37682,Aegilops tauschii,,BLs3,species,Snn3-D1 EMS301(P695S) (amino acid mutation) [Not assayed],PHIPO:0000465,,BTO:0000713,Macroscopic observation (qualitative observation),gene-for-gene interaction,33576059,,,,
PHIG:1360,M1GM60,,13684,Parastagonospora nodorum,,Unknown strain,species,Tox3+ (wild type) [Wild type product level],A0A894J6J9,,37682,Aegilops tauschii,,BLs3,species,Snn3-D1 EMS316(P729L) (amino acid mutation) [Not assayed],PHIPO:0000465,,BTO:0000713,Macroscopic observation (qualitative observation),gene-for-gene interaction,33576059,,,,
PHIG:1360,M1GM60,,13684,Parastagonospora nodorum,,Unknown strain,species,Tox3+ (wild type) [Wild type product level],A0A894J6J9,,37682,Aegilops tauschii,,BLs3,species,Snn3-D1 EMS129(V1308M) (amino acid mutation) [Not assayed],PHIPO:0000465,,BTO:0000713,Macroscopic observation (qualitative observation),gene-for-gene interaction,33576059,,,,
PHIG:1360,M1GM60,,13684,Parastagonospora nodorum,,Unknown strain,species,Tox3+ (wild type) [Wild type product level],A0A894J6J9,,37682,Aegilops tauschii,,BLs3,species,Snn3-D1 EMS164(P1611S) (amino acid mutation) [Not assayed],PHIPO:0000465,,BTO:0000713,Macroscopic observation (qualitative observation),gene-for-gene interaction,33576059,,,,
PHIG:1360,M1GM60,,13684,Parastagonospora nodorum,,Unknown strain,species,Tox3+ (wild type) [Wild type product level],A0A894J6J9,,37682,Aegilops tauschii,,BLs3,species,Snn3-D1 EMS175(G1753E) (amino acid mutation) [Not assayed],PHIPO:0000465,,BTO:0000713,Macroscopic observation (qualitative observation),gene-for-gene interaction,33576059,,,,
PHIG:1360,M1GM60,,13684,Parastagonospora nodorum,,Unknown strain,species,Tox3+ (wild type) [Wild type product level],A0A894J6J9,,37682,Aegilops tauschii,,BLs3,species,Snn3-D1 EMS298(aa1893->stop) (nonsense mutation) [Not assayed],PHIPO:0000465,,BTO:0000713,Macroscopic observation (qualitative observation),gene-for-gene interaction,33576059,,,,
PHIG:8922,I1RM09,,5518,Fusarium graminearum,229533,PH-1,strain,Tep1+ (wild type) [Wild type product level],,,4565,Triticum aestivum,,cv. Chinese Spring,none,,,PHIDO:0000163,,,interspecies interaction,20618707,,,,
PHIG:8922,I1RM09,,5518,Fusarium graminearum,229533,PH-1,strain,Tep1delta (deletion),,,4565,Triticum aestivum,,cv. Chinese Spring,none,,PHIPO:0000365,,BTO:0000268,Macroscopic observation (qualitative observation),interspecies interaction,20618707,Reduced virulence,,,
PHIG:8922,I1RM09,,5518,Fusarium graminearum,229533,PH-1,strain,Tep1delta-Tep1 transformant(complement by re-introducing the wild-type allele at an ectopic locus) (transformant) [Ectopic],,,4565,Triticum aestivum,,cv. Chinese Spring,none,,PHIPO:0000951,,BTO:0000268,Macroscopic observation (qualitative observation),interspecies interaction,20618707,Unaffected pathogenicity,,,
PHIG:8928,I1RN13,,5518,Fusarium graminearum,229533,PH-1,strain,SID1+ (wild type) [Wild type product level],,,4565,Triticum aestivum,,Unknown strain,none,,,PHIDO:0000163,,,interspecies interaction,20507510,,,,
PHIG:8928,I1RN13,,5518,Fusarium graminearum,229533,PH-1,strain,SID1delta (deletion),,,4565,Triticum aestivum,,Unknown strain,none,,PHIPO:0000365,,BTO:0001278,Macroscopic observation (qualitative observation),interspecies interaction,20507510,Reduced virulence,,,
PHIG:8925,I1RMG9,,5518,Fusarium graminearum,229533,PH-1,strain,FET3delta (deletion),,,4565,Triticum aestivum,,Unknown strain,none,,PHIPO:0000951,,BTO:0001278,Macroscopic observation (qualitative observation),interspecies interaction,20507510,Unaffected pathogenicity,,,
PHIG:10640,Q5A6R5,,5476,Candida albicans,237561,Unknown strain,strain,Dap1delta (deletion),,,10090,Mus musculus,,BALB/c,none,,PHIPO:0000361,,BTO:0001489,Macroscopic observation (qualitative observation),interspecies interaction,38786671,Reduced virulence,,,
PHIG:10640,Q5A6R5,,5476,Candida albicans,237561,Unknown strain,strain,Dap1+ (wild type) [Wild type product level],,,10090,Mus musculus,,BALB/c,none,,PHIPO:0001069,,BTO:0001489,Macroscopic observation (qualitative observation),interspecies interaction,38786671,,,,
PHIG:10640,Q5A6R5,,5476,Candida albicans,237561,Unknown strain,strain,Dap1delta (deletion),,,10090,Mus musculus,,BALB/c,none,,PHIPO:0000363,,BTO:0000671,Macroscopic observation (qualitative observation),interspecies interaction,38786671,Reduced virulence,,,
PHIG:10640,Q5A6R5,,5476,Candida albicans,237561,Unknown strain,strain,Dap1+ (wild type) [Wild type product level],,,10090,Mus musculus,,BALB/c,none,,PHIPO:0000954,,BTO:0000671,Macroscopic observation (qualitative observation),interspecies interaction,38786671,,,,
PHIG:10640,Q5A6R5,,5476,Candida albicans,237561,Unknown strain,strain,Dap1+ (wild type) [Wild type product level],,,10090,Mus musculus,,BALB/c,none,,,PHIDO:0000071,,,interspecies interaction,38786671,,,,
PHIG:294,G4MXR2,,318829,Magnaporthe oryzae,242507,Guy11,strain,Chia1+ (wild type) [Ectopic],,,4530,Oryza sativa,,cv. Nipponbare,none,,PHIPO:0000927,,BTO:0001971,Enzyme assay data,interspecies interaction,30610168,,,,
PHIG:294,G4MXR2,,318829,Magnaporthe oryzae,242507,Guy11,strain,Chia1+ (wild type) [Ectopic],,,4530,Oryza sativa,,cv. Nipponbare,none,,PHIPO:0001245,,,Western blot assay,interspecies interaction,30610168,,,,
PHIG:294,G4MXR2,,318829,Magnaporthe oryzae,242507,Guy11,strain,Chia1+ (wild type) [Ectopic],,,4530,Oryza sativa,,cv. Nipponbare,none,,PHIPO:0001083,,BTO:0000713,Microscopy,interspecies interaction,30610168,,,,
PHIG:294,G4MXR2,,318829,Magnaporthe oryzae,242507,Guy11,strain,Chia1(E137Q) (amino acid mutation) [Ectopic],,,4530,Oryza sativa,,cv. Nipponbare,none,,PHIPO:0000927,,,Substance quantification evidence,interspecies interaction,30610168,,,,
PHIG:294,G4MXR2,,318829,Magnaporthe oryzae,242507,Guy11,strain,Chia1delta (deletion),,,4530,Oryza sativa,,cv. Nipponbare,none,,PHIPO:0000365,,BTO:0000713,Macroscopic observation (qualitative observation),interspecies interaction,30610168,Reduced virulence,,,
PHIG:294,G4MXR2,,318829,Magnaporthe oryzae,242507,Guy11,strain,Dex::Chia1+ (wild type) [Ectopic],,,4530,Oryza sativa,,cv. Nipponbare,none,,PHIPO:0000365,,,Macroscopic observation (quantitative observation),interspecies interaction,30610168,Reduced virulence,,,
PHIG:294,G4MXR2,,318829,Magnaporthe oryzae,242507,Guy11,strain,Chia1(E137Q) (amino acid mutation) [Ectopic],Q5NBT9,,4530,Oryza sativa,39947,cv. Nipponbare,strain,TPR1+ (wild type) [Ectopic],PHIPO:0001106,,,Reporter gene assay,interspecies interaction,30610168,,,,
PHIG:294,G4MXR2,,318829,Magnaporthe oryzae,242507,Guy11,strain,Dex::Chia1+ (wild type) [Ectopic],,,4530,Oryza sativa,,cv. Nipponbare,none,,PHIPO:0000992,,,Microscopy,interspecies interaction,30610168,,,,
PHIG:294,G4MXR2,,318829,Magnaporthe oryzae,242507,Guy11,strain,Chia1delta (deletion),,,4530,Oryza sativa,,cv. Nipponbare,none,,PHIPO:0001104,,,Microscopy,interspecies interaction,30610168,,,,
PHIG:294,G4MXR2,,318829,Magnaporthe oryzae,242507,Guy11,strain,Chia1delta (deletion),,,4530,Oryza sativa,,cv. Nipponbare,none,,PHIPO:0001104,,,Microscopy,interspecies interaction,30610168,,,,
PHIG:294,G4MXR2,,318829,Magnaporthe oryzae,242507,Guy11,strain,Dex::Chia1+ (wild type) [Ectopic],,,4530,Oryza sativa,,cv. Nipponbare,none,,PHIPO:0000927,,BTO:0000713,Substance quantification evidence,interspecies interaction,30610168,,,,
PHIG:294,G4MXR2,,318829,Magnaporthe oryzae,242507,Guy11,strain,Ubi::Chia1-OE+ transformant(overexpression) (transformant) [Ectopic],,,4530,Oryza sativa,,cv. Nipponbare,none,,PHIPO:0001069,,,Macroscopic observation (qualitative observation),interspecies interaction,30610168,,,,
PHIG:294,G4MXR2,,318829,Magnaporthe oryzae,242507,Guy11,strain,"Dex::Chia1-E137Q(Dex promoter, E137Q) (amino acid mutation) [Ectopic]",,,4530,Oryza sativa,,cv. Nipponbare,none,,PHIPO:0000927,,BTO:0000713,Macroscopic observation (qualitative observation),interspecies interaction,30610168,,,,
PHIG:294,G4MXR2,,318829,Magnaporthe oryzae,242507,Guy11,strain,Dex::Chia1+ (wild type) [Ectopic],,,4530,Oryza sativa,,cv. Nipponbare,none,,PHIPO:0001193,,,Microscopy,interspecies interaction,30610168,,,,
PHIG:294,G4MXR2,,318829,Magnaporthe oryzae,242507,,strain,,Q5NBT9,,4530,Oryza sativa,39947,,strain,,,,,Two-hybrid,protein-protein interaction,30610168,,,,
PHIG:294,G4MXR2,,318829,Magnaporthe oryzae,242507,Guy11,strain,Chia1+ (wild type) [Wild type product level],,,4530,Oryza sativa,,cv. Nipponbare,none,,,PHIDO:0000315,BTO:0000713,,interspecies interaction,30610168,,,,
PHIG:294,G4MXR2,,318829,Magnaporthe oryzae,242507,Guy11,strain,Chia1+ (wild type) [Wild type product level],,,4530,Oryza sativa,,cv. Nipponbare,none,,PHIPO:0000954,,BTO:0000713,Macroscopic observation (qualitative observation),interspecies interaction,30610168,,,,
PHIG:294,G4MXR2,,318829,Magnaporthe oryzae,242507,Guy11,strain,Chia1delta (deletion),,,4530,Oryza sativa,,cv. Nipponbare,none,,PHIPO:0000365,,BTO:0000713,Particle size and count assay,interspecies interaction,30610168,Reduced virulence,,,
PHIG:294,G4MXR2,,318829,Magnaporthe oryzae,242507,Guy11,strain,Chia1+ (wild type) [Wild type product level],,,4530,Oryza sativa,,cv. Nipponbare,none,,PHIPO:0000954,,BTO:0000713,Particle size and count assay,interspecies interaction,30610168,,,,
PHIG:294,G4MXR2,,318829,Magnaporthe oryzae,242507,Guy11,strain,Chia1+ (wild type) [Ectopic],,,4530,Oryza sativa,,cv. Nipponbare,none,,PHIPO:0000927,,,Enzyme assay data,interspecies interaction,30610168,,,,
PHIG:294,G4MXR2,,318829,Magnaporthe oryzae,242507,Guy11,strain,Dex::Chia1+ (wild type) [Ectopic],,,4530,Oryza sativa,,cv. Nipponbare,none,,PHIPO:0000985,,BTO:0000713,Macroscopic observation (qualitative observation),interspecies interaction,30610168,Reduced virulence,,,
PHIG:294,G4MXR2,,318829,Magnaporthe oryzae,242507,Guy11,strain,Chia1deltasp(signal peptides deleted) (other) [Ectopic],Q5NBT9,,4530,Oryza sativa,39947,cv. Nipponbare,strain,TPR1+ (wild type) [Ectopic],PHIPO:0001107,,,Reporter gene assay,interspecies interaction,30610168,,,,
PHIG:294,G4MXR2,,318829,Magnaporthe oryzae,242507,Guy11,strain,Chia1+ (wild type) [Ectopic],Q5NBT9,,4530,Oryza sativa,39947,cv. Nipponbare,strain,TPR1-OE transformant(overexpression) (transformant) [Ectopic],PHIPO:0001193,,,Substance quantification evidence,interspecies interaction,30610168,,,,
PHIG:294,G4MXR2,,318829,Magnaporthe oryzae,242507,Guy11,strain,Chia1+ (wild type) [Ectopic],Q5NBT9,,4530,Oryza sativa,39947,cv. Nipponbare,strain,TPR1+ (wild type) [Ectopic],PHIPO:0000927,,,Substance quantification evidence,interspecies interaction,30610168,,,,
PHIG:294,G4MXR2,,318829,Magnaporthe oryzae,242507,Guy11,strain,Chia1+ (wild type) [Wild type product level],Q5NBT9,,4530,Oryza sativa,39947,cv. Nipponbare,strain,TPR1-OE transformant(overexpression) (transformant) [Ectopic],PHIPO:0000365,,BTO:0000713,Particle size and count assay,interspecies interaction,30610168,,,,
PHIG:294,G4MXR2,,318829,Magnaporthe oryzae,242507,Guy11,strain,Chia1+ (wild type) [Wild type product level],Q5NBT9,,4530,Oryza sativa,39947,cv. Nipponbare,strain,TPR1(RNAi) (disruption) [Knockdown],PHIPO:0000368,,BTO:0000713,Macroscopic observation (qualitative observation),interspecies interaction,30610168,,,,
PHIG:294,G4MXR2,,318829,Magnaporthe oryzae,242507,Guy11,strain,Chia1+ (wild type) [Wild type product level],Q5NBT9,,4530,Oryza sativa,39947,cv. Nipponbare,strain,TPR1-OE transformant(overexpression) (transformant) [Ectopic],PHIPO:0001193,,BTO:0000713,Microscopy,interspecies interaction,30610168,,,,
PHIG:294,G4MXR2,,318829,Magnaporthe oryzae,242507,Guy11,strain,Chia1+ (wild type) [Wild type product level],Q5NBT9,,4530,Oryza sativa,39947,cv. Nipponbare,strain,TPR1(RNAi) (disruption) [Knockdown],PHIPO:0001192,,BTO:0000713,Microscopy,interspecies interaction,30610168,,,,
PHIG:294,G4MXR2,,318829,Magnaporthe oryzae,242507,Guy11,strain,Chia1+ (wild type) [Wild type product level],Q5NBT9,,4530,Oryza sativa,39947,cv. Nipponbare,strain,TPR1+ (wild type) [Wild type product level],PHIPO:0000954,,BTO:0000713,Macroscopic observation (qualitative observation),interspecies interaction,30610168,,,,
PHIG:294,G4MXR2,,318829,Magnaporthe oryzae,242507,Guy11,strain,Chia1+ (wild type) [Wild type product level],Q5NBT9,,4530,Oryza sativa,39947,cv. Nipponbare,strain,TPR1+ (wild type) [Wild type product level],PHIPO:0000927,,BTO:0000713,Microscopy,interspecies interaction,30610168,,,,
PHIG:294,G4MXR2,,318829,Magnaporthe oryzae,242507,Guy11,strain,Dex::Chia1+ (wild type) [Ectopic],,,4530,Oryza sativa,,cv. Nipponbare,none,,PHIPO:0000992,,,Microscopy,interspecies interaction,30610168,,,,
PHIG:294,G4MXR2,,318829,Magnaporthe oryzae,242507,,strain,,Q5NBT9,,4530,Oryza sativa,39947,,strain,,,,,Affinity Capture-Western,protein-protein interaction,30610168,,,,
PHIG:294,G4MXR2,,318829,Magnaporthe oryzae,242507,,strain,,Q5NBT9,,4530,Oryza sativa,39947,,strain,,,,,PCA,protein-protein interaction,30610168,,,,
PHIG:294,G4MXR2,,318829,Magnaporthe oryzae,242507,,strain,,Q5NBT9,,4530,Oryza sativa,39947,,strain,,,,,Co-purification,protein-protein interaction,30610168,,,,
PHIG:294,G4MXR2,,318829,Magnaporthe oryzae,242507,Guy11,strain,Chia1delta-Chia1transformant(complement by re-introducing the wild-type allele at an ectopic locus) (transformant) [Ectopic],,,4530,Oryza sativa,,cv. Nipponbare,none,,PHIPO:0000954,,BTO:0000713,Macroscopic observation (qualitative observation),interspecies interaction,30610168,Unaffected pathogenicity,,,
PHIG:8962,I1S303,,5518,Fusarium graminearum,229533,PH-1,strain,TPP1+ (wild type) [Wild type product level],,,4565,Triticum aestivum,,cv. Bobwhite,none,,,PHIDO:0000163,,,interspecies interaction,39853238,,,,
PHIG:8962,I1S303,,5518,Fusarium graminearum,229533,PH-1,strain,TPP1delta (deletion),,,4565,Triticum aestivum,,cv. Bobwhite,none,,PHIPO:0000365,,BTO:0001278,Macroscopic observation (quantitative observation),interspecies interaction,39853238,Reduced virulence,,,
PHIG:8962,I1S303,,5518,Fusarium graminearum,229533,PH-1,strain,TPP1delta+TPP1 transformant(complement by re-introducing the wild-type allele at a specific locus (TSI locus)) (transformant) [Ectopic],,,4565,Triticum aestivum,,cv. Bobwhite,none,,PHIPO:0000951,,BTO:0001278,Macroscopic observation (quantitative observation),interspecies interaction,39853238,Unaffected pathogenicity,,,
PHIG:9256,O50025,,62890,Solanum habrochaites,,,species,,K4C8Q3,,4081,Solanum lycopersicum,,,species,,,,,Co-purification,protein-protein interaction,23716655,,,,
PHIG:9262,C4NAS0,,4081,Solanum lycopersicum,,,species,,K4C8Q3,,4081,Solanum lycopersicum,,,species,,,,,Co-purification,protein-protein interaction,23716655,,,,
PHIG:50,H9DUR1,,27337,Verticillium dahliae,,Race 1,species,Ave1+ (wild type) [Wild type product level],C4NAS0,,4081,Solanum lycopersicum,,Unknown strain,species,Ve1+ (wild type) [Ectopic],PHIPO:0001199,,BTO:0001461,Macroscopic observation (qualitative observation),gene-for-gene interaction,23716655,,,,
PHIG:790,Q00363,,5499,Passalora fulva,,race 5,species,Avr4+ (wild type) [Not assayed],,,4081,Solanum lycopersicum,,cv. Moneymaker Cf-0,none,,PHIPO:0000951,,BTO:0000713,Macroscopic observation (qualitative observation),interspecies interaction,23716655,,,,
PHIG:50,H9DUR1,,27337,Verticillium dahliae,,Race 1,species,Ave1+ (wild type) [Wild type product level],,,3702,Arabidopsis thaliana,,ecotype Columbia-0,none,,PHIPO:0000954,,BTO:0001461,Macroscopic observation (qualitative observation),interspecies interaction,23716655,,,,
PHIG:50,H9DUR1,,27337,Verticillium dahliae,,Race 1,species,Ave1+ (wild type) [Wild type product level],,,3702,Arabidopsis thaliana,,ecotype Columbia-0,none,,PHIPO:0000365,,BTO:0001461,Macroscopic observation (qualitative observation),interspecies interaction,23716655,,,,
PHIG:50,H9DUR1,,27337,Verticillium dahliae,,Race 1,species,Ave1+ (wild type) [Wild type product level],Q9SKB2,,3702,Arabidopsis thaliana,,ecotype Columbia-0,species,sobir1-1(the mutation introduces an early stop codon in the protein) (nonsense mutation) [Wild type product level],PHIPO:0000954,,BTO:0001461,Macroscopic observation (qualitative observation),interspecies interaction,23716655,,,,
PHIG:50,H9DUR1,,27337,Verticillium dahliae,,Race 1,species,Ave1+ (wild type) [Wild type product level],Q9SKB2,,3702,Arabidopsis thaliana,,ecotype Columbia-0,species,sobir1-1(the mutation introduces an early stop codon in the protein) (nonsense mutation) [Wild type product level],PHIPO:0000954,,BTO:0001461,Macroscopic observation (qualitative observation),interspecies interaction,23716655,,,,
PHIG:790,Q00363,,5499,Passalora fulva,,race 5,species,Avr4+ (wild type) [Not assayed],,,4100,Nicotiana benthamiana,,Unknown strain,none,,PHIPO:0000192,,BTO:0000713,Macroscopic observation (qualitative observation),interspecies interaction,23716655,,,,
PHIG:790,Q00363,,5499,Passalora fulva,,race 5,species,Avr4+ (wild type) [Not assayed],A0A0H3U2A6,,4100,Nicotiana benthamiana,,Unknown strain,species,TRV:SOBIR1 (disruption) [Knockdown],PHIPO:0000182,,BTO:0000713,Macroscopic observation (qualitative observation),interspecies interaction,23716655,,,,
PHIG:11428,G4ZM19,,67593,Phytophthora sojae,1094619,P6497,strain,STT3Bdelta (deletion),,,3847,Glycine max,,cv. Williams,none,,PHIPO:0000985,,BTO:0000713,Macroscopic observation (qualitative observation),interspecies interaction,42042368,Reduced virulence,,,
PHIG:11428,G4ZM19,,67593,Phytophthora sojae,1094619,P6497,strain,STT3B+ (wild type) [Wild type product level],,,3847,Glycine max,,cv. Williams,none,,PHIPO:0000480,,BTO:0000713,Macroscopic observation (qualitative observation),interspecies interaction,42042368,,,,
PHIG:11428,G4ZM19,,67593,Phytophthora sojae,1094619,P6497,strain,STT3Bdelta-STT3B transformant(complement by re-introducing the wild-type allele at an ectopic locus) (transformant) [Ectopic],,,3847,Glycine max,,cv. Williams,none,,PHIPO:0000480,,BTO:0000713,Macroscopic observation (qualitative observation),interspecies interaction,42042368,Unaffected pathogenicity,,,
PHIG:11428,G4ZM19,,67593,Phytophthora sojae,1094619,P6497,strain,STT3Bdelta (deletion),,,3847,Glycine max,,cv. Williams,none,,PHIPO:0000985,,BTO:0001228,Macroscopic observation (qualitative observation),interspecies interaction,42042368,Reduced virulence,,,
PHIG:11428,G4ZM19,,67593,Phytophthora sojae,1094619,P6497,strain,STT3B+ (wild type) [Wild type product level],,,3847,Glycine max,,cv. Williams,none,,PHIPO:0000480,,BTO:0001228,Macroscopic observation (qualitative observation),interspecies interaction,42042368,,,,
PHIG:11428,G4ZM19,,67593,Phytophthora sojae,1094619,P6497,strain,STT3Bdelta-STT3B transformant(complement by re-introducing the wild-type allele at an ectopic locus) (transformant) [Ectopic],,,3847,Glycine max,,cv. Williams,none,,PHIPO:0000480,,BTO:0001228,Macroscopic observation (qualitative observation),interspecies interaction,42042368,Unaffected pathogenicity,,,
PHIG:11428,G4ZM19,,67593,Phytophthora sojae,1094619,P6497,strain,STT3B+ (wild type) [Wild type product level],,,3847,Glycine max,,cv. Williams,none,,,PHIDO:0000474,,,interspecies interaction,42042368,,,,
PHIG:10897,G4MLR2,,318829,Magnaporthe oryzae,242507,KJ201,strain,Htr2delta (deletion),,,4530,Oryza sativa,,cv. Nakdongbyeo,none,,PHIPO:0000365,,BTO:0005094,Macroscopic observation (qualitative observation),interspecies interaction,40992398,Reduced virulence,,,
PHIG:10897,G4MLR2,,318829,Magnaporthe oryzae,242507,KJ201,strain,Htr2(IHHdelta)(H277A and H278A) (amino acid mutation) [Ectopic],,,4530,Oryza sativa,,cv. Nakdongbyeo,none,,PHIPO:0000365,,BTO:0005094,Macroscopic observation (qualitative observation),interspecies interaction,40992398,Reduced virulence,,,
PHIG:10897,G4MLR2,,318829,Magnaporthe oryzae,242507,KJ201,strain,Htr2+ (wild type) [Wild type product level],,,4530,Oryza sativa,,cv. Nakdongbyeo,none,,PHIPO:0000951,,BTO:0005094,Macroscopic observation (qualitative observation),interspecies interaction,40992398,,,,
PHIG:10897,G4MLR2,,318829,Magnaporthe oryzae,242507,KJ201,strain,Htr2+ (wild type) [Wild type product level],,,4530,Oryza sativa,,cv. Nakdongbyeo,none,,,PHIDO:0000315,,,interspecies interaction,40992398,,,,
PHIG:343,A0A0D1DWQ2,,5270,Ustilago maydis,,,species,,A0A1D6GNR3,,4577,Zea mays,,,species,,,,,Affinity Capture-MS,protein-protein interaction,30651637,,,,
PHIG:343,A0A0D1DWQ2,,5270,Ustilago maydis,,CL13,species,Cmu1+ (wild type) [Wild type product level],A0A1D6GNR3,,4577,Zea mays,,cv. Early Golden Bantam,species,siKwl1(VIGS) (other) [Knockdown],PHIPO:0000368,,BTO:0001228,Macroscopic observation (qualitative observation),interspecies interaction,30651637,Increased virulence,,,
PHIG:343,A0A0D1DWQ2,,5270,Ustilago maydis,,AB33,species,"Cmu1-deltaELR(1-21, 117-140) (partial amino acid deletion) [Ectopic]",A0A1D6GNR3,,4577,Zea mays,,cv. Early Golden Bantam,species,Kwl1deltaSP(Signal peptides deleted (1-32)) (partial amino acid deletion) [Ectopic],PHIPO:0001107,,,Coimmunoprecipitation,interspecies interaction,30651637,,,,
PHIG:343,A0A0D1DWQ2,,5270,Ustilago maydis,,AB33,species,Cmu1-deltaSP(1-21) (partial amino acid deletion) [Ectopic],A0A1D6GNR3,,4577,Zea mays,,cv. Early Golden Bantam,species,Kwl1deltaSP(Signal peptides deleted (1-32)) (partial amino acid deletion) [Ectopic],PHIPO:0001195,,,Enzyme assay data,interspecies interaction,30651637,,,,
PHIG:343,A0A0D1DWQ2,,5270,Ustilago maydis,,AB33,species,"Cmu1-deltaELR(1-21, 117-140) (partial amino acid deletion) [Ectopic]",A0A1D6GNR3,,4577,Zea mays,,cv. Early Golden Bantam,species,Kwl1deltaSP(Signal peptides deleted (1-32)) (partial amino acid deletion) [Ectopic],PHIPO:0001194,,,Enzyme assay data,interspecies interaction,30651637,,,,
PHIG:343,A0A0D1DWQ2,,5270,Ustilago maydis,,CL13,species,Cmu1+ (wild type) [Wild type product level],A0A1D6GNR3,,4577,Zea mays,,cv. Early Golden Bantam,species,Kwl1+ (wild type) [Wild type product level],,PHIDO:0000096,,,interspecies interaction,30651637,,,,
PHIG:343,A0A0D1DWQ2,,5270,Ustilago maydis,,CL13,species,Cmu1+ (wild type) [Wild type product level],A0A1D6GNR3,,4577,Zea mays,,cv. Early Golden Bantam,species,Kwl1+ (wild type) [Wild type product level],PHIPO:0000951,,BTO:0001228,Macroscopic observation (qualitative observation),interspecies interaction,30651637,,,,
PHIG:5692,F8UNP0,,67593,Phytophthora sojae,,P6497,species,Avr3b (disruption) [Knockdown],,,3847,Glycine max,,cv. Williams,none,,PHIPO:0000365,,BTO:0000613,Macroscopic observation (quantitative observation),interspecies interaction,22102810,Reduced virulence,,,
PHIG:5692,F8UNP0,,67593,Phytophthora sojae,,P6497,species,Avr3b+ (wild type) [Ectopic],,,3847,Glycine max,,cv. Williams,none,,PHIPO:0000954,,BTO:0000613,Macroscopic observation (quantitative observation),interspecies interaction,22102810,,,,
PHIG:5692,F8UNP0,,67593,Phytophthora sojae,,P6497,species,Avr3b+ (wild type) [Ectopic],,,3847,Glycine max,,cv. Williams,none,,PHIPO:0000954,,BTO:0000713,Macroscopic observation (quantitative observation),gene-for-gene interaction,22102810,,,,
PHIG:5692,F8UNP0,,67593,Phytophthora sojae,,P6497,species,Avr3b+ (wild type) [Ectopic],,,3847,Glycine max,,PRX146-36,none,,PHIPO:0000365,,BTO:0000713,Macroscopic observation (quantitative observation),gene-for-gene interaction,22102810,,,,
PHIG:5692,F8UNP0,,67593,Phytophthora sojae,,P7076,species,Avr3b+ (wild type) [Wild type product level],,,3847,Glycine max,,cv. Williams,none,,,PHIDO:0000318,,,interspecies interaction,22102810,,,,
PHIG:7537,I1RDW3,,5518,Fusarium graminearum,229533,PH-1,strain,FGSG_01831+ (wild type) [Wild type product level],,,4565,Triticum aestivum,,cv. Norm,none,,PHIPO:0000954,,BTO:0001278,Macroscopic observation (quantitative observation),interspecies interaction,33329641,,,,
PHIG:7537,I1RDW3,,5518,Fusarium graminearum,229533,PH-1,strain,FGSG_01831delta (deletion),,,4565,Triticum aestivum,,cv. Norm,none,,PHIPO:0000954,,BTO:0001278,Macroscopic observation (quantitative observation),interspecies interaction,33329641,,,,
PHIG:10427,I1RIG7,,5518,Fusarium graminearum,229533,PH-1,strain,FGSG_03599delta (deletion),,,4565,Triticum aestivum,,cv. Norm,none,,PHIPO:0000954,,BTO:0001278,Macroscopic observation (quantitative observation),interspecies interaction,33329641,,,,
PHIG:10411,A0A0E0RUH6,,5518,Fusarium graminearum,229533,PH-1,strain,FGSG_12160delta (deletion),,,4565,Triticum aestivum,,cv. Norm,none,,PHIPO:0000954,,BTO:0001278,Macroscopic observation (quantitative observation),interspecies interaction,33329641,,,,
PHIG:7537,I1RDW3,,5518,Fusarium graminearum,229533,PH-1,strain,FGSG_01831delta (deletion),,,4565,Triticum aestivum,,cv. Alsen,none,,PHIPO:0000219,,BTO:0001278,Substance quantification evidence,interspecies interaction,33329641,,,,
PHIG:7537,I1RDW3,,5518,Fusarium graminearum,229533,PH-1,strain,FGSG_01831delta (deletion),,,4565,Triticum aestivum,,cv. Alsen,none,,PHIPO:0000365,,BTO:0001278,Substance quantification evidence,interspecies interaction,33329641,Reduced virulence,,,
PHIG:7537,I1RDW3,,5518,Fusarium graminearum,229533,PH-1,strain,FGSG_01831+ (wild type) [Wild type product level],,,4565,Triticum aestivum,,cv. Alsen,none,,PHIPO:0000233,,BTO:0001278,Substance quantification evidence,interspecies interaction,33329641,,,,
PHIG:10427,I1RIG7,,5518,Fusarium graminearum,229533,PH-1,strain,FGSG_03599delta (deletion),,,4565,Triticum aestivum,,cv. Alsen,none,,PHIPO:0000233,,BTO:0001278,Substance quantification evidence,interspecies interaction,33329641,,,,
PHIG:10411,A0A0E0RUH6,,5518,Fusarium graminearum,229533,PH-1,strain,FGSG_12160delta (deletion),,,4565,Triticum aestivum,,cv. Alsen,none,,PHIPO:0000233,,BTO:0001278,Substance quantification evidence,interspecies interaction,33329641,,,,
PHIG:7537,I1RDW3,,5518,Fusarium graminearum,229533,PH-1,strain,FGSG_01831+ (wild type) [Ectopic],,,4100,Nicotiana benthamiana,,Unknown strain,none,,PHIPO:0001192,,,Macroscopic observation (quantitative observation),interspecies interaction,33329641,,,,
PHIG:10427,I1RIG7,,5518,Fusarium graminearum,229533,PH-1,strain,FGSG_03599+ (wild type) [Ectopic],,,4100,Nicotiana benthamiana,,Unknown strain,none,,PHIPO:0001192,,,Macroscopic observation (quantitative observation),interspecies interaction,33329641,,,,
PHIG:10411,A0A0E0RUH6,,5518,Fusarium graminearum,229533,PH-1,strain,FGSG_12160+ (wild type) [Ectopic],,,4100,Nicotiana benthamiana,,Unknown strain,none,,PHIPO:0001192,,,Macroscopic observation (quantitative observation),interspecies interaction,33329641,,,,
PHIG:7537,I1RDW3,,5518,Fusarium graminearum,229533,PH-1,strain,FGSG_01831+ (wild type) [Wild type product level],,,4565,Triticum aestivum,,cv. Norm,none,,,PHIDO:0000162,,,interspecies interaction,33329641,,,,
PHIG:308,F9WWD1,,1047171,Zymoseptoria tritici,336722,IPO323,strain,GT2-23-170::T-DNA (disruption) [Not assayed],,,4565,Triticum aestivum,,cv. Riband,none,,PHIPO:0000962,,BTO:0000713,Microscopy,interspecies interaction,29020037,Reduced virulence,,,
PHIG:308,F9WWD1,,1047171,Zymoseptoria tritici,336722,IPO323,strain,GT2-23-170::T-DNA (disruption) [Not assayed],,,4565,Triticum aestivum,,cv. Riband,none,,PHIPO:0000985,,BTO:0000713,Macroscopic observation (qualitative observation),interspecies interaction,29020037,Reduced virulence,,,
PHIG:308,F9WWD1,,1047171,Zymoseptoria tritici,336722,IPO323,strain,GT2-23-170::T-DNA (disruption) [Not assayed],,,4565,Triticum aestivum,,cv. Riband,none,,PHIPO:0000215,,BTO:0000713,Macroscopic observation (qualitative observation),interspecies interaction,29020037,,,,
PHIG:308,F9WWD1,,1047171,Zymoseptoria tritici,336722,IPO323,strain,GT2delta (deletion),,,4565,Triticum aestivum,,cv. Riband,none,,PHIPO:0000481,,BTO:0000713,Macroscopic observation (qualitative observation),interspecies interaction,29020037,Loss of pathogenicity,,,
PHIG:308,F9WWD1,,1047171,Zymoseptoria tritici,336722,IPO323,strain,GT2-23-170::T-DNA (disruption) [Not assayed],,,4565,Triticum aestivum,,cv. Riband,none,,PHIPO:0000481,,BTO:0000713,Macroscopic observation (qualitative observation),interspecies interaction,29020037,Loss of pathogenicity,,,
PHIG:307,I1RB03,,5518,Fusarium graminearum,229533,PH-1,strain,GT2delta (deletion),,,4565,Triticum aestivum,,cv. Bobwhite,none,,PHIPO:0000481,,BTO:0000628,Macroscopic observation (qualitative observation),interspecies interaction,29020037,Loss of pathogenicity,,,
PHIG:308,F9WWD1,,1047171,Zymoseptoria tritici,336722,IPO323,strain,GT2+ (wild type) [Wild type product level],,,4565,Triticum aestivum,,cv. Riband,none,,PHIPO:0000349,,BTO:0000713,Microscopy,interspecies interaction,29020037,,,,
PHIG:308,F9WWD1,,1047171,Zymoseptoria tritici,336722,IPO323,strain,GT2+ (wild type) [Wild type product level],,,4565,Triticum aestivum,,cv. Riband,none,,PHIPO:0000480,,BTO:0000713,Microscopy,interspecies interaction,29020037,,,,
PHIG:307,I1RB03,,5518,Fusarium graminearum,229533,PH-1,strain,GT2+ (wild type) [Wild type product level],,,4565,Triticum aestivum,,cv. Bobwhite,none,,PHIPO:0000480,,BTO:0000628,Macroscopic observation (qualitative observation),interspecies interaction,29020037,,,,
PHIG:308,F9WWD1,,1047171,Zymoseptoria tritici,336722,IPO323,strain,GT2+ (wild type) [Wild type product level],,,4565,Triticum aestivum,,cv. Riband,none,,PHIPO:0000480,,BTO:0000713,Macroscopic observation (qualitative observation),interspecies interaction,29020037,,,,
PHIG:308,F9WWD1,,1047171,Zymoseptoria tritici,336722,IPO323,strain,GT2+ (wild type) [Wild type product level],,,4565,Triticum aestivum,,cv. Riband,none,,,PHIDO:0000329,BTO:0000713,,interspecies interaction,29020037,,,,
PHIG:307,I1RB03,,5518,Fusarium graminearum,229533,PH-1,strain,GT2+ (wild type) [Wild type product level],,,4565,Triticum aestivum,,cv. Bobwhite,none,,,PHIDO:0000162,BTO:0000628,,interspecies interaction,29020037,,,,
PHIG:7724,Q2KEJ2,,318829,Magnaporthe oryzae,242507,KJ201,strain,Htr1+ (wild type) [Wild type product level],,,4530,Oryza sativa,,cv. Nakdong,none,,PHIPO:0001235,,,Quantitative PCR,interspecies interaction,33203871,,,,
PHIG:7724,Q2KEJ2,,318829,Magnaporthe oryzae,242507,KJ201,strain,Htr1+ (wild type) [Wild type product level],,,4530,Oryza sativa,,cv. Nakdong,none,,,PHIDO:0000315,,,interspecies interaction,33203871,,,,
PHIG:7723,G5EHQ6,,318829,Magnaporthe oryzae,242507,KJ201,strain,Htr2+ (wild type) [Wild type product level],,,4530,Oryza sativa,,cv. Nakdong,none,,PHIPO:0001235,,,Quantitative PCR,interspecies interaction,33203871,,,,
PHIG:7723,G5EHQ6,,318829,Magnaporthe oryzae,242507,KJ201,strain,Htr2+ (wild type) [Wild type product level],,,4530,Oryza sativa,,cv. Nakdong,none,,,PHIDO:0000315,,,interspecies interaction,33203871,,,,
PHIG:7724,Q2KEJ2,,318829,Magnaporthe oryzae,242507,KJ201,strain,Htr1deltasp(signal peptides deleted) (partial amino acid deletion) [Ectopic],Q7XBH4,,4530,Oryza sativa,39947,cv. Nakdong,strain,MYB4 - promoter fragment 38bp(−337 to −299) (partial nucleotide deletion) [Not assayed],PHIPO:0001286,,,Reporter gene assay,interspecies interaction,33203871,,,,
PHIG:7723,G5EHQ6,,318829,Magnaporthe oryzae,242507,KJ201,strain,Htr2deltasp(signal peptides deleted) (partial amino acid deletion) [Ectopic],Q6Z6L1,,4530,Oryza sativa,39947,cv. Nakdong,strain,HPL2 - promoter fragment 1(−875 to −837) (partial nucleotide deletion) [Not assayed],PHIPO:0001286,,,Reporter gene assay,interspecies interaction,33203871,,,,
PHIG:7723,G5EHQ6,,318829,Magnaporthe oryzae,242507,KJ201,strain,Htr2deltasp(signal peptides deleted) (partial amino acid deletion) [Ectopic],Q5W6D6,,4530,Oryza sativa,39947,cv. Nakdong,strain,WRK45 - promoter fragment 38bp(−766 to −728) (partial nucleotide deletion) [Not assayed],PHIPO:0001286,,,Reporter gene assay,interspecies interaction,33203871,,,,
PHIG:7724,Q2KEJ2,,318829,Magnaporthe oryzae,242507,KJ201,strain,Htr1delta (deletion),,,4530,Oryza sativa,,cv. Nakdong,none,,PHIPO:0001104,,,Quantitative PCR,interspecies interaction,33203871,,,,
PHIG:7723,G5EHQ6,,318829,Magnaporthe oryzae,242507,KJ201,strain,Htr2delta (deletion),,,4530,Oryza sativa,,cv. Nakdong,none,,PHIPO:0001104,,,Quantitative PCR,interspecies interaction,33203871,,,,
PHIG:7723,G5EHQ6,,318829,Magnaporthe oryzae,242507,KJ201,strain,Htr2delta (deletion),,,4530,Oryza sativa,,cv. Nakdong,none,,PHIPO:0001104,,,Quantitative PCR,interspecies interaction,33203871,,,,
PHIG:7724,Q2KEJ2,,318829,Magnaporthe oryzae,242507,KJ201,strain,"HTR1deltasp(signal peptides deleted, overexpression) (partial amino acid deletion) [Ectopic]",,,4530,Oryza sativa,,cv. Nakdong,none,,PHIPO:0001174,,,Transcript expression level evidence,interspecies interaction,33203871,,,,
PHIG:7723,G5EHQ6,,318829,Magnaporthe oryzae,242507,KJ201,strain,"HTR2deltasp(signal peptides deleted, overexpression) (partial amino acid deletion) [Ectopic]",,,4530,Oryza sativa,,cv. Nakdong,none,,PHIPO:0001174,,,Transcript expression level evidence,interspecies interaction,33203871,,,,
PHIG:7723,G5EHQ6,,318829,Magnaporthe oryzae,242507,KJ201,strain,"HTR2deltasp(signal peptides deleted, overexpression) (partial amino acid deletion) [Ectopic]",,,4530,Oryza sativa,,cv. Nakdong,none,,PHIPO:0001174,,,Transcript expression level evidence,interspecies interaction,33203871,,,,
PHIG:7724,Q2KEJ2,,318829,Magnaporthe oryzae,242507,KJ201,strain,"HTR1deltasp(signal peptides deleted, overexpression) (partial amino acid deletion) [Ectopic]",,,4530,Oryza sativa,,cv. Nakdong,none,,PHIPO:0001144,,,Quantitative PCR,interspecies interaction,33203871,,,,
PHIG:7723,G5EHQ6,,318829,Magnaporthe oryzae,242507,KJ201,strain,"HTR2deltasp(signal peptides deleted, overexpression) (partial amino acid deletion) [Ectopic]",,,4530,Oryza sativa,,cv. Nakdong,none,,PHIPO:0001144,,,Quantitative PCR,interspecies interaction,33203871,,,,
PHIG:7724,Q2KEJ2,,318829,Magnaporthe oryzae,242507,KJ201,strain,Htr1delta (deletion),,,4530,Oryza sativa,,cv. Nakdong,none,,PHIPO:0001285,,,Quantitative PCR,interspecies interaction,33203871,,,,
PHIG:7723,G5EHQ6,,318829,Magnaporthe oryzae,242507,KJ201,strain,Htr2delta (deletion),,,4530,Oryza sativa,,cv. Nakdong,none,,PHIPO:0001285,,,Quantitative PCR,interspecies interaction,33203871,,,,
PHIG:7724,Q2KEJ2,,318829,Magnaporthe oryzae,242507,KJ201,strain,Htr1+ (wild type) [Wild type product level],,,4530,Oryza sativa,,cv. Nakdong,none,,PHIPO:0000954,,BTO:0000713,Macroscopic observation (quantitative observation),interspecies interaction,33203871,,,,
PHIG:7723,G5EHQ6,,318829,Magnaporthe oryzae,242507,KJ201,strain,Htr2+ (wild type) [Wild type product level],,,4530,Oryza sativa,,cv. Nakdong,none,,PHIPO:0000954,,BTO:0000713,Macroscopic observation (quantitative observation),interspecies interaction,33203871,,,,
PHIG:7724,Q2KEJ2,,318829,Magnaporthe oryzae,242507,KJ201,strain,Htr1delta (deletion),,,4530,Oryza sativa,,cv. Nakdong,none,,PHIPO:0000365,,BTO:0000713,Macroscopic observation (quantitative observation),interspecies interaction,33203871,Reduced virulence,,,
PHIG:7723,G5EHQ6,,318829,Magnaporthe oryzae,242507,KJ201,strain,Htr2delta (deletion),,,4530,Oryza sativa,,cv. Nakdong,none,,PHIPO:0000365,,BTO:0000713,Macroscopic observation (quantitative observation),interspecies interaction,33203871,Reduced virulence,,,
PHIG:7724,Q2KEJ2,,318829,Magnaporthe oryzae,242507,KJ201,strain,Htr1delta (deletion),,,4513,Hordeum vulgare,,Unknown strain,none,,PHIPO:0000365,,BTO:0000713,Macroscopic observation (quantitative observation),interspecies interaction,33203871,Reduced virulence,,,
PHIG:7723,G5EHQ6,,318829,Magnaporthe oryzae,242507,KJ201,strain,Htr2delta (deletion),,,4513,Hordeum vulgare,,Unknown strain,none,,PHIPO:0000365,,BTO:0000713,Macroscopic observation (quantitative observation),interspecies interaction,33203871,Reduced virulence,,,
PHIG:7724,Q2KEJ2,,318829,Magnaporthe oryzae,242507,KJ201,strain,Htr1+ (wild type) [Wild type product level],,,4513,Hordeum vulgare,,Unknown strain,none,,PHIPO:0000480,,BTO:0000713,Macroscopic observation (quantitative observation),interspecies interaction,33203871,,,,
PHIG:7723,G5EHQ6,,318829,Magnaporthe oryzae,242507,KJ201,strain,Htr2+ (wild type) [Wild type product level],,,4513,Hordeum vulgare,,Unknown strain,none,,PHIPO:0000480,,BTO:0000713,Macroscopic observation (quantitative observation),interspecies interaction,33203871,,,,
PHIG:7724,Q2KEJ2,,318829,Magnaporthe oryzae,242507,KJ201,strain,"HTR1deltasp(signal peptides deleted, overexpression) (partial amino acid deletion) [Ectopic]",,,4530,Oryza sativa,,cv. Nakdong,none,,PHIPO:0000368,,BTO:0005094,Microscopy,interspecies interaction,33203871,Increased virulence,,,
PHIG:7723,G5EHQ6,,318829,Magnaporthe oryzae,242507,KJ201,strain,"HTR2deltasp(signal peptides deleted, overexpression) (partial amino acid deletion) [Ectopic]",,,4530,Oryza sativa,,cv. Nakdong,none,,PHIPO:0000368,,BTO:0005094,Microscopy,interspecies interaction,33203871,Increased virulence,,,
PHIG:7723,G5EHQ6,,318829,Magnaporthe oryzae,242507,KJ201,strain,Htr2deltasp(signal peptides deleted) (partial amino acid deletion) [Ectopic],Q6Z6L1,,4530,Oryza sativa,39947,cv. Nakdong,strain,HPL2 - promoter fragment 2(−745 to −707) (partial nucleotide deletion) [Not assayed],PHIPO:0001286,,,Reporter gene assay,interspecies interaction,33203871,,,,
PHIG:7723,G5EHQ6,,318829,Magnaporthe oryzae,242507,KJ201,strain,Htr2+ (wild type) [Wild type product level],,,4530,Oryza sativa,,cv. Nakdong,none,,PHIPO:0001231,,,Quantitative PCR,interspecies interaction,33203871,,,,
PHIG:7724,Q2KEJ2,,318829,Magnaporthe oryzae,242507,KJ201,strain,Htr1+ (wild type) [Wild type product level],,,4530,Oryza sativa,,cv. Nakdong,none,,PHIPO:0001235,,,Quantitative PCR,interspecies interaction,33203871,,,,
PHIG:7723,G5EHQ6,,318829,Magnaporthe oryzae,242507,KJ201,strain,Htr2+ (wild type) [Wild type product level],,,4530,Oryza sativa,,cv. Nakdong,none,,PHIPO:0001235,,,Quantitative PCR,interspecies interaction,33203871,,,,
PHIG:344,F9XHX3,,1047171,Zymoseptoria tritici,336722,IPO323,strain,1LysMdelta (deletion),A0A076VC28,,4565,Triticum aestivum,,cv. Riband,species,CEBip (VIGS)(silenced) (disruption) [Knockdown],PHIPO:0000954,,BTO:0000713,Macroscopic observation (qualitative observation),interspecies interaction,24073880,Unaffected pathogenicity,,,
PHIG:344,F9XHX3,,1047171,Zymoseptoria tritici,336722,IPO323,strain,1LysMdelta (deletion),A0A3B6RF20,,4565,Triticum aestivum,,cv. Riband,species,CERK1 (VIGS)(silenced) (disruption) [Knockdown],PHIPO:0000954,,BTO:0000713,Macroscopic observation (qualitative observation),interspecies interaction,24073880,Unaffected pathogenicity,,,
PHIG:344,F9XHX3,,1047171,Zymoseptoria tritici,336722,IPO323,strain,1LysMdelta (deletion),A0A076VC28,,4565,Triticum aestivum,,cv. Riband,species,CEBip (VIGS)(silenced) (disruption) [Knockdown],PHIPO:0001102,,BTO:0000713,Macroscopic observation (quantitative observation),interspecies interaction,24073880,Unaffected pathogenicity,,,
PHIG:344,F9XHX3,,1047171,Zymoseptoria tritici,336722,IPO323,strain,1LysMdelta (deletion),A0A3B6RF20,,4565,Triticum aestivum,,cv. Riband,species,CERK1 (VIGS)(silenced) (disruption) [Knockdown],PHIPO:0001102,,BTO:0000713,Macroscopic observation (quantitative observation),interspecies interaction,24073880,Unaffected pathogenicity,,,
PHIG:344,F9XHX3,,1047171,Zymoseptoria tritici,336722,IPO323,strain,1LysMdelta (deletion),A0A3B6RF20,,4565,Triticum aestivum,,cv. Riband,species,CERK1+ (wild type) [Wild type product level],PHIPO:0000954,,BTO:0000713,Macroscopic observation (qualitative observation),interspecies interaction,24073880,Unaffected pathogenicity,,,
PHIG:344,F9XHX3,,1047171,Zymoseptoria tritici,336722,IPO323,strain,1LysMdelta (deletion),A0A3B6RF20,,4565,Triticum aestivum,,cv. Riband,species,CERK1+ (wild type) [Wild type product level],PHIPO:0001102,,BTO:0000713,Macroscopic observation (quantitative observation),interspecies interaction,24073880,Unaffected pathogenicity,,,
PHIG:345,F9XMT4,,1047171,Zymoseptoria tritici,336722,IPO323,strain,3LysMdelta (deletion),A0A076VC28,,4565,Triticum aestivum,,cv. Riband,species,CEBip (VIGS)(silenced) (disruption) [Knockdown],PHIPO:0001244,,BTO:0000713,Macroscopic observation (quantitative observation),interspecies interaction,24073880,Increased virulence,,,
PHIG:345,F9XMT4,,1047171,Zymoseptoria tritici,336722,IPO323,strain,3LysMdelta (deletion),A0A3B6RF20,,4565,Triticum aestivum,,cv. Riband,species,CERK1 (VIGS)(silenced) (disruption) [Knockdown],PHIPO:0001244,,BTO:0000713,Macroscopic observation (quantitative observation),interspecies interaction,24073880,Increased virulence,,,
PHIG:344,F9XHX3,,1047171,Zymoseptoria tritici,336722,IPO323,strain,1LysM+ (wild type) [Wild type product level],A0A3B6RF20,,4565,Triticum aestivum,,cv. Riband,species,CERK1+ (wild type) [Wild type product level],PHIPO:0000954,,BTO:0000713,Macroscopic observation (qualitative observation),interspecies interaction,24073880,,,,
PHIG:345,F9XMT4,,1047171,Zymoseptoria tritici,336722,IPO323,strain,3LysM+ (wild type) [Wild type product level],A0A3B6RF20,,4565,Triticum aestivum,,cv. Riband,species,CERK1+ (wild type) [Wild type product level],PHIPO:0000951,,BTO:0000713,Macroscopic observation (qualitative observation),interspecies interaction,24073880,,,,
PHIG:344,F9XHX3,,1047171,Zymoseptoria tritici,336722,IPO323,strain,1LysM+ (wild type) [Wild type product level],A0A076VC28,,4565,Triticum aestivum,,cv. Riband,species,CEBiP+ (wild type) [Wild type product level],PHIPO:0000954,,BTO:0000713,Macroscopic observation (qualitative observation),interspecies interaction,24073880,,,,
PHIG:345,F9XMT4,,1047171,Zymoseptoria tritici,336722,IPO323,strain,3LysM+ (wild type) [Wild type product level],A0A076VC28,,4565,Triticum aestivum,,cv. Riband,species,CEBiP+ (wild type) [Wild type product level],PHIPO:0000954,,BTO:0000713,Macroscopic observation (qualitative observation),interspecies interaction,24073880,,,,
PHIG:344,F9XHX3,,1047171,Zymoseptoria tritici,336722,IPO323,strain,1LysM+ (wild type) [Wild type product level],,,4565,Triticum aestivum,,cv. Riband,none,,,PHIDO:0000329,,,interspecies interaction,24073880,,,,
PHIG:344,F9XHX3,,1047171,Zymoseptoria tritici,336722,IPO323,strain,1LysM+ (wild type) [Wild type product level],A0A3B6RF20,,4565,Triticum aestivum,,cv. Riband,species,CERK1+ (wild type) [Wild type product level],PHIPO:0001102,,BTO:0000713,Macroscopic observation (qualitative observation),interspecies interaction,24073880,,,,
PHIG:345,F9XMT4,,1047171,Zymoseptoria tritici,336722,IPO323,strain,3LysM+ (wild type) [Wild type product level],A0A3B6RF20,,4565,Triticum aestivum,,cv. Riband,species,CERK1+ (wild type) [Wild type product level],PHIPO:0001102,,BTO:0000713,Macroscopic observation (qualitative observation),interspecies interaction,24073880,,,,
PHIG:344,F9XHX3,,1047171,Zymoseptoria tritici,336722,IPO323,strain,1LysM+ (wild type) [Wild type product level],A0A076VC28,,4565,Triticum aestivum,,cv. Riband,species,CEBiP+ (wild type) [Wild type product level],PHIPO:0001102,,BTO:0000713,Macroscopic observation (qualitative observation),interspecies interaction,24073880,,,,
PHIG:345,F9XMT4,,1047171,Zymoseptoria tritici,336722,IPO323,strain,3LysM+ (wild type) [Wild type product level],A0A076VC28,,4565,Triticum aestivum,,cv. Riband,species,CEBiP+ (wild type) [Wild type product level],PHIPO:0001102,,BTO:0000713,Macroscopic observation (qualitative observation),interspecies interaction,24073880,,,,
PHIG:344,F9XHX3,,1047171,Zymoseptoria tritici,336722,IPO323,strain,1LysM+ (wild type) [Wild type product level],A0A3B6RF20,,4565,Triticum aestivum,,cv. Cadenza,species,CERK1+ (wild type) [Wild type product level],PHIPO:0000481,,BTO:0000713,Macroscopic observation (qualitative observation),interspecies interaction,24073880,,,,
PHIG:345,F9XMT4,,1047171,Zymoseptoria tritici,336722,IPO323,strain,3LysM+ (wild type) [Wild type product level],A0A3B6RF20,,4565,Triticum aestivum,,cv. Cadenza,species,CERK1+ (wild type) [Wild type product level],PHIPO:0000481,,BTO:0000713,Macroscopic observation (qualitative observation),interspecies interaction,24073880,,,,
PHIG:344,F9XHX3,,1047171,Zymoseptoria tritici,336722,IPO323,strain,1LysM+ (wild type) [Wild type product level],A0A076VC28,,4565,Triticum aestivum,,cv. Cadenza,species,CEBiP+ (wild type) [Wild type product level],PHIPO:0000481,,BTO:0000713,Macroscopic observation (qualitative observation),interspecies interaction,24073880,,,,
PHIG:345,F9XMT4,,1047171,Zymoseptoria tritici,336722,IPO323,strain,3LysM+ (wild type) [Wild type product level],A0A076VC28,,4565,Triticum aestivum,,cv. Cadenza,species,CEBiP+ (wild type) [Wild type product level],PHIPO:0000481,,BTO:0000713,Macroscopic observation (qualitative observation),interspecies interaction,24073880,,,,
PHIG:344,F9XHX3,,1047171,Zymoseptoria tritici,336722,IPO323,strain,1LysM+ (wild type) [Wild type product level],A0A3B6RF20,,4565,Triticum aestivum,,cv. Cadenza,species,CERK1+ (wild type) [Wild type product level],PHIPO:0001101,,BTO:0000713,Macroscopic observation (qualitative observation),interspecies interaction,24073880,,,,
PHIG:345,F9XMT4,,1047171,Zymoseptoria tritici,336722,IPO323,strain,3LysM+ (wild type) [Wild type product level],A0A3B6RF20,,4565,Triticum aestivum,,cv. Cadenza,species,CERK1+ (wild type) [Wild type product level],PHIPO:0001101,,BTO:0000713,Macroscopic observation (qualitative observation),interspecies interaction,24073880,,,,
PHIG:344,F9XHX3,,1047171,Zymoseptoria tritici,336722,IPO323,strain,1LysM+ (wild type) [Wild type product level],A0A076VC28,,4565,Triticum aestivum,,cv. Cadenza,species,CEBiP+ (wild type) [Wild type product level],PHIPO:0001101,,BTO:0000713,Macroscopic observation (qualitative observation),interspecies interaction,24073880,,,,
PHIG:345,F9XMT4,,1047171,Zymoseptoria tritici,336722,IPO323,strain,3LysM+ (wild type) [Wild type product level],A0A076VC28,,4565,Triticum aestivum,,cv. Cadenza,species,CEBiP+ (wild type) [Wild type product level],PHIPO:0001101,,BTO:0000713,Macroscopic observation (qualitative observation),interspecies interaction,24073880,,,,
PHIG:344,F9XHX3,,1047171,Zymoseptoria tritici,336722,IPO323,strain,1LysMdelta (deletion),A0A076VC28,,4565,Triticum aestivum,,cv. Riband,species,CEBiP+ (wild type) [Wild type product level],PHIPO:0000480,,BTO:0000713,Macroscopic observation (qualitative observation),interspecies interaction,24073880,Unaffected pathogenicity,,,
PHIG:344,F9XHX3,,1047171,Zymoseptoria tritici,336722,IPO323,strain,1LysMdelta (deletion),A0A076VC28,,4565,Triticum aestivum,,cv. Riband,species,CEBiP+ (wild type) [Wild type product level],PHIPO:0001102,,BTO:0000713,Macroscopic observation (quantitative observation),interspecies interaction,24073880,Unaffected pathogenicity,,,
PHIG:345,F9XMT4,,1047171,Zymoseptoria tritici,336722,IPO323,strain,3LysMdelta (deletion),A0A3B6RF20,,4565,Triticum aestivum,,cv. Riband,species,CERK1 (VIGS)(silenced) (disruption) [Knockdown],PHIPO:0000954,,BTO:0000713,Macroscopic observation (qualitative observation),interspecies interaction,24073880,Increased virulence,,,
PHIG:345,F9XMT4,,1047171,Zymoseptoria tritici,336722,IPO323,strain,3LysMdelta (deletion),A0A076VC28,,4565,Triticum aestivum,,cv. Riband,species,CEBip (VIGS)(silenced) (disruption) [Knockdown],PHIPO:0000954,,BTO:0000713,Macroscopic observation (qualitative observation),interspecies interaction,24073880,Increased virulence,,,
,,,1047171,Zymoseptoria tritici,,IPO323,none,,A0A076VC28,,4565,Triticum aestivum,,cv. Riband,species,CEBip (VIGS)(silenced) (disruption) [Knockdown],PHIPO:0000954,,BTO:0000713,Macroscopic observation (qualitative observation),interspecies interaction,24073880,,,,
,,,1047171,Zymoseptoria tritici,,IPO323,none,,A0A3B6RF20,,4565,Triticum aestivum,,cv. Riband,species,CERK1 (VIGS)(silenced) (disruption) [Knockdown],PHIPO:0000954,,BTO:0000713,Macroscopic observation (qualitative observation),interspecies interaction,24073880,,,,
PHIG:345,F9XMT4,,1047171,Zymoseptoria tritici,336722,IPO323,strain,3LysM+ (wild type) [Wild type product level],,,4565,Triticum aestivum,,cv. Riband,none,,,PHIDO:0000329,,,interspecies interaction,24073880,,,,
PHIG:10354,X0JX14,,,Fusarium oxysporum,,Foc TR4,species,FoSSP71+ (wild type) [Ectopic],,,4100,Nicotiana benthamiana,,Unknown strain,none,,PHIPO:0000465,,,Macroscopic observation (qualitative observation),interspecies interaction,40130862,,,,
PHIG:10354,X0JX14,,,Fusarium oxysporum,,Foc TR4,species,FoSSP71-GFP transformant(GFP tag added) (transformant) [Ectopic],,,4100,Nicotiana benthamiana,,Unknown strain,none,,PHIPO:0001015,,,Macroscopic observation (qualitative observation),interspecies interaction,40130862,,,,
PHIG:10354,X0JX14,,,Fusarium oxysporum,,Foc TR4,species,FoSSP71+ (wild type) [Wild type product level],,,4641,Musa acuminata,,Unknown strain,none,,PHIPO:0000954,,BTO:0001461,Macroscopic observation (qualitative observation),interspecies interaction,40130862,,,,
PHIG:10354,X0JX14,,,Fusarium oxysporum,,Foc TR4,species,FoSSP71delta (deletion),,,4641,Musa acuminata,,Unknown strain,none,,PHIPO:0000365,,BTO:0001461,Macroscopic observation (qualitative observation),interspecies interaction,40130862,Reduced virulence,,,
PHIG:10354,X0JX14,,,Fusarium oxysporum,,Foc TR4,species,FoSSP71delta-FoSSP71 transformant(complement by re-introducing the wild-type allele at an ectopic locus) (transformant) [Ectopic],,,4641,Musa acuminata,,Unknown strain,none,,PHIPO:0000954,,BTO:0001461,Macroscopic observation (qualitative observation),interspecies interaction,40130862,Unaffected pathogenicity,,,
PHIG:10354,X0JX14,,,Fusarium oxysporum,,Foc TR4,species,FoSSP71+ (wild type) [Wild type product level],,,4641,Musa acuminata,,Unknown strain,none,,,PHIDO:0000164,,,interspecies interaction,40130862,,,,
PHIG:10354,X0JX14,,,Fusarium oxysporum,,Foc TR4,species,FoSSP71-GFP transformant(GFP tag added) (transformant) [Ectopic],,,4100,Nicotiana benthamiana,,Unknown strain,none,,PHIPO:0001192,,,Macroscopic observation (qualitative observation),interspecies interaction,40130862,,,,
PHIG:10608,A0A384JTK5,,40559,Botrytis cinerea,332648,,strain,,E0X584,,4100,Nicotiana benthamiana,,,species,,,,,Two-hybrid,protein-protein interaction,41470072,,,,
PHIG:10608,A0A384JTK5,,40559,Botrytis cinerea,332648,B05.10,strain,GH61delta (deletion),,,3885,Phaseolus vulgaris,,N9059,none,,PHIPO:0000985,,BTO:0000713,Macroscopic observation (quantitative observation),interspecies interaction,41470072,Reduced virulence,,,
PHIG:10608,A0A384JTK5,,40559,Botrytis cinerea,332648,B05.10,strain,GH61+ (wild type) [Wild type product level],,,3885,Phaseolus vulgaris,,N9059,none,,PHIPO:0000480,,BTO:0000713,Macroscopic observation (quantitative observation),interspecies interaction,41470072,,,,
PHIG:10608,A0A384JTK5,,40559,Botrytis cinerea,332648,B05.10,strain,GH61delta-GH61 transformant(complement by re-introducing the wild-type allele at an ectopic locus) (transformant) [Ectopic],,,3885,Phaseolus vulgaris,,N9059,none,,PHIPO:0000480,,BTO:0000713,Macroscopic observation (quantitative observation),interspecies interaction,41470072,Unaffected pathogenicity,,,
PHIG:10608,A0A384JTK5,,40559,Botrytis cinerea,332648,B05.10,strain,GH61 transformant(overexpression) (transformant) [Overexpression],,,4100,Nicotiana benthamiana,,Unknown strain,none,,PHIPO:0000477,,BTO:0000713,Macroscopic observation (qualitative observation),interspecies interaction,41470072,,,,
PHIG:10608,A0A384JTK5,,40559,Botrytis cinerea,332648,B05.10,strain,GH61 transformant(overexpression) (transformant) [Overexpression],E0X584,,4100,Nicotiana benthamiana,,Unknown strain,species,HrBP1 (disruption) [Knockdown],PHIPO:0000477,,BTO:0000713,Macroscopic observation (qualitative observation),interspecies interaction,41470072,Unaffected pathogenicity,,,
,,,40559,Botrytis cinerea,,B05.10,none,,E0X584,,4100,Nicotiana benthamiana,,Unknown strain,species,HBP1 transformant(overexpression) (transformant) [Overexpression],PHIPO:0000985,,BTO:0000713,Macroscopic observation (qualitative observation),interspecies interaction,41470072,,,,
PHIG:10608,A0A384JTK5,,40559,Botrytis cinerea,332648,B05.10,strain,GH61-GFP transformant(overexpression GFP fusion protein) (transformant) [Ectopic],,,4100,Nicotiana benthamiana,,Unknown strain,none,,PHIPO:0000477,,BTO:0000713,Macroscopic observation (quantitative observation),interspecies interaction,41470072,Increased virulence,,,
PHIG:10608,A0A384JTK5,,40559,Botrytis cinerea,332648,B05.10,strain,GH61-GFP-deltaSP transformant(Overexpression GFP fusion. Signal peptides deleted) (transformant) [Ectopic],,,4100,Nicotiana benthamiana,,Unknown strain,none,,PHIPO:0000465,,BTO:0000713,Macroscopic observation (quantitative observation),interspecies interaction,41470072,Unaffected pathogenicity,,,
PHIG:10608,A0A384JTK5,,40559,Botrytis cinerea,332648,B05.10,strain,"GH61-GFP transformant(C73A, C195A) (amino acid mutation) [Ectopic]",,,4100,Nicotiana benthamiana,,Unknown strain,none,,PHIPO:0000477,,BTO:0000713,Macroscopic observation (quantitative observation),interspecies interaction,41470072,Increased virulence,,,
PHIG:10608,A0A384JTK5,,40559,Botrytis cinerea,332648,B05.10,strain,GH61-GFP transformant(H19A) (amino acid mutation) [Ectopic],,,4100,Nicotiana benthamiana,,Unknown strain,none,,PHIPO:0000477,,BTO:0000713,Macroscopic observation (quantitative observation),interspecies interaction,41470072,Increased virulence,,,
PHIG:10608,A0A384JTK5,,40559,Botrytis cinerea,332648,B05.10,strain,"GH61-GFP transformant(H181A, Q190A, Y192A) (amino acid mutation) [Ectopic]",,,4100,Nicotiana benthamiana,,Unknown strain,none,,PHIPO:0000477,,BTO:0000713,Macroscopic observation (qualitative observation),interspecies interaction,41470072,Increased virulence,,,
PHIG:10608,A0A384JTK5,,40559,Botrytis cinerea,332648,B05.10,strain,"GH61-GFP transformant(H19A, H181A, Q190A, Y192A) (amino acid mutation) [Ectopic]",,,4100,Nicotiana benthamiana,,Unknown strain,none,,PHIPO:0000477,,BTO:0000713,Macroscopic observation (quantitative observation),interspecies interaction,41470072,Unaffected pathogenicity,,,
PHIG:10608,A0A384JTK5,,40559,Botrytis cinerea,332648,B05.10,strain,GH61 transformant(overexpression) (transformant) [Overexpression],,,4100,Nicotiana benthamiana,,Unknown strain,none,,PHIPO:0000985,,BTO:0000713,Macroscopic observation (qualitative observation),interspecies interaction,41470072,,,,
PHIG:10608,A0A384JTK5,,40559,Botrytis cinerea,332648,B05.10,strain,GH61-deltaSP transformant(Overexpression. Signal peptides deleted) (transformant) [Ectopic],,,4100,Nicotiana benthamiana,,Unknown strain,none,,PHIPO:0000985,,BTO:0000713,Macroscopic observation (qualitative observation),interspecies interaction,41470072,,,,
PHIG:10608,A0A384JTK5,,40559,Botrytis cinerea,332648,B05.10,strain,GH61+ (wild type) [Wild type product level],,,3885,Phaseolus vulgaris,,N9059,none,,,PHIDO:0000178,,,interspecies interaction,41470072,,,,
PHIG:10415,A0A1C3YKG1,,5518,Fusarium graminearum,229533,PH-1,strain,FgEC10 (wild type) [Wild type product level],,,4565,Triticum aestivum,,JiMai22,none,,PHIPO:0000951,,BTO:0001278,Macroscopic observation (quantitative observation),interspecies interaction,40593615,,,,
PHIG:10415,A0A1C3YKG1,,5518,Fusarium graminearum,229533,PH-1,strain,FgEC10delta (deletion),,,4565,Triticum aestivum,,JiMai22,none,,PHIPO:0000365,,BTO:0001278,Macroscopic observation (quantitative observation),interspecies interaction,40593615,Reduced virulence,,,
PHIG:10415,A0A1C3YKG1,,5518,Fusarium graminearum,229533,PH-1,strain,FgEC10delta-FgEC10 transformant(complement by re-introducing the wild-type allele at an ectopic locus) (transformant) [Ectopic],,,4565,Triticum aestivum,,JiMai22,none,,PHIPO:0000951,,BTO:0001278,Macroscopic observation (quantitative observation),interspecies interaction,40593615,Unaffected pathogenicity,,,
PHIG:10415,A0A1C3YKG1,,5518,Fusarium graminearum,229533,PH-1,strain,FgEC10-GFP transformant(GFP tag added) (transformant) [Ectopic],,,4100,Nicotiana benthamiana,,Unknown strain,none,,PHIPO:0001015,,BTO:0000713,Macroscopic observation (quantitative observation),interspecies interaction,40593615,,,,
PHIG:10415,A0A1C3YKG1,,5518,Fusarium graminearum,229533,PH-1,strain,FgEC10-GFP transformant(GFP tag added) (transformant) [Ectopic],,,4100,Nicotiana benthamiana,,Unknown strain,none,,PHIPO:0001015,,BTO:0000713,Macroscopic observation (quantitative observation),interspecies interaction,40593615,,,,
PHIG:10415,A0A1C3YKG1,,5518,Fusarium graminearum,229533,PH-1,strain,FgEC10-GFP transformant(GFP tag added) (transformant) [Ectopic],,,4100,Nicotiana benthamiana,,Unknown strain,none,,PHIPO:0001192,,BTO:0000713,Macroscopic observation (quantitative observation),interspecies interaction,40593615,,,,
PHIG:10415,A0A1C3YKG1,,5518,Fusarium graminearum,229533,PH-1,strain,FgEC10-GFP transformant(GFP tag added) (transformant) [Ectopic],,,4100,Nicotiana benthamiana,,Unknown strain,none,,PHIPO:0001192,,BTO:0000713,Macroscopic observation (quantitative observation),interspecies interaction,40593615,,,,
PHIG:10415,A0A1C3YKG1,,5518,Fusarium graminearum,229533,PH-1,strain,FgEC10 (wild type) [Wild type product level],,,4565,Triticum aestivum,,JiMai22,none,,,PHIDO:0000162,,,interspecies interaction,40593615,,,,
PHIG:10415,A0A1C3YKG1,,5518,Fusarium graminearum,229533,,strain,,A0A3B6NP66,,4565,Triticum aestivum,,,species,,,,,Two-hybrid,protein-protein interaction,40593615,,,,
PHIG:10415,A0A1C3YKG1,,5518,Fusarium graminearum,229533,,strain,,A0A3B6NP66,,4565,Triticum aestivum,,,species,,,,,Affinity Capture-Western,protein-protein interaction,40593615,,,,
PHIG:10499,A0A3B6N2H4,,4565,Triticum aestivum,,,species,,A0A3B6NP66,,4565,Triticum aestivum,,,species,,,,,Affinity Capture-Western,protein-protein interaction,40593615,,,,
PHIG:10415,A0A1C3YKG1,,5518,Fusarium graminearum,229533,PH-1,strain,FgEC10 (wild type) [Wild type product level],,,4565,Triticum aestivum,,cv. Fielder,none,,PHIPO:0000951,,BTO:0001278,Macroscopic observation (quantitative observation),interspecies interaction,40593615,,,,
PHIG:10415,A0A1C3YKG1,,5518,Fusarium graminearum,229533,PH-1,strain,FgEC10 (wild type) [Wild type product level],A0A3B6NP66,,4565,Triticum aestivum,,cv. Fielder,species,TaFAH(Ubi promoter) (other) [Overexpression],PHIPO:0000365,,BTO:0001278,Macroscopic observation (quantitative observation),interspecies interaction,40593615,,,,
PHIG:10415,A0A1C3YKG1,,5518,Fusarium graminearum,229533,PH-1,strain,FgEC10 (wild type) [Wild type product level],A0A3B6NP66,,4565,Triticum aestivum,,cv. Fielder,species,TaFAH-RNAi (disruption) [Knockdown],PHIPO:0000368,,BTO:0002119,Macroscopic observation (quantitative observation),interspecies interaction,40593615,,,,
PHIG:10415,A0A1C3YKG1,,5518,Fusarium graminearum,229533,PH-1,strain,FgEC10 (wild type) [Wild type product level],,,4565,Triticum aestivum,,cv. Fielder,none,,PHIPO:0000233,,BTO:0002119,Substance quantification evidence,interspecies interaction,40593615,,,,
PHIG:10415,A0A1C3YKG1,,5518,Fusarium graminearum,229533,PH-1,strain,FgEC10 (wild type) [Wild type product level],A0A3B6NP66,,4565,Triticum aestivum,,cv. Fielder,species,TaFAH-RNAi (disruption) [Knockdown],PHIPO:0000232,,BTO:0002119,Substance quantification evidence,interspecies interaction,40593615,,,,
PHIG:10415,A0A1C3YKG1,,5518,Fusarium graminearum,229533,PH-1,strain,FgEC10 (wild type) [Wild type product level],A0A3B6NP66,,4565,Triticum aestivum,,cv. Fielder,species,TaFAH(Ubi promoter) (other) [Overexpression],PHIPO:0000219,,BTO:0002119,Substance quantification evidence,interspecies interaction,40593615,,,,
PHIG:356,D0NKT5,,4787,Phytophthora infestans,403677,Unknown strain,strain,INF1+ (wild type) [Not assayed],,,4100,Nicotiana benthamiana,,Unknown strain,none,,PHIPO:0000192,,BTO:0000713,Macroscopic observation (qualitative observation),interspecies interaction,16965554,,,,
PHIG:357,D0NPN8,,4787,Phytophthora infestans,403677,Unknown strain,strain,AVR3aKIdeltaSP(1-22) (partial amino acid deletion) [Not assayed],,,4100,Nicotiana benthamiana,,Unknown strain,none,,PHIPO:0000182,,BTO:0000713,Macroscopic observation (qualitative observation),interspecies interaction,16965554,,,,
PHIG:357,D0NPN8,,4787,Phytophthora infestans,403677,Unknown strain,strain,AVR3aEMdeltaSP(1-22) (partial amino acid deletion) [Not assayed],,,4100,Nicotiana benthamiana,,Unknown strain,none,,PHIPO:0000192,,BTO:0000713,Macroscopic observation (qualitative observation),interspecies interaction,16965554,Unaffected pathogenicity,,,
PHIG:357,D0NPN8,,4787,Phytophthora infestans,403677,Unknown strain,strain,AVR3aKIdeltaSP(1-22) (partial amino acid deletion) [Not assayed],Q5I6L8,,4113,Solanum tuberosum,,Unknown strain,species,R3a+ (wild type) [Not assayed],PHIPO:0000192,,BTO:0000713,Macroscopic observation (qualitative observation),gene-for-gene interaction,16965554,,,,
PHIG:357,D0NPN8,,4787,Phytophthora infestans,403677,Unknown strain,strain,AVR3aKIdeltaSP(1-22) (partial amino acid deletion) [Not assayed],Q5I6L6,,4113,Solanum tuberosum,,Unknown strain,species,R3-3+ (wild type) [Not assayed],PHIPO:0000182,,BTO:0000713,Macroscopic observation (qualitative observation),gene-for-gene interaction,16965554,,,,
PHIG:357,D0NPN8,,4787,Phytophthora infestans,403677,Unknown strain,strain,AVR3aKIdeltaSP(1-22) (partial amino acid deletion) [Not assayed],Q5I6L5,,4113,Solanum tuberosum,,Unknown strain,species,R3-4+ (wild type) [Not assayed],PHIPO:0000182,,BTO:0000713,Macroscopic observation (qualitative observation),gene-for-gene interaction,16965554,,,,
PHIG:357,D0NPN8,,4787,Phytophthora infestans,403677,Unknown strain,strain,AVR3aKIdeltaSP(1-22) (partial amino acid deletion) [Not assayed],Q5I6L7,,4113,Solanum tuberosum,,Unknown strain,species,R3-1+ (wild type) [Not assayed],PHIPO:0000182,,BTO:0000713,Macroscopic observation (qualitative observation),gene-for-gene interaction,16965554,,,,
PHIG:357,D0NPN8,,4787,Phytophthora infestans,403677,Unknown strain,strain,AVR3aEMdeltaSP(1-22) (partial amino acid deletion) [Not assayed],Q5I6L7,,4113,Solanum tuberosum,,Unknown strain,species,R3-1+ (wild type) [Not assayed],PHIPO:0000182,,BTO:0000713,Macroscopic observation (qualitative observation),gene-for-gene interaction,16965554,,,,
PHIG:357,D0NPN8,,4787,Phytophthora infestans,403677,Unknown strain,strain,AVR3aEMdeltaSP(1-22) (partial amino acid deletion) [Not assayed],Q5I6L5,,4113,Solanum tuberosum,,Unknown strain,species,R3-4+ (wild type) [Not assayed],PHIPO:0000182,,BTO:0000713,Macroscopic observation (qualitative observation),gene-for-gene interaction,16965554,,,,
PHIG:357,D0NPN8,,4787,Phytophthora infestans,403677,Unknown strain,strain,AVR3aEMdeltaSP(1-22) (partial amino acid deletion) [Not assayed],Q5I6L6,,4113,Solanum tuberosum,,Unknown strain,species,R3-3+ (wild type) [Not assayed],PHIPO:0000182,,BTO:0000713,Macroscopic observation (qualitative observation),gene-for-gene interaction,16965554,,,,
PHIG:357,D0NPN8,,4787,Phytophthora infestans,403677,Unknown strain,strain,AVR3aEMdeltaSP(1-22) (partial amino acid deletion) [Not assayed],Q5I6L8,,4113,Solanum tuberosum,,Unknown strain,species,R3a+ (wild type) [Not assayed],PHIPO:0000182,,BTO:0000713,Macroscopic observation (qualitative observation),gene-for-gene interaction,16965554,,,,
PHIG:357,D0NPN8,,4787,Phytophthora infestans,403677,Unknown strain,strain,AVR3aEMdeltaSP(1-22) (partial amino acid deletion) [Not assayed],Q5I6L8,,4113,Solanum tuberosum,,Unknown strain,species,R3a+ (wild type) [Not assayed],PHIPO:0001230,,BTO:0000713,Microscopy,gene-for-gene interaction,16965554,,,,
PHIG:357,D0NPN8,,4787,Phytophthora infestans,403677,Unknown strain,strain,AVR3aKIdeltaSP(1-22) (partial amino acid deletion) [Not assayed],Q5I6L8,,4113,Solanum tuberosum,,Unknown strain,species,R3a+ (wild type) [Not assayed],PHIPO:0001230,,BTO:0000713,Microscopy,gene-for-gene interaction,16965554,,,,
PHIG:357,D0NPN8,,4787,Phytophthora infestans,403677,Unknown strain,strain,AVR3aKIdeltaSP(1-22) (partial amino acid deletion) [Not assayed],Q5I6L8,,4113,Solanum tuberosum,,Unknown strain,species,R3a+ (SGT1-silenced tobacco) (wild type) [Not assayed],PHIPO:0001204,,BTO:0000713,Macroscopic observation (qualitative observation),gene-for-gene interaction,16965554,,,,
PHIG:357,D0NPN8,,4787,Phytophthora infestans,403677,Unknown strain,strain,AVR3aKIdeltaSP(1-22) (partial amino acid deletion) [Not assayed],Q5I6L8,,4113,Solanum tuberosum,,Unknown strain,species,R3a+ (HSP90-silenced tobacco) (wild type) [Not assayed],PHIPO:0001204,,BTO:0000713,Macroscopic observation (qualitative observation),gene-for-gene interaction,16965554,,,,
PHIG:357,D0NPN8,,4787,Phytophthora infestans,403677,Unknown strain,strain,AVR3aEMdeltaSP(1-22) (partial amino acid deletion) [Not assayed],Q5I6L8,,4113,Solanum tuberosum,,Unknown strain,species,R3a+ (SGT1-silenced tobacco) (wild type) [Not assayed],PHIPO:0000182,,BTO:0000713,Macroscopic observation (qualitative observation),gene-for-gene interaction,16965554,,,,
PHIG:357,D0NPN8,,4787,Phytophthora infestans,403677,Unknown strain,strain,AVR3aEMdeltaSP(1-22) (partial amino acid deletion) [Not assayed],Q5I6L8,,4113,Solanum tuberosum,,Unknown strain,species,R3a+ (HSP90-silenced tobacco) (wild type) [Not assayed],PHIPO:0000182,,BTO:0000713,Macroscopic observation (qualitative observation),gene-for-gene interaction,16965554,,,,
PHIG:357,D0NPN8,,4787,Phytophthora infestans,403677,Unknown strain,strain,Avr3aKI+ (wild type) [Not assayed],Q5I6L8,,4113,Solanum tuberosum,,Unknown strain,species,R3a+ (wild type) [Not assayed],PHIPO:0000192,,BTO:0000713,Macroscopic observation (qualitative observation),gene-for-gene interaction,16965554,,,,
PHIG:357,D0NPN8,,4787,Phytophthora infestans,403677,Unknown strain,strain,Avr3aKI AXAA(RXLR to AXAA) (amino acid mutation) [Not assayed],Q5I6L8,,4113,Solanum tuberosum,,Unknown strain,species,R3a+ (wild type) [Not assayed],PHIPO:0000192,,BTO:0000713,Macroscopic observation (qualitative observation),gene-for-gene interaction,16965554,,,,
PHIG:357,D0NPN8,,4787,Phytophthora infestans,403677,Unknown strain,strain,AVR3aKIdeltaSP(1-22) (partial amino acid deletion) [Not assayed],Q5I6L8,,4113,Solanum tuberosum,,Unknown strain,species,R3a+ (wild type) [Not assayed],PHIPO:0000192,,BTO:0000713,Macroscopic observation (qualitative observation),gene-for-gene interaction,16965554,,,,
PHIG:357,D0NPN8,,4787,Phytophthora infestans,403677,Unknown strain,strain,AVR3aKIdelta1-59(1-59) (partial amino acid deletion) [Not assayed],Q5I6L8,,4113,Solanum tuberosum,,Unknown strain,species,R3a+ (wild type) [Not assayed],PHIPO:0000192,,BTO:0000713,Macroscopic observation (qualitative observation),gene-for-gene interaction,16965554,,,,
PHIG:357,D0NPN8,,4787,Phytophthora infestans,403677,Unknown strain,strain,AVR3aKIdelta1-72(1-72) (partial amino acid deletion) [Not assayed],Q5I6L8,,4113,Solanum tuberosum,,Unknown strain,species,R3a+ (wild type) [Not assayed],PHIPO:0000192,,BTO:0000713,Macroscopic observation (qualitative observation),gene-for-gene interaction,16965554,,,,
PHIG:357,D0NPN8,,4787,Phytophthora infestans,403677,Unknown strain,strain,AVR3aKIdelta1-86(1-86) (partial amino acid deletion) [Not assayed],Q5I6L8,,4113,Solanum tuberosum,,Unknown strain,species,R3a+ (wild type) [Not assayed],PHIPO:0000182,,BTO:0000713,Macroscopic observation (qualitative observation),gene-for-gene interaction,16965554,,,,
PHIG:357,D0NPN8,,4787,Phytophthora infestans,403677,Unknown strain,strain,"AVR3aKIdelta1-59,132-147(1-59,132-147) (partial amino acid deletion) [Not assayed]",Q5I6L8,,4113,Solanum tuberosum,,Unknown strain,species,R3a+ (wild type) [Not assayed],PHIPO:0000182,,BTO:0000713,Macroscopic observation (qualitative observation),gene-for-gene interaction,16965554,,,,
PHIG:357,D0NPN8,,4787,Phytophthora infestans,403677,Unknown strain,strain,"AVR3aKIdelta1-72,132-147(1-72,132-147) (partial amino acid deletion) [Not assayed]",Q5I6L8,,4113,Solanum tuberosum,,Unknown strain,species,R3a+ (wild type) [Not assayed],PHIPO:0000182,,BTO:0000713,Macroscopic observation (qualitative observation),gene-for-gene interaction,16965554,,,,
PHIG:357,D0NPN8,,4787,Phytophthora infestans,403677,Unknown strain,strain,Avr3aKI+ (wild type) [Not assayed],,,4100,Nicotiana benthamiana,,Unknown strain,none,,PHIPO:0000192,,BTO:0000713,Macroscopic observation (qualitative observation),interspecies interaction,16965554,,,,
PHIG:357,D0NPN8,,4787,Phytophthora infestans,403677,Unknown strain,strain,Avr3aKI AXAA(RXLR to AXAA) (amino acid mutation) [Not assayed],,,4100,Nicotiana benthamiana,,Unknown strain,none,,PHIPO:0000192,,BTO:0000713,Macroscopic observation (qualitative observation),interspecies interaction,16965554,Unaffected pathogenicity,,,
PHIG:357,D0NPN8,,4787,Phytophthora infestans,403677,Unknown strain,strain,AVR3aKIdeltaSP(1-22) (partial amino acid deletion) [Not assayed],,,4100,Nicotiana benthamiana,,Unknown strain,none,,PHIPO:0000182,,BTO:0000713,Macroscopic observation (qualitative observation),interspecies interaction,16965554,,,,
PHIG:357,D0NPN8,,4787,Phytophthora infestans,403677,Unknown strain,strain,AVR3aKIdelta1-59(1-59) (partial amino acid deletion) [Not assayed],,,4100,Nicotiana benthamiana,,Unknown strain,none,,PHIPO:0000182,,BTO:0000713,Macroscopic observation (qualitative observation),interspecies interaction,16965554,,,,
PHIG:357,D0NPN8,,4787,Phytophthora infestans,403677,Unknown strain,strain,AVR3aKIdelta1-72(1-72) (partial amino acid deletion) [Not assayed],,,4100,Nicotiana benthamiana,,Unknown strain,none,,PHIPO:0000182,,BTO:0000713,Macroscopic observation (qualitative observation),interspecies interaction,16965554,,,,
PHIG:357,D0NPN8,,4787,Phytophthora infestans,403677,Unknown strain,strain,AVR3aKIdelta1-86(1-86) (partial amino acid deletion) [Not assayed],,,4100,Nicotiana benthamiana,,Unknown strain,none,,PHIPO:0000192,,BTO:0000713,Macroscopic observation (qualitative observation),interspecies interaction,16965554,Unaffected pathogenicity,,,
PHIG:357,D0NPN8,,4787,Phytophthora infestans,403677,Unknown strain,strain,"AVR3aKIdelta1-59,132-147(1-59,132-147) (partial amino acid deletion) [Not assayed]",,,4100,Nicotiana benthamiana,,Unknown strain,none,,PHIPO:0000192,,BTO:0000713,Macroscopic observation (qualitative observation),interspecies interaction,16965554,Unaffected pathogenicity,,,
PHIG:357,D0NPN8,,4787,Phytophthora infestans,403677,Unknown strain,strain,"AVR3aKIdelta1-72,132-147(1-72,132-147) (partial amino acid deletion) [Not assayed]",,,4100,Nicotiana benthamiana,,Unknown strain,none,,PHIPO:0000192,,BTO:0000713,Macroscopic observation (qualitative observation),interspecies interaction,16965554,Unaffected pathogenicity,,,
PHIG:357,D0NPN8,,4787,Phytophthora infestans,403677,Unknown strain,strain,"Avr3aKMdelta1-22(1-22, I103M) (amino acid deletion and mutation) [Not assayed]",Q5I6L8,,4113,Solanum tuberosum,,Unknown strain,species,R3a+ (wild type) [Not assayed],PHIPO:0000192,,BTO:0000713,Macroscopic observation (qualitative observation),gene-for-gene interaction,16965554,,,,
PHIG:357,D0NPN8,,4787,Phytophthora infestans,403677,Unknown strain,strain,AVR3aKIdeltaSP(1-22) (partial amino acid deletion) [Not assayed],Q5I6L8,,4113,Solanum tuberosum,,Unknown strain,species,R3a+ (wild type) [Not assayed],PHIPO:0000192,,BTO:0000713,Macroscopic observation (qualitative observation),gene-for-gene interaction,16965554,,,,
PHIG:357,D0NPN8,,4787,Phytophthora infestans,403677,Unknown strain,strain,AVR3aEMdeltaSP(1-22) (partial amino acid deletion) [Not assayed],Q5I6L8,,4113,Solanum tuberosum,,Unknown strain,species,R3a+ (wild type) [Not assayed],PHIPO:0000182,,BTO:0000713,Macroscopic observation (qualitative observation),gene-for-gene interaction,16965554,,,,
PHIG:357,D0NPN8,,4787,Phytophthora infestans,403677,Unknown strain,strain,"Avr3aEIdelta1-22(1-22, M103I) (amino acid deletion and mutation) [Not assayed]",Q5I6L8,,4113,Solanum tuberosum,,Unknown strain,species,R3a+ (wild type) [Not assayed],PHIPO:0000182,,BTO:0000713,Macroscopic observation (qualitative observation),gene-for-gene interaction,16965554,,,,
PHIG:357,D0NPN8,,4787,Phytophthora infestans,403677,Unknown strain,strain,"Avr3aKMdelta1-22(1-22, I103M) (amino acid deletion and mutation) [Not assayed]",,,4100,Nicotiana benthamiana,,Unknown strain,none,,PHIPO:0000192,,BTO:0000713,Macroscopic observation (qualitative observation),interspecies interaction,16965554,Loss of pathogenicity,,,
PHIG:357,D0NPN8,,4787,Phytophthora infestans,403677,Unknown strain,strain,"Avr3aEIdelta1-22(1-22, M103I) (amino acid deletion and mutation) [Not assayed]",,,4100,Nicotiana benthamiana,,Unknown strain,none,,PHIPO:0000192,,BTO:0000713,Macroscopic observation (qualitative observation),interspecies interaction,16965554,Unaffected pathogenicity,,,
PHIG:357,D0NPN8,,4787,Phytophthora infestans,403677,Unknown strain,strain,AVR3aEMdeltaSP(1-22) (partial amino acid deletion) [Not assayed],,,4100,Nicotiana benthamiana,,Unknown strain,none,,PHIPO:0000192,,BTO:0000713,Macroscopic observation (qualitative observation),interspecies interaction,16965554,,,,
PHIG:357,D0NPN8,,4787,Phytophthora infestans,403677,Unknown strain,strain,AVR3aKIdeltaSP(1-22) (partial amino acid deletion) [Not assayed],,,4100,Nicotiana benthamiana,,Unknown strain,none,,PHIPO:0000182,,BTO:0000713,Macroscopic observation (qualitative observation),interspecies interaction,16965554,,,,
PHIG:357,D0NPN8,,4787,Phytophthora infestans,403677,Unknown strain,strain,AVR3aKIdeltaSP(1-22) (partial amino acid deletion) [Not assayed],Q5I6L7,,4113,Solanum tuberosum,,Unknown strain,species,R3-1+ (wild type) [Not assayed],,PHIDO:0000206,,,interspecies interaction,16965554,,,,
PHIG:357,D0NPN8,,4787,Phytophthora infestans,403677,Unknown strain,strain,AVR3aKIdeltaSP(1-22) (partial amino acid deletion) [Not assayed],Q5I6L5,,4113,Solanum tuberosum,,Unknown strain,species,R3-4+ (wild type) [Not assayed],,PHIDO:0000206,,,interspecies interaction,16965554,,,,
PHIG:357,D0NPN8,,4787,Phytophthora infestans,403677,Unknown strain,strain,AVR3aKIdeltaSP(1-22) (partial amino acid deletion) [Not assayed],Q5I6L6,,4113,Solanum tuberosum,,Unknown strain,species,R3-3+ (wild type) [Not assayed],,PHIDO:0000206,,,interspecies interaction,16965554,,,,
PHIG:357,D0NPN8,,4787,Phytophthora infestans,403677,Unknown strain,strain,AVR3aEMdeltaSP(1-22) (partial amino acid deletion) [Not assayed],Q5I6L7,,4113,Solanum tuberosum,,Unknown strain,species,R3-1+ (wild type) [Not assayed],,PHIDO:0000206,,,interspecies interaction,16965554,,,,
PHIG:357,D0NPN8,,4787,Phytophthora infestans,403677,Unknown strain,strain,AVR3aEMdeltaSP(1-22) (partial amino acid deletion) [Not assayed],Q5I6L5,,4113,Solanum tuberosum,,Unknown strain,species,R3-4+ (wild type) [Not assayed],,PHIDO:0000206,,,interspecies interaction,16965554,,,,
PHIG:357,D0NPN8,,4787,Phytophthora infestans,403677,Unknown strain,strain,AVR3aEMdeltaSP(1-22) (partial amino acid deletion) [Not assayed],Q5I6L6,,4113,Solanum tuberosum,,Unknown strain,species,R3-3+ (wild type) [Not assayed],,PHIDO:0000206,,,interspecies interaction,16965554,,,,
PHIG:357,D0NPN8,,4787,Phytophthora infestans,403677,Unknown strain,strain,AVR3aEMdeltaSP(1-22) (partial amino acid deletion) [Not assayed],Q5I6L8,,4113,Solanum tuberosum,,Unknown strain,species,R3a+ (wild type) [Not assayed],,PHIDO:0000206,,,interspecies interaction,16965554,,,,
PHIG:11319,D0MXE4,,4787,Phytophthora infestans,403677,88069,strain,Pi02860-GFP transformant(GFP tag added) (transformant) [Overexpression],,,4100,Nicotiana benthamiana,,Unknown strain,none,,PHIPO:0001204,,BTO:0000713,Macroscopic observation (quantitative observation),interspecies interaction,26966171,,,,
PHIG:357,D0NPN8,,4787,Phytophthora infestans,403677,88069,strain,Avr3a-GFP transformant(GFP tag added) (transformant) [Overexpression],,,4100,Nicotiana benthamiana,,Unknown strain,none,,PHIPO:0001204,,BTO:0000713,Macroscopic observation (quantitative observation),interspecies interaction,26966171,,,,
PHIG:11319,D0MXE4,,4787,Phytophthora infestans,403677,,strain,,A0ABQ7VU95,,4113,Solanum tuberosum,,,species,,,,,Co-purification,protein-protein interaction,26966171,,,,
PHIG:11319,D0MXE4,,4787,Phytophthora infestans,403677,,strain,,A0ABQ7VU95,,4113,Solanum tuberosum,,,species,,,,,Two-hybrid,protein-protein interaction,26966171,,,,
,,,4787,Phytophthora infestans,,88069,none,,A0ABQ7VU95,,4113,Solanum tuberosum,,cv E3,species,Nrl1-GFP transformant(GFP tag added) (transformant) [Ectopic],PHIPO:0001204,,BTO:0000713,Macroscopic observation (quantitative observation),interspecies interaction,26966171,,,,
PHIG:11319,D0MXE4,,4787,Phytophthora infestans,403677,88069,strain,Pi02860+ (wild type) [Wild type product level],,,4113,Solanum tuberosum,,cv E3,none,,,PHIDO:0000206,,,interspecies interaction,26966171,,,,
PHIG:11319,D0MXE4,,4787,Phytophthora infestans,403677,88069,strain,Pi02860-GFP transformant(GFP tag added) (transformant) [Overexpression],,,4100,Nicotiana benthamiana,,Unknown strain,none,,PHIPO:0000368,,BTO:0000713,Macroscopic observation (quantitative observation),interspecies interaction,26966171,Increased virulence,,,
PHIG:11319,D0MXE4,,4787,Phytophthora infestans,403677,88069,strain,"Pi02860deltasp-OE transformant(signal peptides deleted, overexpression) (transformant) [Ectopic]",,,4113,Solanum tuberosum,,cv E3,none,,PHIPO:0000368,,BTO:0000713,Macroscopic observation (quantitative observation),interspecies interaction,26966171,Increased virulence,,,
PHIG:11319,D0MXE4,,4787,Phytophthora infestans,403677,88069,strain,PITG_02860-NES transformant(nuclear export signal added) (transformant) [Ectopic],,,4100,Nicotiana benthamiana,,Unknown strain,none,,PHIPO:0000368,,BTO:0000713,Macroscopic observation (quantitative observation),interspecies interaction,26966171,Increased virulence,,,
PHIG:11319,D0MXE4,,4787,Phytophthora infestans,403677,88069,strain,PITG_02860-NLS transformant(nuclear localization signal added) (transformant) [Ectopic],,,4100,Nicotiana benthamiana,,Unknown strain,none,,PHIPO:0000368,,BTO:0000713,Macroscopic observation (quantitative observation),interspecies interaction,26966171,Increased virulence,,,
PHIG:11319,D0MXE4,,4787,Phytophthora infestans,403677,88069,strain,PITG_02860-NES transformant(nuclear export signal added) (transformant) [Ectopic],,,4100,Nicotiana benthamiana,,Unknown strain,none,,PHIPO:0001204,,BTO:0000713,Macroscopic observation (quantitative observation),interspecies interaction,26966171,,,,
PHIG:11319,D0MXE4,,4787,Phytophthora infestans,403677,88069,strain,PITG_02860-NLS transformant(nuclear localization signal added) (transformant) [Ectopic],,,4100,Nicotiana benthamiana,,Unknown strain,none,,PHIPO:0001204,,BTO:0000713,Macroscopic observation (quantitative observation),interspecies interaction,26966171,,,,
,,,4787,Phytophthora infestans,,88069,none,,A0ABQ7VU95,,4113,Solanum tuberosum,,cv E3,species,Nrl1-GFP transformant(GFP tag added) (transformant) [Ectopic],PHIPO:0000368,,BTO:0000713,Macroscopic observation (quantitative observation),interspecies interaction,26966171,,,,
PHIG:10409,A0A194V240,,578113,Cytospora mali,,Vm263,species,Plc1delta (deletion),,,3750,Malus domestica,,cv. Fuji,none,,PHIPO:0000365,,BTO:0000148,Macroscopic observation (qualitative observation),interspecies interaction,41257568,Reduced virulence,,,
PHIG:10409,A0A194V240,,578113,Cytospora mali,,Vm263,species,Plc1+ (wild type) [Wild type product level],,,3750,Malus domestica,,cv. Fuji,none,,PHIPO:0000954,,BTO:0000148,Macroscopic observation (qualitative observation),interspecies interaction,41257568,,,,
PHIG:10409,A0A194V240,,578113,Cytospora mali,,Vm263,species,Plc1delta-Plc1 transformant(complement by re-introducing the wild-type allele at an ectopic locus) (transformant) [Ectopic],,,3750,Malus domestica,,cv. Fuji,none,,PHIPO:0000954,,BTO:0000148,Macroscopic observation (qualitative observation),interspecies interaction,41257568,Unaffected pathogenicity,,,
PHIG:10409,A0A194V240,,578113,Cytospora mali,,Vm263,species,Plc1delta (deletion),,,3750,Malus domestica,,cv. Fuji,none,,PHIPO:0000365,,BTO:0000713,Macroscopic observation (qualitative observation),interspecies interaction,41257568,Reduced virulence,,,
PHIG:10409,A0A194V240,,578113,Cytospora mali,,Vm263,species,Plc1+ (wild type) [Wild type product level],,,3750,Malus domestica,,cv. Fuji,none,,PHIPO:0000954,,BTO:0000713,Macroscopic observation (qualitative observation),interspecies interaction,41257568,,,,
PHIG:10409,A0A194V240,,578113,Cytospora mali,,Vm263,species,Plc1delta-Plc1 transformant(complement by re-introducing the wild-type allele at an ectopic locus) (transformant) [Ectopic],,,3750,Malus domestica,,cv. Fuji,none,,PHIPO:0000954,,BTO:0000713,Macroscopic observation (qualitative observation),interspecies interaction,41257568,Unaffected pathogenicity,,,
PHIG:10409,A0A194V240,,578113,Cytospora mali,,Vm263,species,Plc1+ (wild type) [Wild type product level],,,3750,Malus domestica,,cv. Fuji,none,,,PHIDO:0000499,,,interspecies interaction,41257568,,,,
PHIG:11418,F5HIB2,,13684,Parastagonospora nodorum,,,species,,F8S6T5,,4565,Triticum aestivum,,,species,,,,,Two-hybrid,protein-protein interaction,24433289,,,,
PHIG:11418,F5HIB2,,13684,Parastagonospora nodorum,,Unknown strain,species,ToxA+ (wild type) [Ectopic],D7PDA1,,4565,Triticum aestivum,,cv. Grandin,species,Tsn1+ (wild type) [Wild type product level],PHIPO:0000477,,,Macroscopic observation (qualitative observation),gene-for-gene interaction,24433289,,,,
PHIG:11418,F5HIB2,,13684,Parastagonospora nodorum,,Unknown strain,species,ToxA(N102A) (nucleotide mutation) [Ectopic],D7PDA1,,4565,Triticum aestivum,,cv. Grandin,species,Tsn1+ (wild type) [Wild type product level],PHIPO:0000465,,,Macroscopic observation (qualitative observation),gene-for-gene interaction,24433289,,,,
PHIG:11418,F5HIB2,,13684,Parastagonospora nodorum,,Unknown strain,species,ToxA+ (wild type) [Ectopic],D7PDA1,,4565,Triticum aestivum,,Langdon,species,Tsn1+ (wild type) [Wild type product level],PHIPO:0000477,,,Macroscopic observation (qualitative observation),gene-for-gene interaction,24433289,,,,
PHIG:11418,F5HIB2,,13684,Parastagonospora nodorum,,Unknown strain,species,ToxA+ (wild type) [Ectopic],D7PDA1,,4565,Triticum aestivum,,Langdon,species,Tsn1+ (wild type) [Wild type product level],PHIPO:0000477,,,Macroscopic observation (qualitative observation),gene-for-gene interaction,24433289,,,,
PHIG:11418,F5HIB2,,13684,Parastagonospora nodorum,,Unknown strain,species,ToxA(N102A) (nucleotide mutation) [Ectopic],D7PDA1,,4565,Triticum aestivum,,Langdon,species,Tsn1+ (wild type) [Wild type product level],PHIPO:0000465,,,Macroscopic observation (qualitative observation),gene-for-gene interaction,24433289,,,,
PHIG:11418,F5HIB2,,13684,Parastagonospora nodorum,,Unknown strain,species,ToxA+ (wild type) [Ectopic],,,4565,Triticum aestivum,,cv. BR34,none,,PHIPO:0000465,,,Macroscopic observation (qualitative observation),gene-for-gene interaction,24433289,,,,
PHIG:11418,F5HIB2,,13684,Parastagonospora nodorum,,Unknown strain,species,ToxA+ (wild type) [Wild type product level],,,4565,Triticum aestivum,,cv. Grandin,none,,,PHIDO:0000171,,,interspecies interaction,24433289,,,,
PHIG:11418,F5HIB2,,13684,Parastagonospora nodorum,,Unknown strain,species,ToxA+ (wild type) [Ectopic],D7PDA1,,4565,Triticum aestivum,,Langdon,species,Tsn1+ (wild type) [Wild type product level],PHIPO:0000477,,,Macroscopic observation (qualitative observation),gene-for-gene interaction,24433289,,,,
PHIG:2983,C0LF23,,67593,Phytophthora sojae,,P6497,species,Avr3c+ (wild type) [Wild type product level],,,3847,Glycine max,,cv. Williams,none,,PHIPO:0000954,,BTO:0001228,Macroscopic observation (quantitative observation),interspecies interaction,29233978,,,,
PHIG:2983,C0LF23,,67593,Phytophthora sojae,,P6497,species,Avr3cdelta (deletion),,,3847,Glycine max,,cv. Williams,none,,PHIPO:0000365,,BTO:0001228,Macroscopic observation (quantitative observation),interspecies interaction,29233978,Reduced virulence,,,
PHIG:2983,C0LF23,,67593,Phytophthora sojae,,,species,,C6T1E5,,3847,Glycine max,,,species,,,,,Two-hybrid,protein-protein interaction,29233978,,,,
PHIG:2983,C0LF23,,67593,Phytophthora sojae,,,species,,I1NBV1,,3847,Glycine max,,,species,,,,,Two-hybrid,protein-protein interaction,29233978,,,,
PHIG:2983,C0LF23,,67593,Phytophthora sojae,,,species,,C6T1E5,,3847,Glycine max,,,species,,,,,Co-purification,protein-protein interaction,29233978,,,,
PHIG:2983,C0LF23,,67593,Phytophthora sojae,,,species,,I1NBV1,,3847,Glycine max,,,species,,,,,Co-purification,protein-protein interaction,29233978,,,,
PHIG:2983,C0LF23,,67593,Phytophthora sojae,,,species,,C6T1E5,,3847,Glycine max,,,species,,,,,Affinity Capture-Western,protein-protein interaction,29233978,,,,
PHIG:2983,C0LF23,,67593,Phytophthora sojae,,,species,,I1NBV1,,3847,Glycine max,,,species,,,,,Affinity Capture-Western,protein-protein interaction,29233978,,,,
,,,67593,Phytophthora sojae,,P6497,none,,C6T1E5,,3847,Glycine max,,cv. Williams,species,Skrp1-GFP transformant(GFP tag added) (transformant) [Overexpression],PHIPO:0000368,,BTO:0001804,Macroscopic observation (quantitative observation),interspecies interaction,29233978,,,,
,,,67593,Phytophthora sojae,,P6497,none,,I1NBV1,,3847,Glycine max,,cv. Williams,species,Skrp2-GFP transformant(GFP tagged) (transformant) [Overexpression],PHIPO:0000368,,BTO:0001804,Macroscopic observation (quantitative observation),interspecies interaction,29233978,,,,
PHIG:2983,C0LF23,,67593,Phytophthora sojae,,P6497,species,Avr3c+ (wild type) [Wild type product level],,,3847,Glycine max,,cv. Williams,none,,,PHIDO:0000318,,,interspecies interaction,29233978,,,,
PHIG:309,Q8TG19,,5518,Fusarium graminearum,,PH-1,species,Mgv1delta (deletion),,,4565,Triticum aestivum,,Unknown strain,none,,PHIPO:0000359,,BTO:0001278,Macroscopic observation (qualitative observation),interspecies interaction,12423017,Reduced virulence,,,
PHIG:309,Q8TG19,,5518,Fusarium graminearum,,PH-1,species,Mgv1+ (wild type) [Wild type product level],,,4565,Triticum aestivum,,Unknown strain,none,,,PHIDO:0000163,,,interspecies interaction,12423017,,,,
PHIG:309,Q8TG19,,5518,Fusarium graminearum,,PH-1,species,Mgv1-Mgv1Δ transformant(complement MGV Δ with ectopic MGV1) (transformant) [Ectopic],,,4565,Triticum aestivum,,Unknown strain,none,,PHIPO:0000331,,BTO:0001278,Macroscopic observation (qualitative observation),interspecies interaction,12423017,,,,
PHIG:309,Q8TG19,,5518,Fusarium graminearum,,PH-1,species,Mgv1delta (deletion),,,4565,Triticum aestivum,,Unknown strain,none,,PHIPO:0000234,,BTO:0001278,Substance quantification evidence,interspecies interaction,12423017,,,,
PHIG:309,Q8TG19,,5518,Fusarium graminearum,,PH-1,species,Mgv1-Mgv1Δ transformant(complement MGV Δ with ectopic MGV1) (transformant) [Ectopic],,,4565,Triticum aestivum,,Unknown strain,none,,PHIPO:0000233,,BTO:0001278,Substance quantification evidence,interspecies interaction,12423017,,,,
PHIG:3323,G4NEF1,,318829,Magnaporthe oryzae,242507,P131,strain,Def1+ (wild type) [Wild type product level],,,4530,Oryza sativa,,cv. Lijiangxintuanheigu,none,,,PHIDO:0000315,,,interspecies interaction,37108921,,,,
PHIG:3323,G4NEF1,,318829,Magnaporthe oryzae,242507,P131,strain,Def1delta (deletion),,,4530,Oryza sativa,,cv. Lijiangxintuanheigu,none,,PHIPO:0000365,,BTO:0000713,Macroscopic observation (qualitative observation),interspecies interaction,37108921,Reduced virulence,,,
PHIG:3323,G4NEF1,,318829,Magnaporthe oryzae,242507,P131,strain,Def1delta (deletion),,,4513,Hordeum vulgare,,Unknown strain,none,,PHIPO:0000359,,BTO:0000713,Microscopy,interspecies interaction,37108921,Reduced virulence,,,
PHIG:10066,I1RRX1,,5518,Fusarium graminearum,229533,PH-1,strain,Msn2+ (wild type) [Wild type product level],,,4565,Triticum aestivum,,Xiaoyan22,none,,PHIPO:0000954,,BTO:0001278,Macroscopic observation (quantitative observation),interspecies interaction,40890410,,,,
PHIG:10066,I1RRX1,,5518,Fusarium graminearum,229533,PH-1,strain,Msn2delta (deletion),,,4565,Triticum aestivum,,Xiaoyan22,none,,PHIPO:0000365,,BTO:0001278,Macroscopic observation (quantitative observation),interspecies interaction,40890410,Reduced virulence,,,
PHIG:10066,I1RRX1,,5518,Fusarium graminearum,229533,PH-1,strain,Msn2+ (wild type) [Wild type product level],,,4565,Triticum aestivum,,Xiaoyan22,none,,,PHIDO:0000162,,,interspecies interaction,40890410,,,,
PHIG:10066,I1RRX1,,5518,Fusarium graminearum,229533,PH-1,strain,Msn2delta-Msn2-GFP transformant(complement by re-introducing the wild-type allele with GFP tag at an ectopic locus) (transformant) [Ectopic],,,4565,Triticum aestivum,,Xiaoyan22,none,,PHIPO:0000954,,BTO:0001278,Macroscopic observation (quantitative observation),interspecies interaction,40890410,Unaffected pathogenicity,,,
PHIG:10066,I1RRX1,,5518,Fusarium graminearum,229533,PH-1,strain,Msn2+ (wild type) [Wild type product level],,,4565,Triticum aestivum,,Xiaoyan22,none,,PHIPO:0000954,,BTO:0000268,Macroscopic observation (quantitative observation),interspecies interaction,40890410,,,,
PHIG:10066,I1RRX1,,5518,Fusarium graminearum,229533,PH-1,strain,Msn2+ (wild type) [Wild type product level],,,4565,Triticum aestivum,,Xiaoyan22,none,,PHIPO:0000365,,BTO:0000268,Macroscopic observation (quantitative observation),interspecies interaction,40890410,Reduced virulence,,,
PHIG:10066,I1RRX1,,5518,Fusarium graminearum,229533,PH-1,strain,Msn2delta-Msn2-GFP transformant(complement by re-introducing the wild-type allele with GFP tag at an ectopic locus) (transformant) [Ectopic],,,4565,Triticum aestivum,,Xiaoyan22,none,,PHIPO:0000954,,BTO:0000268,Macroscopic observation (quantitative observation),interspecies interaction,40890410,Unaffected pathogenicity,,,
PHIG:10066,I1RRX1,,5518,Fusarium graminearum,229533,PH-1,strain,Msn2+ (wild type) [Wild type product level],,,4565,Triticum aestivum,,Xiaoyan22,none,,PHIPO:0000233,,,Substance quantification evidence,interspecies interaction,40890410,,,,
PHIG:10066,I1RRX1,,5518,Fusarium graminearum,229533,PH-1,strain,Msn2+ (wild type) [Wild type product level],,,4565,Triticum aestivum,,Xiaoyan22,none,,PHIPO:0000219,,,Substance quantification evidence,interspecies interaction,40890410,,,,
PHIG:10066,I1RRX1,,5518,Fusarium graminearum,229533,PH-1,strain,Msn2delta-Msn2-GFP transformant(complement by re-introducing the wild-type allele with GFP tag at an ectopic locus) (transformant) [Ectopic],,,4565,Triticum aestivum,,Xiaoyan22,none,,PHIPO:0000233,,,Substance quantification evidence,interspecies interaction,40890410,,,,
PHIG:5692,F8UNP0,,67593,Phytophthora sojae,,,species,,Q8W171,,3847,Glycine max,,,species,,,,,Two-hybrid,protein-protein interaction,26317500,,,,
PHIG:5692,F8UNP0,,67593,Phytophthora sojae,,,species,,Q8W171,,3847,Glycine max,,,species,,,,,Co-purification,protein-protein interaction,26317500,,,,
PHIG:5692,F8UNP0,,67593,Phytophthora sojae,,,species,,Q8W171,,3847,Glycine max,,,species,,,,,Affinity Capture-Western,protein-protein interaction,26317500,,,,
PHIG:5692,F8UNP0,,67593,Phytophthora sojae,,P7076,species,Avr3b+ (wild type) [Wild type product level],,,3847,Glycine max,,cv. Williams 82,none,,,PHIDO:0000318,,,interspecies interaction,26317500,,,,
PHIG:5692,F8UNP0,,67593,Phytophthora sojae,,P6497,species,Avr3b (wild type) [Ectopic],Q8W171,,3847,Glycine max,,cv. Williams 82,species,Cyp1+ (wild type) [Wild type product level],PHIPO:0000182,,BTO:0000713,Macroscopic observation (quantitative observation),interspecies interaction,26317500,,,,
PHIG:5692,F8UNP0,,67593,Phytophthora sojae,,P6497,species,Avr3b (wild type) [Ectopic],Q8W171,,3847,Glycine max,,PRX146-36,species,Cyp1-RNAi(Rps3b+) (disruption) [Knockdown],PHIPO:0000182,,BTO:0000713,Macroscopic observation (quantitative observation),interspecies interaction,26317500,,,,
PHIG:5692,F8UNP0,,67593,Phytophthora sojae,,P6497,species,Avr3b (wild type) [Ectopic],Q8W171,,3847,Glycine max,,PRX146-36,species,Cyp1+ (wild type) [Wild type product level],PHIPO:0000192,,BTO:0000713,Macroscopic observation (quantitative observation),interspecies interaction,26317500,,,,
PHIG:5692,F8UNP0,,67593,Phytophthora sojae,,P6497,species,Avr3b (wild type) [Ectopic],Q8W171,,3847,Glycine max,,PRX146-36,species,Cyp1+ (wild type) [Wild type product level],PHIPO:0000182,,BTO:0000713,Macroscopic observation (quantitative observation),interspecies interaction,26317500,,,,
PHIG:5692,F8UNP0,,67593,Phytophthora sojae,,P6497,species,Avr3b(P132A) (amino acid mutation) [Ectopic],,,3847,Glycine max,,PRX146-36,none,,PHIPO:0000182,,BTO:0000713,Macroscopic observation (quantitative observation),interspecies interaction,26317500,,,,
PHIG:11006,Q8Y1B4,,1310165,Ralstonia solanacearum,267608,GMI1000,strain,katGdelta (deletion),,,4081,Solanum lycopersicum,,Unknown strain,none,,PHIPO:0000951,,BTO:0001481,Macroscopic observation (qualitative observation),interspecies interaction,41062680,Unaffected pathogenicity,,,
PHIG:11006,Q8Y1B4,,1310165,Ralstonia solanacearum,267608,GMI1000,strain,katG+ (wild type) [Wild type product level],,,4081,Solanum lycopersicum,,Unknown strain,none,,PHIPO:0000951,,BTO:0001481,Macroscopic observation (qualitative observation),interspecies interaction,41062680,,,,
PHIG:7164,Q8XPQ7,,1310165,Ralstonia solanacearum,267608,GMI1000,strain,katEdelta (deletion),,,4081,Solanum lycopersicum,,Unknown strain,none,,PHIPO:0000951,,BTO:0001481,Macroscopic observation (qualitative observation),interspecies interaction,41062680,Unaffected pathogenicity,,,
PHIG:7164,Q8XPQ7,,1310165,Ralstonia solanacearum,267608,GMI1000,strain,katE+ (wild type) [Wild type product level],,,4081,Solanum lycopersicum,,Unknown strain,none,,PHIPO:0000951,,BTO:0001481,Macroscopic observation (qualitative observation),interspecies interaction,41062680,,,,
PHIG:11006,Q8Y1B4,,1310165,Ralstonia solanacearum,267608,GMI1000,strain,katG+ (wild type) [Wild type product level],,,4081,Solanum lycopersicum,,Unknown strain,none,,,PHIDO:0000035,,,interspecies interaction,41062680,,,,
PHIG:7164,Q8XPQ7,,1310165,Ralstonia solanacearum,267608,GMI1000,strain,katE+ (wild type) [Wild type product level],,,4081,Solanum lycopersicum,,Unknown strain,none,,,PHIDO:0000035,,,interspecies interaction,41062680,,,,
PHIG:9015,W7M0I3,,117187,Fusarium verticillioides,334819,SJ51,strain,βtub+ (wild type) [Wild type product level],,,4547,Saccharum officinarum,,Unknown strain,none,,PHIPO:0000480,,,Macroscopic observation (qualitative observation),interspecies interaction,30732567,,,,
PHIG:2162,P53374,,5127,Fusarium fujikuroi,,HC30,species,βtub+ (wild type) [Wild type product level],,,4547,Saccharum officinarum,,Unknown strain,none,,PHIPO:0000480,,,Macroscopic observation (qualitative observation),interspecies interaction,30732567,,,,
PHIG:9015,W7M0I3,,117187,Fusarium verticillioides,334819,SJ51,strain,βtub-Q134L(Q134L) (amino acid mutation) [Not assayed],,,4547,Saccharum officinarum,,Unknown strain,none,,PHIPO:0000480,,,Macroscopic observation (qualitative observation),interspecies interaction,30732567,Unaffected pathogenicity,,,
PHIG:2162,P53374,,5127,Fusarium fujikuroi,,HC30,species,βtub-T351I(T351I) (amino acid mutation) [Not assayed],,,4547,Saccharum officinarum,,Unknown strain,none,,PHIPO:0000480,,,Macroscopic observation (qualitative observation),interspecies interaction,30732567,Unaffected pathogenicity,,,
PHIG:3576,Q2MV46,,5261,Melampsora lini,,Unknown strain,species,AvrM+ (wild type) [Wild type product level],,,4006,Linum usitatissimum,,Unknown strain,none,,,PHIDO:0000149,,,interspecies interaction,24101475,,,,
PHIG:3576,Q2MV46,,5261,Melampsora lini,,Unknown strain,species,AvrM+ (wild type) [Ectopic],,,4097,Nicotiana tabacum,,W38,none,,PHIPO:0000192,,,Macroscopic observation (qualitative observation),gene-for-gene interaction,24101475,,,,
PHIG:3576,Q2MV46,,5261,Melampsora lini,,Unknown strain,species,AvrM(L134Y142/AA) (amino acid mutation) [Ectopic],,,4097,Nicotiana tabacum,,W38,none,,PHIPO:0000182,,,Macroscopic observation (qualitative observation),gene-for-gene interaction,24101475,,,,
PHIG:3576,Q2MV46,,5261,Melampsora lini,,Unknown strain,species,AvrM(108-153) (partial amino acid deletion) [Ectopic],,,4097,Nicotiana tabacum,,W38,none,,PHIPO:0000182,,,Macroscopic observation (qualitative observation),gene-for-gene interaction,24101475,,,,
PHIG:3576,Q2MV46,,5261,Melampsora lini,,Unknown strain,species,AvrM(F125L126/AA) (amino acid mutation) [Ectopic],,,4097,Nicotiana tabacum,,W38,none,,PHIPO:0000182,,,Macroscopic observation (qualitative observation),gene-for-gene interaction,24101475,,,,
PHIG:3576,Q2MV46,,5261,Melampsora lini,,Unknown strain,species,AvrM(Y142) (amino acid mutation) [Ectopic],,,4097,Nicotiana tabacum,,W38,none,,PHIPO:0000182,,,Macroscopic observation (qualitative observation),gene-for-gene interaction,24101475,,,,
PHIG:3576,Q2MV46,,5261,Melampsora lini,,Unknown strain,species,AvrM+ (wild type) [Ectopic],,,4097,Nicotiana tabacum,,W38,none,,PHIPO:0000192,,,Macroscopic observation (qualitative observation),gene-for-gene interaction,24101475,,,,
PHIG:3576,Q2MV46,,5261,Melampsora lini,,Unknown strain,species,AvrM(L134Y142/AA) (amino acid mutation) [Ectopic],,,4097,Nicotiana tabacum,,W38,none,,PHIPO:0000192,,,Macroscopic observation (qualitative observation),gene-for-gene interaction,24101475,,,,
PHIG:3576,Q2MV46,,5261,Melampsora lini,,Unknown strain,species,AvrM(108-153) (partial amino acid deletion) [Ectopic],,,4097,Nicotiana tabacum,,W38,none,,PHIPO:0000192,,,Macroscopic observation (qualitative observation),gene-for-gene interaction,24101475,,,,
PHIG:3576,Q2MV46,,5261,Melampsora lini,,Unknown strain,species,AvrM(F125L126/AA) (amino acid mutation) [Ectopic],,,4097,Nicotiana tabacum,,W38,none,,PHIPO:0000192,,,Macroscopic observation (qualitative observation),gene-for-gene interaction,24101475,,,,
PHIG:3576,Q2MV46,,5261,Melampsora lini,,Unknown strain,species,AvrM(Y142) (amino acid mutation) [Ectopic],,,4097,Nicotiana tabacum,,W38,none,,PHIPO:0000192,,,Macroscopic observation (qualitative observation),gene-for-gene interaction,24101475,,,,
PHIG:8945,I1RWG5,,5518,Fusarium graminearum,229533,PH-1,strain,areA+ (wild type) [Wild type product level],,,4565,Triticum aestivum,,cv. Eunpamil,none,,,PHIDO:0000163,,,interspecies interaction,22702217,,,,
PHIG:8945,I1RWG5,,5518,Fusarium graminearum,229533,PH-1,strain,areAdelta (deletion),,,4565,Triticum aestivum,,cv. Eunpamil,none,,PHIPO:0000365,,BTO:0001278,Macroscopic observation (qualitative observation),interspecies interaction,22702217,Reduced virulence,,,
PHIG:8945,I1RWG5,,5518,Fusarium graminearum,229533,PH-1,strain,areAdelta+Urea(chemical complementation) (amino acid insertion) [Not assayed],,,4565,Triticum aestivum,,cv. Eunpamil,none,,PHIPO:0000951,,BTO:0001278,Macroscopic observation (qualitative observation),interspecies interaction,22702217,Unaffected pathogenicity,,,
PHIG:8945,I1RWG5,,5518,Fusarium graminearum,229533,PH-1,strain,areAdelta+areA transformant(complement by re-introducing the wild-type allele at an ectopic locus) (transformant) [Ectopic],,,4565,Triticum aestivum,,cv. Eunpamil,none,,PHIPO:0000951,,BTO:0001278,Macroscopic observation (qualitative observation),interspecies interaction,22702217,Unaffected pathogenicity,,,
PHIG:10451,G4MYW4,,318829,Magnaporthe oryzae,242507,Guy11,strain,Spc2+ (wild type) [Wild type product level],,,4530,Oryza sativa,,cv. CO-39,none,,PHIPO:0000363,,BTO:0000713,Macroscopic observation (qualitative observation),interspecies interaction,41239005,Loss of pathogenicity,,,
PHIG:10451,G4MYW4,,318829,Magnaporthe oryzae,242507,Guy11,strain,Spc2delta (deletion),,,4530,Oryza sativa,,cv. CO-39,none,,PHIPO:0000365,,BTO:0000713,Macroscopic observation (qualitative observation),interspecies interaction,41239005,Reduced virulence,,,
PHIG:10451,G4MYW4,,318829,Magnaporthe oryzae,242507,Guy11,strain,Spc2+ (wild type) [Wild type product level],,,4530,Oryza sativa,,cv. CO-39,none,,PHIPO:0000951,,BTO:0000713,Macroscopic observation (qualitative observation),interspecies interaction,41239005,,,,
PHIG:10451,G4MYW4,,318829,Magnaporthe oryzae,242507,Guy11,strain,Spc2delta-Spc2 transformant(complement by re-introducing the wild-type allele at an ectopic locus) (transformant) [Ectopic],,,4530,Oryza sativa,,cv. CO-39,none,,PHIPO:0000951,,BTO:0000713,Macroscopic observation (qualitative observation),interspecies interaction,41239005,Unaffected pathogenicity,,,
PHIG:10451,G4MYW4,,318829,Magnaporthe oryzae,242507,Guy11,strain,Spc2delta (deletion),,,4513,Hordeum vulgare,,cv. Golden Promise,none,,PHIPO:0000365,,BTO:0000713,Macroscopic observation (qualitative observation),interspecies interaction,41239005,Reduced virulence,,,
PHIG:10451,G4MYW4,,318829,Magnaporthe oryzae,242507,Guy11,strain,Spc2+ (wild type) [Wild type product level],,,4513,Hordeum vulgare,,cv. Golden Promise,none,,PHIPO:0000951,,BTO:0000713,Macroscopic observation (qualitative observation),interspecies interaction,41239005,,,,
PHIG:10451,G4MYW4,,318829,Magnaporthe oryzae,242507,Guy11,strain,Spc2delta-Spc2 transformant(complement by re-introducing the wild-type allele at an ectopic locus) (transformant) [Ectopic],,,4513,Hordeum vulgare,,cv. Golden Promise,none,,PHIPO:0000951,,BTO:0000713,Macroscopic observation (qualitative observation),interspecies interaction,41239005,Unaffected pathogenicity,,,
PHIG:10451,G4MYW4,,318829,Magnaporthe oryzae,242507,Guy11,strain,Spc2+ (wild type) [Wild type product level],,,4530,Oryza sativa,,cv. CO-39,none,,,PHIDO:0000315,,,interspecies interaction,41239005,,,,
PHIG:10451,G4MYW4,,318829,Magnaporthe oryzae,242507,Guy11,strain,Spc2delta (deletion),,,4530,Oryza sativa,,cv. CO-39,none,,PHIPO:0000927,,BTO:0005094,Microscopy,interspecies interaction,41239005,,,,
PHIG:10451,G4MYW4,,318829,Magnaporthe oryzae,242507,Guy11,strain,Spc2+ (wild type) [Wild type product level],,,4530,Oryza sativa,,cv. CO-39,none,,PHIPO:0000928,,BTO:0005094,Microscopy,interspecies interaction,41239005,,,,
PHIG:10451,G4MYW4,,318829,Magnaporthe oryzae,242507,Guy11,strain,Spc2delta-Spc2 transformant(complement by re-introducing the wild-type allele at an ectopic locus) (transformant) [Ectopic],,,4530,Oryza sativa,,cv. CO-39,none,,PHIPO:0000928,,BTO:0005094,Microscopy,interspecies interaction,41239005,,,,
PHIG:10451,G4MYW4,,318829,Magnaporthe oryzae,242507,Guy11,strain,Spc2delta (deletion),,,4530,Oryza sativa,,cv. CO-39,none,,PHIPO:0000967,,BTO:0000713,Penetration assay,interspecies interaction,41239005,,,,
PHIG:264,I1S9X9,,5518,Fusarium graminearum,229533,,strain,,A0A2H3HA93,,,Fusarium graminearum,,,species,,,,,Affinity Capture-Western,protein-protein interaction,30044782,,,,
PHIG:264,I1S9X9,,5518,Fusarium graminearum,229533,PH-1,strain,ATG9delta (deletion),,,4565,Triticum aestivum,,Unknown strain,none,,PHIPO:0000985,,BTO:0000268,Macroscopic observation (qualitative observation),interspecies interaction,30044782,Reduced virulence,,,
PHIG:264,I1S9X9,,5518,Fusarium graminearum,229533,PH-1,strain,ATG9delta (deletion),,,4565,Triticum aestivum,,Unknown strain,none,,PHIPO:0000985,,BTO:0000628,Macroscopic observation (qualitative observation),interspecies interaction,30044782,Reduced virulence,,,
PHIG:264,I1S9X9,,5518,Fusarium graminearum,229533,PH-1,strain,ATG9+ (wild type) [Wild type product level],,,4565,Triticum aestivum,,Unknown strain,none,,PHIPO:0000480,,BTO:0000628,Macroscopic observation (qualitative observation),interspecies interaction,30044782,,,,
PHIG:264,I1S9X9,,5518,Fusarium graminearum,229533,PH-1,strain,ATG9+ (wild type) [Wild type product level],,,4565,Triticum aestivum,,Unknown strain,none,,,PHIDO:0000162,BTO:0000628,,interspecies interaction,30044782,,,,
PHIG:264,I1S9X9,,5518,Fusarium graminearum,229533,PH-1,strain,ATG9+ (wild type) [Wild type product level],,,4565,Triticum aestivum,,Unknown strain,none,,,PHIDO:0000162,BTO:0000268,,interspecies interaction,30044782,,,,
PHIG:264,I1S9X9,,5518,Fusarium graminearum,229533,PH-1,strain,ATG9+ (wild type) [Wild type product level],,,4565,Triticum aestivum,,Unknown strain,none,,PHIPO:0000480,,BTO:0000268,Macroscopic observation (qualitative observation),interspecies interaction,30044782,,,,
PHIG:11310,P9WHZ3,,1773,Mycobacterium tuberculosis,83332,H37Rv,strain,Ppe44+ (wild type) [Wild type product level],,,9606,Homo sapiens,,Unknown strain,none,,,PHIDO:0000374,,,interspecies interaction,28743081,,,,
PHIG:11310,P9WHZ3,,1773,Mycobacterium tuberculosis,83332,H37Rv,strain,Ppe44+ (wild type) [Overexpression],,,9606,Homo sapiens,,THP-1 cell line,none,,PHIPO:0001069,,BTO:0001370,Microscopy,interspecies interaction,28743081,Increased virulence,,,
PHIG:278,A0A0E0SJI5,,5518,Fusarium graminearum,229533,PH-1,strain,RALFdelta (deletion),,,4565,Triticum aestivum,,cv. Bobwhite,none,,PHIPO:0000480,,BTO:0000628,Macroscopic observation (qualitative observation),interspecies interaction,32883427,Unaffected pathogenicity,,,
PHIG:278,A0A0E0SJI5,,5518,Fusarium graminearum,229533,PH-1,strain,RALF+ (wild type) [Wild type product level],,,4565,Triticum aestivum,,cv. Bobwhite,none,,PHIPO:0000480,,BTO:0000628,Macroscopic observation (qualitative observation),interspecies interaction,32883427,,,,
PHIG:278,A0A0E0SJI5,,5518,Fusarium graminearum,229533,PH-1,strain,RALFdelta (deletion),,,3702,Arabidopsis thaliana,,ecotype Landsberg erecta,none,,PHIPO:0000480,,BTO:0000628,Macroscopic observation (qualitative observation),interspecies interaction,32883427,Unaffected pathogenicity,,,
PHIG:278,A0A0E0SJI5,,5518,Fusarium graminearum,229533,PH-1,strain,RALF+ (wild type) [Wild type product level],,,3702,Arabidopsis thaliana,,ecotype Landsberg erecta,none,,PHIPO:0000480,,BTO:0000628,Macroscopic observation (qualitative observation),interspecies interaction,32883427,,,,
PHIG:278,A0A0E0SJI5,,5518,Fusarium graminearum,229533,PH-1,strain,RALF+ (wild type) [Wild type product level],,,4097,Nicotiana tabacum,,Unknown strain,none,,PHIPO:0000481,,BTO:0000713,Macroscopic observation (qualitative observation),interspecies interaction,32883427,,,,
PHIG:278,A0A0E0SJI5,,5518,Fusarium graminearum,229533,PH-1,strain,RALF+ (wild type) [Wild type product level],,,4100,Nicotiana benthamiana,,Unknown strain,none,,PHIPO:0000481,,BTO:0000713,Macroscopic observation (qualitative observation),interspecies interaction,32883427,,,,
PHIG:278,A0A0E0SJI5,,5518,Fusarium graminearum,229533,PH-1,strain,RALF+ (wild type) [Overexpression],,,4565,Triticum aestivum,,cv. Bobwhite,none,,PHIPO:0000986,,BTO:0000628,Macroscopic observation (quantitative observation),interspecies interaction,32883427,Increased virulence,,,
PHIG:282,I1RX89,,5518,Fusarium graminearum,229533,PH-1,strain,FG08943.1+ (wild type) [Overexpression],,,4565,Triticum aestivum,,cv. Bobwhite,none,,PHIPO:0000480,,BTO:0000628,Macroscopic observation (quantitative observation),interspecies interaction,32883427,Unaffected pathogenicity,,,
PHIG:278,A0A0E0SJI5,,5518,Fusarium graminearum,229533,PH-1,strain,RALF+ (wild type) [Overexpression],,,3702,Arabidopsis thaliana,,ecotype Columbia-0,none,,PHIPO:0001005,,BTO:0001228,Macroscopic observation (qualitative observation),interspecies interaction,32883427,,,,
PHIG:278,A0A0E0SJI5,,5518,Fusarium graminearum,229533,PH-1,strain,RALF+ (wild type) [Overexpression],,,3702,Arabidopsis thaliana,,ecotype Columbia-0,none,,PHIPO:0001130,,BTO:0001228,Macroscopic observation (qualitative observation),interspecies interaction,32883427,,,,
PHIG:278,A0A0E0SJI5,,5518,Fusarium graminearum,229533,PH-1,strain,RALF+ (wild type) [Overexpression],,,3702,Arabidopsis thaliana,,ecotype Columbia-0,none,,PHIPO:0000480,,BTO:0000713,Macroscopic observation (qualitative observation),interspecies interaction,32883427,,,,
PHIG:278,A0A0E0SJI5,,5518,Fusarium graminearum,229533,PH-1,strain,RALF+ (wild type) [Wild type product level],,,4565,Triticum aestivum,,cv. Bobwhite,none,,,PHIDO:0000163,BTO:0000628,,interspecies interaction,32883427,,,,
PHIG:282,I1RX89,,5518,Fusarium graminearum,229533,PH-1,strain,FG08943.1+ (wild type) [Overexpression],,,4565,Triticum aestivum,,cv. Bobwhite,none,,,PHIDO:0000163,BTO:0000628,,interspecies interaction,32883427,,,,
PHIG:11306,L7IR09,,,Magnaporthe oryzae,,95234I-1b,species,Sdt1 (wild type) [Wild type product level],,,4530,Oryza sativa,,Ilmibyeo,none,,PHIPO:0000954,,BTO:0000713,Macroscopic observation (quantitative observation),interspecies interaction,39046202,,,,
PHIG:11306,L7IR09,,,Magnaporthe oryzae,,95234I-1b,species,Sdt1 transformant(overexpression) (transformant) [Ectopic],,,4530,Oryza sativa,,Ilmibyeo,none,,PHIPO:0000368,,BTO:0000713,Macroscopic observation (quantitative observation),interspecies interaction,39046202,Increased virulence,,,
PHIG:11306,L7IR09,,,Magnaporthe oryzae,,95234I-1b,species,Sdt1delta (deletion),,,4530,Oryza sativa,,Ilmibyeo,none,,PHIPO:0000365,,BTO:0000713,Macroscopic observation (quantitative observation),interspecies interaction,39046202,Reduced virulence,,,
PHIG:11306,L7IR09,,,Magnaporthe oryzae,,95234I-1b,species,Sdt1 (wild type) [Wild type product level],,,4530,Oryza sativa,,cv. Lijiangxintuanheigu,none,,PHIPO:0000954,,BTO:0000713,Macroscopic observation (quantitative observation),interspecies interaction,39046202,,,,
PHIG:11306,L7IR09,,,Magnaporthe oryzae,,95234I-1b,species,Sdt1 transformant(overexpression) (transformant) [Ectopic],,,4530,Oryza sativa,,cv. Lijiangxintuanheigu,none,,PHIPO:0000368,,BTO:0000713,Macroscopic observation (quantitative observation),interspecies interaction,39046202,Increased virulence,,,
PHIG:11306,L7IR09,,,Magnaporthe oryzae,,95234I-1b,species,Sdt1delta (deletion),,,4530,Oryza sativa,,cv. Lijiangxintuanheigu,none,,PHIPO:0000365,,BTO:0000713,Macroscopic observation (quantitative observation),interspecies interaction,39046202,Reduced virulence,,,
PHIG:11306,L7IR09,,,Magnaporthe oryzae,,95234I-1b,species,Sdt1 (wild type) [Wild type product level],,,4530,Oryza sativa,,cv. Lijiangxintuanheigu,none,,,PHIDO:0000315,,,interspecies interaction,39046202,,,,
PHIG:11306,L7IR09,,,Magnaporthe oryzae,,95234I-1b,species,Sdt1delta (deletion),,,4530,Oryza sativa,,Ilmibyeo,none,,PHIPO:0001014,,BTO:0000713,Macroscopic observation (quantitative observation),interspecies interaction,39046202,Reduced virulence,,,
PHIG:11306,L7IR09,,,Magnaporthe oryzae,,95234I-1b,species,Sdt1delta (deletion),,,4530,Oryza sativa,,cv. Lijiangxintuanheigu,none,,PHIPO:0001014,,BTO:0000713,Macroscopic observation (quantitative observation),interspecies interaction,39046202,Reduced virulence,,,
PHIG:11306,L7IR09,,,Magnaporthe oryzae,,95234I-1b,species,Sdt1delta-Sdt1 transformant(complement by re-introducing the wild-type allele at an ectopic locus) (transformant) [Ectopic],,,4530,Oryza sativa,,Ilmibyeo,none,,PHIPO:0000954,,BTO:0000713,Macroscopic observation (quantitative observation),interspecies interaction,39046202,Unaffected pathogenicity,,,
PHIG:11306,L7IR09,,,Magnaporthe oryzae,,95234I-1b,species,Sdt1delta-Sdt1 transformant(complement by re-introducing the wild-type allele at an ectopic locus) (transformant) [Ectopic],,,4530,Oryza sativa,,cv. Lijiangxintuanheigu,none,,PHIPO:0000954,,BTO:0000713,Macroscopic observation (quantitative observation),interspecies interaction,39046202,Unaffected pathogenicity,,,
PHIG:11324,G4YRT1,,67593,Phytophthora sojae,1094619,Unknown strain,strain,Crn63+ (wild type) [Ectopic],,,4100,Nicotiana benthamiana,,Unknown strain,none,,PHIPO:0000927,,BTO:0000713,Macroscopic observation (quantitative observation),interspecies interaction,25424308,,,,
PHIG:11323,E9M7A1,,67593,Phytophthora sojae,1094619,Unknown strain,strain,Crn115+ (wild type) [Ectopic],,,4100,Nicotiana benthamiana,,Unknown strain,none,,PHIPO:0000928,,BTO:0000713,Macroscopic observation (quantitative observation),interspecies interaction,25424308,,,,
PHIG:11324,G4YRT1,,67593,Phytophthora sojae,1094619,Unknown strain,strain,Crn63+ (wild type) [Wild type product level],,,3847,Glycine max,,Unknown strain,none,,,PHIDO:0000318,,,interspecies interaction,25424308,,,,
PHIG:11323,E9M7A1,,67593,Phytophthora sojae,1094619,,strain,,C6FFS2,,4100,Nicotiana benthamiana,,,species,,,,,Two-hybrid,protein-protein interaction,25424308,,,,
PHIG:11324,G4YRT1,,67593,Phytophthora sojae,1094619,,strain,,C6FFS2,,4100,Nicotiana benthamiana,,,species,,,,,Two-hybrid,protein-protein interaction,25424308,,,,
PHIG:11323,E9M7A1,,67593,Phytophthora sojae,1094619,,strain,,C6FFS2,,4100,Nicotiana benthamiana,,,species,,,,,Co-purification,protein-protein interaction,25424308,,,,
PHIG:11324,G4YRT1,,67593,Phytophthora sojae,1094619,,strain,,C6FFS2,,4100,Nicotiana benthamiana,,,species,,,,,Co-purification,protein-protein interaction,25424308,,,,
PHIG:11323,E9M7A1,,67593,Phytophthora sojae,1094619,,strain,,P29756,,3847,Glycine max,,,species,,,,,Co-purification,protein-protein interaction,25424308,,,,
PHIG:11324,G4YRT1,,67593,Phytophthora sojae,1094619,,strain,,P29756,,3847,Glycine max,,,species,,,,,Co-purification,protein-protein interaction,25424308,,,,
PHIG:11324,G4YRT1,,67593,Phytophthora sojae,1094619,Unknown strain,strain,Crn63+ (wild type) [Ectopic],P29756,,3847,Glycine max,,Unknown strain,species,Cat1+ (wild type) [Ectopic],PHIPO:0000928,,BTO:0000713,Macroscopic observation (quantitative observation),interspecies interaction,25424308,,,,
PHIG:11324,G4YRT1,,67593,Phytophthora sojae,1094619,Unknown strain,strain,Crn63+ (wild type) [Ectopic],C6FFS2,,4100,Nicotiana benthamiana,,Unknown strain,species,Cat1+ (wild type) [Ectopic],PHIPO:0000928,,BTO:0000713,Macroscopic observation (quantitative observation),interspecies interaction,25424308,,,,
PHIG:9599,A0A0E0RZX7,,5518,Fusarium graminearum,229533,PH-1,strain,Scp+ (wild type) [Wild type product level],,,4565,Triticum aestivum,,Unknown strain,none,,PHIPO:0000233,,,Substance quantification evidence,interspecies interaction,38831556,,,,
PHIG:9599,A0A0E0RZX7,,5518,Fusarium graminearum,229533,PH-1,strain,Scpdelta (deletion),,,4565,Triticum aestivum,,Unknown strain,none,,PHIPO:0000219,,,Substance quantification evidence,interspecies interaction,38831556,,,,
PHIG:9599,A0A0E0RZX7,,5518,Fusarium graminearum,229533,PH-1,strain,Scpdelta-Scp transformant(complement by re-introducing the wild-type allele at an ectopic locus) (transformant) [Ectopic],,,4565,Triticum aestivum,,Unknown strain,none,,PHIPO:0000233,,,Substance quantification evidence,interspecies interaction,38831556,,,,
PHIG:9599,A0A0E0RZX7,,5518,Fusarium graminearum,229533,PH-1,strain,Scp+ (wild type) [Wild type product level],,,4577,Zea mays,,Unknown strain,none,,PHIPO:0000954,,BTO:0002854,Macroscopic observation (quantitative observation),interspecies interaction,38831556,,,,
PHIG:9599,A0A0E0RZX7,,5518,Fusarium graminearum,229533,PH-1,strain,Scpdelta (deletion),,,4577,Zea mays,,Unknown strain,none,,PHIPO:0000365,,BTO:0002854,Macroscopic observation (quantitative observation),interspecies interaction,38831556,Reduced virulence,,,
PHIG:9599,A0A0E0RZX7,,5518,Fusarium graminearum,229533,PH-1,strain,Scpdelta-Scp transformant(complement by re-introducing the wild-type allele at an ectopic locus) (transformant) [Ectopic],,,4577,Zea mays,,Unknown strain,none,,PHIPO:0000954,,BTO:0002854,Macroscopic observation (quantitative observation),interspecies interaction,38831556,Unaffected pathogenicity,,,
PHIG:9599,A0A0E0RZX7,,5518,Fusarium graminearum,229533,PH-1,strain,Scp+ (wild type) [Wild type product level],,,4565,Triticum aestivum,,Unknown strain,none,,PHIPO:0000954,,BTO:0001278,Macroscopic observation (quantitative observation),interspecies interaction,38831556,,,,
PHIG:9599,A0A0E0RZX7,,5518,Fusarium graminearum,229533,PH-1,strain,Scpdelta (deletion),,,4565,Triticum aestivum,,Unknown strain,none,,PHIPO:0000365,,BTO:0001278,Macroscopic observation (quantitative observation),interspecies interaction,38831556,Reduced virulence,,,
PHIG:9599,A0A0E0RZX7,,5518,Fusarium graminearum,229533,PH-1,strain,Scpdelta-Scp transformant(complement by re-introducing the wild-type allele at an ectopic locus) (transformant) [Ectopic],,,4565,Triticum aestivum,,Unknown strain,none,,PHIPO:0000954,,BTO:0001278,Macroscopic observation (quantitative observation),interspecies interaction,38831556,Unaffected pathogenicity,,,
PHIG:9599,A0A0E0RZX7,,5518,Fusarium graminearum,229533,PH-1,strain,Scp+ (wild type) [Wild type product level],,,4565,Triticum aestivum,,Unknown strain,none,,,PHIDO:0000162,,,interspecies interaction,38831556,,,,
PHIG:9599,A0A0E0RZX7,,5518,Fusarium graminearum,229533,PH-1,strain,Scp-GFP(overexpression of the GFP fusion protein) (other) [Overexpression],,,4100,Nicotiana benthamiana,,Unknown strain,none,,PHIPO:0001015,,BTO:0000713,Macroscopic observation (quantitative observation),interspecies interaction,38831556,,,,
PHIG:9599,A0A0E0RZX7,,5518,Fusarium graminearum,229533,PH-1,strain,Scp-GFP(overexpression of the GFP fusion protein) (other) [Overexpression],,,4100,Nicotiana benthamiana,,Unknown strain,none,,PHIPO:0001192,,BTO:0000713,Macroscopic observation (quantitative observation),interspecies interaction,38831556,,,,
PHIG:7652,Q709D8,,5507,Fusarium oxysporum,59765,race 3 strain Fol029,strain,Avr3+ (wild type) [Wild type product level],A0A3Q7JJ52,,4081,Solanum lycopersicum,,cv. GCR161,species,I+ (wild type) [Wild type product level],PHIPO:0001200,,BTO:0001461,Macroscopic observation (qualitative observation),gene-for-gene interaction,15672814,,,,
PHIG:7652,Q709D8,,5507,Fusarium oxysporum,59765,race 3 strain Fol029,strain,Avr3 delta (deletion),A0A3Q7JJ52,,4081,Solanum lycopersicum,,cv. GCR161,species,I+ (wild type) [Wild type product level],PHIPO:0001200,,BTO:0001461,Macroscopic observation (qualitative observation),gene-for-gene interaction,15672814,,,,
PHIG:7652,Q709D8,,5507,Fusarium oxysporum,59765,race 3 strain Fol029,strain,Avr3+ (wild type) [Wild type product level],Q9XET3,,4081,Solanum lycopersicum,,90E341F line,species,I2+ (wild type) [Wild type product level],PHIPO:0001200,,BTO:0001461,Macroscopic observation (qualitative observation),gene-for-gene interaction,15672814,,,,
PHIG:7652,Q709D8,,5507,Fusarium oxysporum,59765,race 3 strain Fol029,strain,Avr3 delta (deletion),Q9XET3,,4081,Solanum lycopersicum,,90E341F line,species,I2+ (wild type) [Wild type product level],PHIPO:0001200,,BTO:0001461,Macroscopic observation (qualitative observation),gene-for-gene interaction,15672814,,,,
PHIG:7652,Q709D8,,5507,Fusarium oxysporum,59765,race 3 strain Fol029,strain,Avr3+ (wild type) [Wild type product level],,,4081,Solanum lycopersicum,,E779,none,,PHIPO:0001199,,BTO:0001461,Macroscopic observation (quantitative observation),interspecies interaction,15672814,,,,
PHIG:7652,Q709D8,,5507,Fusarium oxysporum,59765,race 3 strain Fol029,strain,Avr3+ (wild type) [Wild type product level],,,4081,Solanum lycopersicum,,cv. C32,none,,PHIPO:0001200,,BTO:0001461,Macroscopic observation (qualitative observation),interspecies interaction,15672814,,,,
PHIG:7652,Q709D8,,5507,Fusarium oxysporum,59765,race 3 strain Fol029,strain,Avr3 delta (deletion),,,4081,Solanum lycopersicum,,cv. C32,none,,PHIPO:0001200,,BTO:0001461,Macroscopic observation (qualitative observation),interspecies interaction,15672814,,,,
PHIG:7652,Q709D8,,5507,Fusarium oxysporum,59765,race 3 strain Fol029,strain,Avr3 delta (deletion),,,4081,Solanum lycopersicum,,E779,none,,PHIPO:0001200,,BTO:0001461,Macroscopic observation (quantitative observation),interspecies interaction,15672814,,,,
PHIG:355,Q9HUS5,,287,Pseudomonas aeruginosa,208964,PAO1,strain,desB+ (wild type) [Wild type product level],,,10090,Mus musculus,,ICR,none,,,PHIDO:0000259,BTO:0000763,,interspecies interaction,32323095,,,,
PHIG:355,Q9HUS5,,287,Pseudomonas aeruginosa,208964,PAO1,strain,desB+ (wild type) [Wild type product level],,,10090,Mus musculus,,ICR,none,,PHIPO:0001069,,BTO:0000763,Macroscopic observation (quantitative observation),interspecies interaction,32323095,,,,
PHIG:355,Q9HUS5,,287,Pseudomonas aeruginosa,208964,PAO1,strain,desBdelta (deletion),,,10090,Mus musculus,,ICR,none,,PHIPO:0001068,,BTO:0000763,Macroscopic observation (quantitative observation),interspecies interaction,32323095,Reduced virulence,,,
PHIG:355,Q9HUS5,,287,Pseudomonas aeruginosa,208964,PAO1,strain,desB+ (wild type) [Wild type product level],,,10090,Mus musculus,,ICR,none,,PHIPO:0000954,,BTO:0000763,Macroscopic observation (quantitative observation),interspecies interaction,32323095,,,,
PHIG:355,Q9HUS5,,287,Pseudomonas aeruginosa,208964,PAO1,strain,desBdelta (deletion),,,10090,Mus musculus,,ICR,none,,PHIPO:0000365,,BTO:0000763,Macroscopic observation (quantitative observation),interspecies interaction,32323095,,,,
PHIG:355,Q9HUS5,,287,Pseudomonas aeruginosa,208964,PAO1,strain,desB+ (wild type) [Wild type product level],,,10090,Mus musculus,,ICR,none,,PHIPO:0001253,,BTO:0000763,Macroscopic observation (quantitative observation),interspecies interaction,32323095,,,,
PHIG:355,Q9HUS5,,287,Pseudomonas aeruginosa,208964,PAO1,strain,desBdelta (deletion),,,10090,Mus musculus,,ICR,none,,PHIPO:0001254,,BTO:0000763,Macroscopic observation (quantitative observation),interspecies interaction,32323095,Reduced virulence,,,
PHIG:355,Q9HUS5,,287,Pseudomonas aeruginosa,208964,PAO1,strain,desB+ (wild type) [Wild type product level],,,10090,Mus musculus,,ICR,none,,PHIPO:0001253,,BTO:0000763,Microscopy,interspecies interaction,32323095,,,,
PHIG:355,Q9HUS5,,287,Pseudomonas aeruginosa,208964,PAO1,strain,desBdelta (deletion),,,10090,Mus musculus,,ICR,none,,PHIPO:0001254,,BTO:0000763,Microscopy,interspecies interaction,32323095,Reduced virulence,,,
PHIG:355,Q9HUS5,,287,Pseudomonas aeruginosa,208964,PAO1,strain,desB+ (wild type) [Wild type product level],,,9606,Homo sapiens,,A-549 cell line,none,,PHIPO:0001261,,,Substance quantification evidence,interspecies interaction,32323095,,,,
PHIG:355,Q9HUS5,,287,Pseudomonas aeruginosa,208964,PAO1,strain,desBdelta (deletion),,,9606,Homo sapiens,,A-549 cell line,none,,PHIPO:0001261,,,Substance quantification evidence,interspecies interaction,32323095,Reduced virulence,,,
PHIG:355,Q9HUS5,,287,Pseudomonas aeruginosa,208964,PAO1,strain,desB+ (wild type) [Wild type product level],,,9606,Homo sapiens,,A-549 cell line,none,,PHIPO:0001256,,,Substance quantification evidence,interspecies interaction,32323095,,,,
PHIG:355,Q9HUS5,,287,Pseudomonas aeruginosa,208964,PAO1,strain,desBdelta (deletion),,,9606,Homo sapiens,,A-549 cell line,none,,PHIPO:0000992,,,Substance quantification evidence,interspecies interaction,32323095,,,,
PHIG:355,Q9HUS5,,287,Pseudomonas aeruginosa,208964,PAO1,strain,desB+ (wild type) [Wild type product level],,,9606,Homo sapiens,,A-549 cell line,none,,PHIPO:0000331,,,Penetration assay,interspecies interaction,32323095,Unaffected pathogenicity,,,
PHIG:355,Q9HUS5,,287,Pseudomonas aeruginosa,208964,PAO1,strain,desBdelta (deletion),,,9606,Homo sapiens,,A-549 cell line,none,,PHIPO:0000359,,,Penetration assay,interspecies interaction,32323095,Reduced virulence,,,
PHIG:355,Q9HUS5,,287,Pseudomonas aeruginosa,208964,PAO1,strain,desB+ (wild type) [Wild type product level],,,10090,Mus musculus,,ICR,none,,PHIPO:0001229,,BTO:0000763,Macroscopic observation (quantitative observation),interspecies interaction,32323095,,,,
PHIG:355,Q9HUS5,,287,Pseudomonas aeruginosa,208964,PAO1,strain,desBdelta (deletion),,,10090,Mus musculus,,ICR,none,,PHIPO:0001252,,BTO:0000763,Macroscopic observation (quantitative observation),interspecies interaction,32323095,,,,
PHIG:355,Q9HUS5,,287,Pseudomonas aeruginosa,208964,PAO1,strain,desB+ (wild type) [Wild type product level],,,9606,Homo sapiens,,A-549 cell line,none,,PHIPO:0001256,,,Substance quantification evidence,interspecies interaction,32323095,,,,
PHIG:355,Q9HUS5,,287,Pseudomonas aeruginosa,208964,PAO1,strain,desBdelta (deletion),,,9606,Homo sapiens,,A-549 cell line,none,,PHIPO:0000992,,,Substance quantification evidence,interspecies interaction,32323095,,,,
,,,347,Xanthomonas oryzae,,PXO99A,none,,Q6YZF3,,4530,Oryza sativa,39947,cv. Nipponbare,strain,Os8N3+ (wild type) [Wild type product level],PHIPO:0000954,,BTO:0001461,Macroscopic observation (quantitative observation),interspecies interaction,16798873,,,,
,,,347,Xanthomonas oryzae,,PXO99A,none,,Q6YZF3,,4530,Oryza sativa,39947,cv. Nipponbare,strain,Os8N3(silenced) (disruption) [Knockdown],PHIPO:0000365,,BTO:0001461,Macroscopic observation (quantitative observation),interspecies interaction,16798873,,,,
,,,347,Xanthomonas oryzae,,PXO86,none,,Q6YZF3,,4530,Oryza sativa,39947,cv. Nipponbare,strain,Os8N3(silenced) (disruption) [Knockdown],PHIPO:0000954,,BTO:0001461,Macroscopic observation (quantitative observation),interspecies interaction,16798873,,,,
PHIG:3961,Q9FDG1,,347,Xanthomonas oryzae,64187,PXO99A,strain,AvrXa7+ (wild type) [Wild type product level],Q6YZF3,,4530,Oryza sativa,39947,cv. Nipponbare,strain,Os8N3(silenced) (disruption) [Knockdown],PHIPO:0000954,,BTO:0001461,Macroscopic observation (quantitative observation),interspecies interaction,16798873,,,,
PHIG:3961,Q9FDG1,,347,Xanthomonas oryzae,64187,PXO99A,strain,AvrXa7+ (wild type) [Wild type product level],,,4530,Oryza sativa,,IRBB13,none,,PHIPO:0000954,,BTO:0001461,Macroscopic observation (quantitative observation),interspecies interaction,16798873,,,,
PHIG:3961,Q9FDG1,,347,Xanthomonas oryzae,64187,PXO99A,strain,AvrXa7+ (wild type) [Wild type product level],,,4530,Oryza sativa,,cv. IR24,none,,PHIPO:0000954,,BTO:0001461,Macroscopic observation (quantitative observation),interspecies interaction,16798873,,,,
,,,347,Xanthomonas oryzae,,PXO99A,none,,Q6YZF3,,4530,Oryza sativa,39947,cv. Nipponbare,strain,Os8N3+ (wild type) [Wild type product level],,PHIDO:0000024,,,interspecies interaction,16798873,,,,
PHIG:11417,A0A7U2EWA5,,13684,Parastagonospora nodorum,321614,Unknown strain,strain,ToxA+ (wild type) [Wild type product level],D7PDA1,,4565,Triticum aestivum,,Kulm,species,Tsn1+ (wild type) [Wild type product level],PHIPO:0000477,,BTO:0000713,Macroscopic observation (qualitative observation),gene-for-gene interaction,20624958,,,,
PHIG:11417,A0A7U2EWA5,,13684,Parastagonospora nodorum,321614,Unknown strain,strain,ToxA+ (wild type) [Wild type product level],,,4565,Triticum aestivum,,Kems103,none,,PHIPO:0000465,,BTO:0000713,Macroscopic observation (qualitative observation),gene-for-gene interaction,20624958,,,,
PHIG:11417,A0A7U2EWA5,,13684,Parastagonospora nodorum,321614,Unknown strain,strain,ToxA+ (wild type) [Wild type product level],,,4565,Triticum aestivum,,Kems103,none,,,PHIDO:0000345,,,interspecies interaction,20624958,,,,
PHIG:3745,H6U2P7,,4784,Phytophthora capsici,,Hd3,species,CesA3+ (wild type) [Wild type product level],,,4072,Capsicum annuum,,Tedaqiemen,none,,PHIPO:0000480,,BTO:0000713,Macroscopic observation (quantitative observation),interspecies interaction,23431382,,,,
PHIG:3745,H6U2P7,,4784,Phytophthora capsici,,Hd3,species,CesA3(Q1077K) (amino acid mutation) [Not assayed],,,4072,Capsicum annuum,,Tedaqiemen,none,,PHIPO:0000985,,BTO:0000713,Macroscopic observation (quantitative observation),interspecies interaction,23431382,Reduced virulence,,,
PHIG:7652,Q709D8,,5507,Fusarium oxysporum,59765,race 3 strain Fol029,strain,Avr3+ (wild type) [Wild type product level],,,4081,Solanum lycopersicum,,cv. C32,none,,PHIPO:0001200,,BTO:0001461,Macroscopic observation (qualitative observation),gene-for-gene interaction,18464895,,,,
PHIG:7652,Q709D8,,5507,Fusarium oxysporum,59765,race 3 strain Fol029,strain,Avr3+ (wild type) [Wild type product level],,,4081,Solanum lycopersicum,,90E402F,none,,PHIPO:0001200,,BTO:0001461,Macroscopic observation (qualitative observation),gene-for-gene interaction,18464895,,,,
PHIG:7652,Q709D8,,5507,Fusarium oxysporum,59765,race 3 strain Fol029,strain,Avr3+ (wild type) [Wild type product level],,,4081,Solanum lycopersicum,,90E341F line,none,,PHIPO:0001200,,BTO:0001461,Macroscopic observation (qualitative observation),gene-for-gene interaction,18464895,,,,
PHIG:7652,Q709D8,,5507,Fusarium oxysporum,59765,race 3 strain Fol029,strain,Avr3+ (wild type) [Wild type product level],,,4081,Solanum lycopersicum,,E779,none,,PHIPO:0001199,,BTO:0001461,Macroscopic observation (qualitative observation),gene-for-gene interaction,18464895,,,,
PHIG:10484,A7F083,,5180,Sclerotinia sclerotiorum,665079,WMA1,strain,Met1+ (wild type) [Wild type product level],,,3885,Phaseolus vulgaris,,Unknown strain,none,,,PHIDO:0000393,,,interspecies interaction,40475292,,,,
PHIG:10484,A7F083,,5180,Sclerotinia sclerotiorum,665079,WMA1,strain,Met1+ (wild type) [Wild type product level],,,3885,Phaseolus vulgaris,,Unknown strain,none,,PHIPO:0000954,,BTO:0000713,Macroscopic observation (quantitative observation),interspecies interaction,40475292,,,,
PHIG:10484,A7F083,,5180,Sclerotinia sclerotiorum,665079,WMA1,strain,Met1delta (deletion),,,3885,Phaseolus vulgaris,,Unknown strain,none,,PHIPO:0000365,,BTO:0000713,Macroscopic observation (quantitative observation),interspecies interaction,40475292,Reduced virulence,,,
PHIG:1659,D0NDJ8,,4787,Phytophthora infestans,403677,88069,strain,Avr2-OE transformant(overexpression) (transformant) [Ectopic],,,4113,Solanum tuberosum,,cv Desiree,none,,PHIPO:0001006,,BTO:0001461,Macroscopic observation (qualitative observation),interspecies interaction,28270626,,,,
PHIG:1659,D0NDJ8,,4787,Phytophthora infestans,403677,88069,strain,Avr2-OE transformant(overexpression) (transformant) [Ectopic],,,4113,Solanum tuberosum,,cv Desiree,none,,PHIPO:0001006,,BTO:0000713,Macroscopic observation (qualitative observation),interspecies interaction,28270626,,,,
PHIG:1659,D0NDJ8,,4787,Phytophthora infestans,403677,88069,strain,Avr2-GFP transformant(GFP tag added) (transformant) [Ectopic],,,4100,Nicotiana benthamiana,,Unknown strain,none,,PHIPO:0000368,,BTO:0000713,Macroscopic observation (quantitative observation),interspecies interaction,28270626,Increased virulence,,,
PHIG:84,Q572D3,,4787,Phytophthora infestans,,88069,species,Avr3a+ (wild type) [Ectopic],,,4100,Nicotiana benthamiana,,Unknown strain,none,,PHIPO:0001204,,BTO:0000713,Macroscopic observation (quantitative observation),interspecies interaction,28270626,,,,
PHIG:1659,D0NDJ8,,4787,Phytophthora infestans,403677,88069,strain,Avr2+ (wild type) [Wild type product level],,,4113,Solanum tuberosum,,cv Desiree,none,,,PHIDO:0000206,,,interspecies interaction,28270626,,,,
,,,4787,Phytophthora infestans,,88069,none,,M0ZJ89,,4113,Solanum tuberosum,,cv Desiree,species,Chl1-OE transformant(overexpression) (transformant) [Ectopic],PHIPO:0001204,,BTO:0000713,Macroscopic observation (quantitative observation),interspecies interaction,28270626,,,,
PHIG:1659,D0NDJ8,,4787,Phytophthora infestans,403677,88069,strain,Avr2-OE transformant(overexpression) (transformant) [Ectopic],,,4113,Solanum tuberosum,,cv Desiree,none,,PHIPO:0000368,,BTO:0000713,Macroscopic observation (quantitative observation),interspecies interaction,28270626,,,,
,,,4787,Phytophthora infestans,,88069,none,,M0ZJ89,,4113,Solanum tuberosum,,cv Desiree,species,Chl1-OE transformant(overexpression) (transformant) [Ectopic],PHIPO:0000368,,BTO:0000713,Macroscopic observation (quantitative observation),interspecies interaction,28270626,,,,
,,,4787,Phytophthora infestans,,88069,none,,M0ZJ89,,4113,Solanum tuberosum,,cv Desiree,species,siCh11(VIGS) (disruption) [Knockdown],PHIPO:0000365,,BTO:0000713,Macroscopic observation (quantitative observation),interspecies interaction,28270626,,,,
PHIG:4488,I1RB96,,5518,Fusarium graminearum,229533,PH-1,strain,Slp1+ (wild type) [Ectopic],,,4100,Nicotiana benthamiana,,Unknown strain,none,,PHIPO:0000477,,BTO:0000713,Macroscopic observation (qualitative observation),interspecies interaction,38478507,,,,
PHIG:4475,I1RHQ4,,5518,Fusarium graminearum,229533,PH-1,strain,Slp2+ (wild type) [Ectopic],,,4100,Nicotiana benthamiana,,Unknown strain,none,,PHIPO:0000477,,BTO:0000713,Macroscopic observation (qualitative observation),interspecies interaction,38478507,,,,
PHIG:4484,I1S1C5,,5518,Fusarium graminearum,229533,PH-1,strain,Slp3+ (wild type) [Ectopic],,,4100,Nicotiana benthamiana,,Unknown strain,none,,PHIPO:0000477,,BTO:0000713,Macroscopic observation (qualitative observation),interspecies interaction,38478507,,,,
PHIG:4471,I1S1J0,,5518,Fusarium graminearum,229533,PH-1,strain,Slp4+ (wild type) [Ectopic],,,4100,Nicotiana benthamiana,,Unknown strain,none,,PHIPO:0000477,,BTO:0000713,Macroscopic observation (qualitative observation),interspecies interaction,38478507,,,,
PHIG:4480,I1S1U2,,5518,Fusarium graminearum,229533,PH-1,strain,Slp5+ (wild type) [Ectopic],,,4100,Nicotiana benthamiana,,Unknown strain,none,,PHIPO:0000477,,BTO:0000713,Macroscopic observation (qualitative observation),interspecies interaction,38478507,,,,
PHIG:4488,I1RB96,,5518,Fusarium graminearum,229533,PH-1,strain,Slp1+ (wild type) [Ectopic],,,3634,Gossypium barbadense,,Unknown strain,none,,PHIPO:0000477,,BTO:0000713,Macroscopic observation (qualitative observation),interspecies interaction,38478507,,,,
PHIG:4475,I1RHQ4,,5518,Fusarium graminearum,229533,PH-1,strain,Slp2+ (wild type) [Ectopic],,,3634,Gossypium barbadense,,Unknown strain,none,,PHIPO:0000477,,BTO:0000713,Macroscopic observation (qualitative observation),interspecies interaction,38478507,,,,
PHIG:4484,I1S1C5,,5518,Fusarium graminearum,229533,PH-1,strain,Slp3+ (wild type) [Ectopic],,,3634,Gossypium barbadense,,Unknown strain,none,,PHIPO:0000477,,BTO:0000713,Macroscopic observation (qualitative observation),interspecies interaction,38478507,,,,
PHIG:4471,I1S1J0,,5518,Fusarium graminearum,229533,PH-1,strain,Slp4+ (wild type) [Ectopic],,,3634,Gossypium barbadense,,Unknown strain,none,,PHIPO:0000477,,BTO:0000713,Macroscopic observation (qualitative observation),interspecies interaction,38478507,,,,
PHIG:4480,I1S1U2,,5518,Fusarium graminearum,229533,PH-1,strain,Slp5+ (wild type) [Ectopic],,,3634,Gossypium barbadense,,Unknown strain,none,,PHIPO:0000477,,BTO:0000713,Macroscopic observation (qualitative observation),interspecies interaction,38478507,,,,
PHIG:4488,I1RB96,,5518,Fusarium graminearum,229533,PH-1,strain,Slp1+ (wild type) [Ectopic],,,4100,Nicotiana benthamiana,,Unknown strain,none,,PHIPO:0000927,,BTO:0000713,Macroscopic observation (qualitative observation),interspecies interaction,38478507,,,,
PHIG:4475,I1RHQ4,,5518,Fusarium graminearum,229533,PH-1,strain,Slp2+ (wild type) [Ectopic],,,4100,Nicotiana benthamiana,,Unknown strain,none,,PHIPO:0000927,,BTO:0000713,Macroscopic observation (qualitative observation),interspecies interaction,38478507,,,,
PHIG:4484,I1S1C5,,5518,Fusarium graminearum,229533,PH-1,strain,Slp3+ (wild type) [Ectopic],,,4100,Nicotiana benthamiana,,Unknown strain,none,,PHIPO:0000927,,BTO:0000713,Macroscopic observation (qualitative observation),interspecies interaction,38478507,,,,
PHIG:4471,I1S1J0,,5518,Fusarium graminearum,229533,PH-1,strain,Slp4+ (wild type) [Ectopic],,,4100,Nicotiana benthamiana,,Unknown strain,none,,PHIPO:0000927,,BTO:0000713,Macroscopic observation (qualitative observation),interspecies interaction,38478507,,,,
PHIG:4480,I1S1U2,,5518,Fusarium graminearum,229533,PH-1,strain,Slp5+ (wild type) [Ectopic],,,4100,Nicotiana benthamiana,,Unknown strain,none,,PHIPO:0000927,,BTO:0000713,Macroscopic observation (qualitative observation),interspecies interaction,38478507,,,,
PHIG:4480,I1S1U2,,5518,Fusarium graminearum,229533,PH-1,strain,Slp5(overexpression) (other) [Overexpression],,,3702,Arabidopsis thaliana,,ecotype Columbia-0,none,,PHIPO:0000477,,BTO:0001228,Macroscopic observation (quantitative observation),interspecies interaction,38478507,,,,
PHIG:4488,I1RB96,,5518,Fusarium graminearum,229533,PH-1,strain,Slp1deltasp(deletion of the signal peptide 1-20) (partial amino acid deletion) [Ectopic],,,4100,Nicotiana benthamiana,,Unknown strain,none,,PHIPO:0000477,,BTO:0000713,Macroscopic observation (qualitative observation),interspecies interaction,38478507,,,,
PHIG:4475,I1RHQ4,,5518,Fusarium graminearum,229533,PH-1,strain,Slp2deltasp(deletion of the signal peptide1-20) (partial amino acid deletion) [Ectopic],,,4100,Nicotiana benthamiana,,Unknown strain,none,,PHIPO:0000477,,BTO:0000713,Macroscopic observation (qualitative observation),interspecies interaction,38478507,,,,
PHIG:4488,I1RB96,,5518,Fusarium graminearum,229533,PH-1,strain,Slp1deltasp(deletion of the signal peptide 1-20) (partial amino acid deletion) [Ectopic],,,4100,Nicotiana benthamiana,,Unknown strain,none,,PHIPO:0000477,,BTO:0000713,Macroscopic observation (qualitative observation),interspecies interaction,38478507,,,,
PHIG:4475,I1RHQ4,,5518,Fusarium graminearum,229533,PH-1,strain,Slp2deltasp(deletion of the signal peptide1-20) (partial amino acid deletion) [Ectopic],,,4100,Nicotiana benthamiana,,Unknown strain,none,,PHIPO:0000477,,BTO:0000713,Macroscopic observation (qualitative observation),interspecies interaction,38478507,,,,
PHIG:4488,I1RB96,,5518,Fusarium graminearum,229533,PH-1,strain,Slp1(D169A) (amino acid mutation) [Ectopic],,,4100,Nicotiana benthamiana,,Unknown strain,none,,PHIPO:0000465,,BTO:0000713,Macroscopic observation (qualitative observation),interspecies interaction,38478507,,,,
PHIG:4488,I1RB96,,5518,Fusarium graminearum,229533,PH-1,strain,Slp1(H200A) (amino acid mutation) [Ectopic],,,4100,Nicotiana benthamiana,,Unknown strain,none,,PHIPO:0000465,,BTO:0000713,Macroscopic observation (qualitative observation),interspecies interaction,38478507,,,,
PHIG:4488,I1RB96,,5518,Fusarium graminearum,229533,PH-1,strain,Slp1(N291A) (amino acid mutation) [Ectopic],,,4100,Nicotiana benthamiana,,Unknown strain,none,,PHIPO:0000465,,BTO:0000713,Macroscopic observation (qualitative observation),interspecies interaction,38478507,,,,
PHIG:4488,I1RB96,,5518,Fusarium graminearum,229533,PH-1,strain,Slp1(S356A) (amino acid mutation) [Ectopic],,,4100,Nicotiana benthamiana,,Unknown strain,none,,PHIPO:0000465,,BTO:0000713,Macroscopic observation (qualitative observation),interspecies interaction,38478507,,,,
PHIG:4488,I1RB96,,5518,Fusarium graminearum,229533,PH-1,strain,Slp1deltaN34(1-34) (partial amino acid deletion) [Ectopic],,,4100,Nicotiana benthamiana,,Unknown strain,none,,PHIPO:0000477,,BTO:0000713,Macroscopic observation (qualitative observation),interspecies interaction,38478507,,,,
PHIG:4488,I1RB96,,5518,Fusarium graminearum,229533,PH-1,strain,Slp1deltaN77(1-77) (partial amino acid deletion) [Ectopic],,,4100,Nicotiana benthamiana,,Unknown strain,none,,PHIPO:0000465,,BTO:0000713,Macroscopic observation (qualitative observation),interspecies interaction,38478507,,,,
PHIG:4488,I1RB96,,5518,Fusarium graminearum,229533,PH-1,strain,Slp1deltaN97(1-97) (partial amino acid deletion) [Ectopic],,,4100,Nicotiana benthamiana,,Unknown strain,none,,PHIPO:0000465,,BTO:0000713,Macroscopic observation (qualitative observation),interspecies interaction,38478507,,,,
PHIG:4488,I1RB96,,5518,Fusarium graminearum,229533,PH-1,strain,Slp1deltaN114(1-114) (partial amino acid deletion) [Ectopic],,,4100,Nicotiana benthamiana,,Unknown strain,none,,PHIPO:0000465,,BTO:0000713,Macroscopic observation (qualitative observation),interspecies interaction,38478507,,,,
PHIG:4488,I1RB96,,5518,Fusarium graminearum,229533,PH-1,strain,Slp1deltaC15(398-413) (partial amino acid deletion) [Ectopic],,,4100,Nicotiana benthamiana,,Unknown strain,none,,PHIPO:0000465,,BTO:0000713,Macroscopic observation (qualitative observation),interspecies interaction,38478507,,,,
PHIG:9035,E4ZT77,,5022,Leptosphaeria maculans,985895,IBCN14,strain,AvrLm11 transformant(complement by re-introducing the wild-type allele at an ectopic locus) (transformant) [Ectopic],,,3708,Brassica napus,,cv. 02-159-4-1,none,,PHIPO:0000481,,BTO:0000300,Macroscopic observation (qualitative observation),gene-for-gene interaction,23406519,,,,
PHIG:9035,E4ZT77,,5022,Leptosphaeria maculans,985895,IBCN14,strain,AvrLm11 transformant(complement by re-introducing the wild-type allele at an ectopic locus) (transformant) [Ectopic],,,3708,Brassica napus,,cv. 02-23-3-1,none,,PHIPO:0000480,,BTO:0000300,Macroscopic observation (qualitative observation),gene-for-gene interaction,23406519,,,,
PHIG:9035,E4ZT77,,5022,Leptosphaeria maculans,985895,IBCN14,strain,AvrLm11 transformant(complement by re-introducing the wild-type allele at an ectopic locus) (transformant) [Ectopic],,,3708,Brassica napus,,cv. Westar,none,,PHIPO:0000480,,BTO:0000300,Macroscopic observation (qualitative observation),gene-for-gene interaction,23406519,,,,
PHIG:9035,E4ZT77,,5022,Leptosphaeria maculans,985895,IBCN14,strain,AvrLm11 transformant(complement by re-introducing the wild-type allele at an ectopic locus) (transformant) [Ectopic],,,3708,Brassica napus,,cv. Westar,none,,,PHIDO:0000051,,,interspecies interaction,23406519,,,,
PHIG:9035,E4ZT77,,5022,Leptosphaeria maculans,985895,v23.1.2,strain,Av7+Av11+ (wild type) [Wild type product level],,,3708,Brassica napus,,cv. Westar,none,,PHIPO:0000480,,BTO:0000300,Macroscopic observation (qualitative observation),gene-for-gene interaction,23406519,,,,
PHIG:9035,E4ZT77,,5022,Leptosphaeria maculans,985895,v23.1.2,strain,Av7+Av11+ (wild type) [Wild type product level],,,3708,Brassica napus,,cv. 02-159-4-1,none,,PHIPO:0000481,,BTO:0000300,Macroscopic observation (qualitative observation),gene-for-gene interaction,23406519,,,,
PHIG:9035,E4ZT77,,5022,Leptosphaeria maculans,985895,v23.1.2,strain,Av7+Av11+ (wild type) [Wild type product level],,,3708,Brassica napus,,cv. 02-23-3-1,none,,PHIPO:0000481,,BTO:0000300,Macroscopic observation (qualitative observation),gene-for-gene interaction,23406519,,,,
PHIG:9035,E4ZT77,,5022,Leptosphaeria maculans,985895,v38.2.5,strain,Av7+ (wild type) [Wild type product level],,,3708,Brassica napus,,cv. Westar,none,,PHIPO:0000480,,BTO:0000300,Macroscopic observation (qualitative observation),gene-for-gene interaction,23406519,,,,
PHIG:9035,E4ZT77,,5022,Leptosphaeria maculans,985895,v38.2.5,strain,Av7+ (wild type) [Wild type product level],,,3708,Brassica napus,,cv. 02-159-4-1,none,,PHIPO:0000480,,BTO:0000300,Macroscopic observation (qualitative observation),gene-for-gene interaction,23406519,,,,
PHIG:9035,E4ZT77,,5022,Leptosphaeria maculans,985895,v38.2.5,strain,Av7+ (wild type) [Wild type product level],,,3708,Brassica napus,,cv. 02-23-3-1,none,,PHIPO:0000481,,BTO:0000300,Macroscopic observation (qualitative observation),gene-for-gene interaction,23406519,,,,
PHIG:10406,K7N7F9,,80884,Colletotrichum higginsianum,,Unknown strain,species,NLP1+ (wild type) [Ectopic],,,4100,Nicotiana benthamiana,,Unknown strain,none,,PHIPO:0000477,,,Macroscopic observation (qualitative observation),interspecies interaction,40872185,,,,
PHIG:10407,K7N7H0,,80884,Colletotrichum higginsianum,,Unknown strain,species,EC88+ (wild type) [Wild type product level],,,7116,Pieris brassicae,,Unknown strain,none,,,PHIDO:0000013,,,interspecies interaction,40872185,,,,
PHIG:8258,D0U2D1,,5507,Fusarium oxysporum,59765,f. sp. lycopersici,strain,Avr2+ (wild type) [Ectopic],Q9XET3,,4081,Solanum lycopersicum,,Unknown strain,species,I2+ (wild type) [Ectopic],PHIPO:0000192,,BTO:0000713,Macroscopic observation (quantitative observation),gene-for-gene interaction,24313955,,,,
PHIG:8258,D0U2D1,,5507,Fusarium oxysporum,59765,f. sp. lycopersici,strain,Avr2delta (deletion),Q9XET3,,4081,Solanum lycopersicum,,Unknown strain,species,I2+ (wild type) [Ectopic],,PHIDO:0000381,,,interspecies interaction,24313955,,,,
PHIG:11377,A0A8H7MJZ9,,205686,Ascochyta lentis,,AlKewell,species,AlAvr1+ (wild type) [Wild type product level],,,3864,Lens culinaris,,PBA Hurricane XT,none,,PHIPO:0000954,,BTO:0000713,Macroscopic observation (quantitative observation),interspecies interaction,35246929,,,,
PHIG:11377,A0A8H7MJZ9,,205686,Ascochyta lentis,,AlKewell,species,AlAvr1delta (deletion),,,3864,Lens culinaris,,PBA Hurricane XT,none,,PHIPO:0000365,,BTO:0000713,Macroscopic observation (quantitative observation),interspecies interaction,35246929,Reduced virulence,,,
PHIG:11377,A0A8H7MJZ9,,205686,Ascochyta lentis,,AlKewell,species,AlAvr1+ (wild type) [Wild type product level],,,3864,Lens culinaris,,Nipper,none,,PHIPO:0000363,,BTO:0000713,Macroscopic observation (quantitative observation),interspecies interaction,35246929,,,,
PHIG:11377,A0A8H7MJZ9,,205686,Ascochyta lentis,,AlKewell,species,AlAvr1delta (deletion),,,3864,Lens culinaris,,Nipper,none,,PHIPO:0000363,,BTO:0000713,Macroscopic observation (quantitative observation),interspecies interaction,35246929,,,,
PHIG:11377,A0A8H7MJZ9,,205686,Ascochyta lentis,,AlKewell,species,AlAvr1+ (wild type) [Wild type product level],,,3864,Lens culinaris,,PBA Hurricane XT,none,,,PHIDO:0000019,,,interspecies interaction,35246929,,,,
PHIG:8948,I1RXB5,,5518,Fusarium graminearum,229533,PH-1,strain,FgTem1delta (deletion),,,4565,Triticum aestivum,,Unknown strain,none,,PHIPO:0001160,,BTO:0002119,Macroscopic observation (quantitative observation),interspecies interaction,36928713,Reduced virulence,,,
PHIG:8948,I1RXB5,,5518,Fusarium graminearum,229533,PH-1,strain,FgTem1+ (wild type) [Wild type product level],,,4565,Triticum aestivum,,Unknown strain,none,,PHIPO:0001229,,BTO:0002119,Macroscopic observation (quantitative observation),interspecies interaction,36928713,,,,
PHIG:8948,I1RXB5,,5518,Fusarium graminearum,229533,PH-1,strain,FgTem1+ (wild type) [Wild type product level],,,4565,Triticum aestivum,,Unknown strain,none,,,PHIDO:0000163,BTO:0001278,,interspecies interaction,36928713,,,,
PHIG:8781,A0A6B7L9I7,,,Cercospora cf. flagellaris,,MRL 6020-2B,species,Avr4+ (wild type) [Wild type product level],,,3847,Glycine max,,Syngenta 02JR423003,none,,,PHIDO:0000207,,,interspecies interaction,31642594,Effector,,,
PHIG:8781,A0A6B7L9I7,,,Cercospora cf. flagellaris,,MRL 6020-2B,species,Avr4+ (wild type) [Wild type product level],,,3847,Glycine max,,Syngenta 02JR423003,none,,PHIPO:0000951,,BTO:0000713,Macroscopic observation (quantitative observation),interspecies interaction,31642594,Effector,,,
PHIG:8781,A0A6B7L9I7,,,Cercospora cf. flagellaris,,MRL 6020-2B,species,AVR4 delta(HYG) (disruption) [Null],,,3847,Glycine max,,Syngenta 02JR423003,none,,PHIPO:0000365,,BTO:0000713,Macroscopic observation (quantitative observation),interspecies interaction,31642594,Reduced virulence; Effector,,,
PHIG:10394,A0A8H4IJS7,,55169,Botryosphaeria dothidea,,LW03,species,Atg3 delta (deletion),,,3750,Malus domestica,,cv. Fuji,none,,PHIPO:0000365,,BTO:0000486,Macroscopic observation (qualitative observation),interspecies interaction,40894500,Reduced virulence,,,
PHIG:10394,A0A8H4IJS7,,55169,Botryosphaeria dothidea,,LW03,species,Atg3+ (wild type) [Wild type product level],,,3750,Malus domestica,,cv. Fuji,none,,PHIPO:0000951,,BTO:0000486,Macroscopic observation (quantitative observation),interspecies interaction,40894500,,,,
PHIG:10394,A0A8H4IJS7,,55169,Botryosphaeria dothidea,,LW03,species,Atg3delta-Atg3 transformant(complement by re-introducing the wild-type allele at an ectopic locus) (transformant) [Ectopic],,,3750,Malus domestica,,cv. Fuji,none,,PHIPO:0000951,,BTO:0000486,Macroscopic observation (qualitative observation),interspecies interaction,40894500,Unaffected pathogenicity,,,
PHIG:10394,A0A8H4IJS7,,55169,Botryosphaeria dothidea,,LW03,species,Atg3+ (wild type) [Wild type product level],,,3750,Malus domestica,,cv. Fuji,none,,PHIPO:0000951,,BTO:0000148,Macroscopic observation (qualitative observation),interspecies interaction,40894500,,,,
PHIG:10394,A0A8H4IJS7,,55169,Botryosphaeria dothidea,,LW03,species,Atg3delta-Atg3 transformant(complement by re-introducing the wild-type allele at an ectopic locus) (transformant) [Ectopic],,,3750,Malus domestica,,cv. Fuji,none,,PHIPO:0000951,,BTO:0000148,Macroscopic observation (qualitative observation),interspecies interaction,40894500,Unaffected pathogenicity,,,
PHIG:10394,A0A8H4IJS7,,55169,Botryosphaeria dothidea,,LW03,species,Atg3 delta (deletion),,,3750,Malus domestica,,cv. Fuji,none,,PHIPO:0000365,,BTO:0000148,Macroscopic observation (qualitative observation),interspecies interaction,40894500,Reduced virulence,,,
PHIG:10394,A0A8H4IJS7,,55169,Botryosphaeria dothidea,,LW03,species,Atg3+ (wild type) [Wild type product level],,,3750,Malus domestica,,cv. Fuji,none,,,PHIDO:0000473,,,interspecies interaction,40894500,,,,
PHIG:313,G4MWY1,,318829,Magnaporthe oryzae,242507,Guy11,strain,MoGT2delta (deletion),,,4530,Oryza sativa,,cv. CO-39,none,,PHIPO:0000481,,BTO:0000713,Macroscopic observation (qualitative observation),interspecies interaction,31484736,Loss of pathogenicity,,,
PHIG:313,G4MWY1,,318829,Magnaporthe oryzae,242507,Guy11,strain,MoGT2delta (deletion),,,4513,Hordeum vulgare,,cv. Golden Promise,none,,PHIPO:0000481,,BTO:0000713,Macroscopic observation (qualitative observation),interspecies interaction,31484736,Loss of pathogenicity,,,
PHIG:313,G4MWY1,,318829,Magnaporthe oryzae,242507,Guy11,strain,MoGT2delta (deletion),,,4530,Oryza sativa,,cv. CO-39,none,,PHIPO:0000481,,BTO:0000713,Macroscopic observation (qualitative observation),interspecies interaction,31484736,Loss of pathogenicity,,,
PHIG:313,G4MWY1,,318829,Magnaporthe oryzae,242507,Guy11,strain,MoGT2delta (deletion),,,4513,Hordeum vulgare,,cv. Golden Promise,none,,PHIPO:0000481,,BTO:0000713,Macroscopic observation (qualitative observation),interspecies interaction,31484736,Loss of pathogenicity,,,
PHIG:313,G4MWY1,,318829,Magnaporthe oryzae,242507,Guy11,strain,GT2(D156R) (amino acid mutation) [Not assayed],,,4513,Hordeum vulgare,,cv. Golden Promise,none,,PHIPO:0000481,,BTO:0000713,Macroscopic observation (qualitative observation),interspecies interaction,31484736,Loss of pathogenicity,,,
PHIG:313,G4MWY1,,318829,Magnaporthe oryzae,242507,Guy11,strain,GT2(D158R) (amino acid mutation) [Not assayed],,,4513,Hordeum vulgare,,cv. Golden Promise,none,,PHIPO:0000481,,BTO:0000713,Macroscopic observation (qualitative observation),interspecies interaction,31484736,Loss of pathogenicity,,,
PHIG:313,G4MWY1,,318829,Magnaporthe oryzae,242507,Guy11,strain,GT2(Q301R) (amino acid mutation) [Not assayed],,,4513,Hordeum vulgare,,cv. Golden Promise,none,,PHIPO:0000985,,BTO:0000713,Macroscopic observation (qualitative observation),interspecies interaction,31484736,Reduced virulence,,,
PHIG:313,G4MWY1,,318829,Magnaporthe oryzae,242507,Guy11,strain,GT2(Q301R) (amino acid mutation) [Not assayed],,,4513,Hordeum vulgare,,cv. Golden Promise,none,,PHIPO:0000985,,BTO:0000713,Macroscopic observation (qualitative observation),interspecies interaction,31484736,Reduced virulence,,,
PHIG:313,G4MWY1,,318829,Magnaporthe oryzae,242507,Guy11,strain,GT2(Q301R) (amino acid mutation) [Not assayed],,,4530,Oryza sativa,,cv. CO-39,none,,PHIPO:0000985,,BTO:0000713,Macroscopic observation (qualitative observation),interspecies interaction,31484736,Reduced virulence,,,
PHIG:313,G4MWY1,,318829,Magnaporthe oryzae,242507,Guy11,strain,GT2+ (wild type) [Wild type product level],,,4530,Oryza sativa,,cv. CO-39,none,,PHIPO:0000480,,BTO:0000713,Macroscopic observation (qualitative observation),interspecies interaction,31484736,,,,
PHIG:313,G4MWY1,,318829,Magnaporthe oryzae,242507,Guy11,strain,GT2+ (wild type) [Wild type product level],,,4513,Hordeum vulgare,,cv. Golden Promise,none,,PHIPO:0000480,,BTO:0000713,Macroscopic observation (qualitative observation),interspecies interaction,31484736,,,,
PHIG:313,G4MWY1,,318829,Magnaporthe oryzae,242507,Guy11,strain,GT2+ (wild type) [Wild type product level],,,4530,Oryza sativa,,cv. CO-39,none,,PHIPO:0000480,,BTO:0000713,Macroscopic observation (qualitative observation),interspecies interaction,31484736,,,,
PHIG:313,G4MWY1,,318829,Magnaporthe oryzae,242507,Guy11,strain,GT2+ (wild type) [Wild type product level],,,4513,Hordeum vulgare,,cv. Golden Promise,none,,PHIPO:0000480,,BTO:0000713,Macroscopic observation (qualitative observation),interspecies interaction,31484736,,,,
PHIG:313,G4MWY1,,318829,Magnaporthe oryzae,242507,Guy11,strain,GT2+ (wild type) [Wild type product level],,,4513,Hordeum vulgare,,cv. Golden Promise,none,,PHIPO:0000480,,BTO:0000713,Macroscopic observation (qualitative observation),interspecies interaction,31484736,,,,
PHIG:313,G4MWY1,,318829,Magnaporthe oryzae,242507,Guy11,strain,GT2+ (wild type) [Wild type product level],,,4513,Hordeum vulgare,,cv. Golden Promise,none,,PHIPO:0000480,,BTO:0000713,Macroscopic observation (qualitative observation),interspecies interaction,31484736,,,,
PHIG:313,G4MWY1,,318829,Magnaporthe oryzae,242507,Guy11,strain,GT2+ (wild type) [Wild type product level],,,4530,Oryza sativa,,cv. CO-39,none,,PHIPO:0000480,,BTO:0000713,Macroscopic observation (qualitative observation),interspecies interaction,31484736,,,,
PHIG:313,G4MWY1,,318829,Magnaporthe oryzae,242507,Guy11,strain,GT2+ (wild type) [Wild type product level],,,4530,Oryza sativa,,cv. CO-39,none,,,PHIDO:0000315,BTO:0000713,,interspecies interaction,31484736,,,,
PHIG:8258,D0U2D1,,5507,Fusarium oxysporum,59765,,strain,,D0U2D1,,5507,Fusarium oxysporum,59765,,strain,,,,,Two-hybrid,protein-protein interaction,23596453,,,,
PHIG:8258,D0U2D1,,5507,Fusarium oxysporum,59765,Fol007,strain,Avr2deltasp(deletion of the signal peptide) (partial amino acid deletion) [Ectopic],Q9XET3,,4081,Solanum lycopersicum,,Unknown strain,species,I2+ (wild type) [Wild type product level],PHIPO:0000192,,BTO:0000713,Macroscopic observation (qualitative observation),gene-for-gene interaction,23596453,,,,
PHIG:8258,D0U2D1,,5507,Fusarium oxysporum,59765,Fol007,strain,Avr2(1-37 deleted) (partial amino acid deletion) [Ectopic],Q9XET3,,4081,Solanum lycopersicum,,Unknown strain,species,I2+ (wild type) [Wild type product level],PHIPO:0000192,,BTO:0000713,Macroscopic observation (qualitative observation),gene-for-gene interaction,23596453,,,,
PHIG:8258,D0U2D1,,5507,Fusarium oxysporum,59765,Fol007,strain,Avr2(1-40 deleted) (partial amino acid deletion) [Ectopic],Q9XET3,,4081,Solanum lycopersicum,,Unknown strain,species,I2+ (wild type) [Wild type product level],PHIPO:0000182,,BTO:0000713,Macroscopic observation (qualitative observation),gene-for-gene interaction,23596453,,,,
PHIG:8258,D0U2D1,,5507,Fusarium oxysporum,59765,Fol007,strain,Avr2(152-163 deleted) (partial amino acid deletion) [Ectopic],Q9XET3,,4081,Solanum lycopersicum,,Unknown strain,species,I2+ (wild type) [Wild type product level],PHIPO:0000182,,BTO:0000713,Macroscopic observation (qualitative observation),gene-for-gene interaction,23596453,,,,
PHIG:8258,D0U2D1,,5507,Fusarium oxysporum,59765,Fol007,strain,Avr2(1-40 deleted) (partial amino acid deletion) [Ectopic],Q9XET3,,4081,Solanum lycopersicum,,Unknown strain,species,I2+ (wild type) [Wild type product level],,PHIDO:0000381,,,interspecies interaction,23596453,,,,
PHIG:8258,D0U2D1,,5507,Fusarium oxysporum,59765,,strain,,D0U2D1,,5507,Fusarium oxysporum,59765,,strain,,,,,Co-purification,protein-protein interaction,23596453,,,,
PHIG:10828,A0A0J9WAS0,,5507,Fusarium oxysporum,426428,race 2 strain 4287,strain,Ftf1 transformant(overexpressed FTF1) (transformant) [Overexpression],,,4081,Solanum lycopersicum,,cv. C32,none,,PHIPO:0000365,,BTO:0001228,Macroscopic observation (quantitative observation),interspecies interaction,41495884,Reduced virulence,,,
PHIG:10828,A0A0J9WAS0,,5507,Fusarium oxysporum,426428,race 2 strain 4287,strain,Ftf1+ (wild type) [Wild type product level],,,4081,Solanum lycopersicum,,cv. C32,none,,PHIPO:0000365,,BTO:0001228,Macroscopic observation (quantitative observation),interspecies interaction,41495884,,,,
PHIG:10822,A0A0J9UKF5,,,Fusarium oxysporum,,race 2 strain 4287,species,Ash1delta (deletion),,,4081,Solanum lycopersicum,,cv. C32,none,,PHIPO:0000365,,BTO:0001228,Macroscopic observation (quantitative observation),interspecies interaction,41495884,Reduced virulence,,,
PHIG:10822,A0A0J9UKF5,,,Fusarium oxysporum,,race 2 strain 4287,species,Ash1delta-Ash1 transformant(complement by re-introducing the wild-type allele at an ectopic locus) (transformant) [Ectopic],,,4081,Solanum lycopersicum,,cv. C32,none,,PHIPO:0000951,,BTO:0001228,Macroscopic observation (quantitative observation),interspecies interaction,41495884,Unaffected pathogenicity,,,
PHIG:10822,A0A0J9UKF5,,,Fusarium oxysporum,,race 2 strain 4287,species,Ash1+ (wild type) [Wild type product level],,,4081,Solanum lycopersicum,,cv. C32,none,,PHIPO:0000951,,BTO:0001228,Macroscopic observation (quantitative observation),interspecies interaction,41495884,,,,
PHIG:10829,A0A0J9WB03,,,Fusarium oxysporum,,race 2 strain 4287,species,Kmt6Bdelta (deletion),,,4081,Solanum lycopersicum,,cv. Moneymaker,none,,PHIPO:0000951,,BTO:0001481,Macroscopic observation (quantitative observation),interspecies interaction,41495884,Unaffected pathogenicity,,,
PHIG:10829,A0A0J9WB03,,,Fusarium oxysporum,,race 2 strain 4287,species,Kmt6B+ (wild type) [Wild type product level],,,4081,Solanum lycopersicum,,cv. Moneymaker,none,,PHIPO:0000951,,BTO:0001481,Macroscopic observation (quantitative observation),interspecies interaction,41495884,,,,
PHIG:10828,A0A0J9WAS0,,5507,Fusarium oxysporum,426428,race 2 strain 4287,strain,Ftf1+ (wild type) [Wild type product level],,,4081,Solanum lycopersicum,,cv. C32,none,,,PHIDO:0000381,,,interspecies interaction,41495884,,,,
PHIG:10822,A0A0J9UKF5,,,Fusarium oxysporum,,race 2 strain 4287,species,Ash1+ (wild type) [Wild type product level],,,4081,Solanum lycopersicum,,cv. C32,none,,,PHIDO:0000381,,,interspecies interaction,41495884,,,,
PHIG:10829,A0A0J9WB03,,,Fusarium oxysporum,,race 2 strain 4287,species,Kmt6B+ (wild type) [Wild type product level],,,4081,Solanum lycopersicum,,cv. Moneymaker,none,,,PHIDO:0000381,,,interspecies interaction,41495884,,,,
PHIG:11385,A0A0J9VLH2,,,Fusarium oxysporum,,race 2 strain 4287,species,Svp1+ (wild type) [Wild type product level],,,4081,Solanum lycopersicum,,Alisa Craig,none,,PHIPO:0000954,,BTO:0001461,Macroscopic observation (quantitative observation),interspecies interaction,36374166,,,,
PHIG:11385,A0A0J9VLH2,,,Fusarium oxysporum,,race 2 strain 4287,species,Svp1delta (deletion),,,4081,Solanum lycopersicum,,Alisa Craig,none,,PHIPO:0000365,,BTO:0001461,Macroscopic observation (quantitative observation),interspecies interaction,36374166,Reduced virulence,,,
PHIG:11385,A0A0J9VLH2,,,Fusarium oxysporum,,race 2 strain 4287,species,Svp1delta-Svp1 transformant(complement by re-introducing the wild-type allele at an ectopic locus) (transformant) [Ectopic],,,4081,Solanum lycopersicum,,Alisa Craig,none,,PHIPO:0000954,,BTO:0001461,Macroscopic observation (quantitative observation),interspecies interaction,36374166,Unaffected pathogenicity,,,
PHIG:11385,A0A0J9VLH2,,,Fusarium oxysporum,,,species,,P04284,,4081,Solanum lycopersicum,,,species,,,,,Two-hybrid,protein-protein interaction,36374166,,,,
PHIG:11385,A0A0J9VLH2,,,Fusarium oxysporum,,,species,,P04284,,4081,Solanum lycopersicum,,,species,,,,,PCA,protein-protein interaction,36374166,,,,
PHIG:11385,A0A0J9VLH2,,,Fusarium oxysporum,,race 2 strain 4287,species,Svp1(K167Q) (amino acid mutation) [Ectopic],,,4081,Solanum lycopersicum,,Alisa Craig,none,,PHIPO:0000954,,BTO:0001461,Macroscopic observation (quantitative observation),interspecies interaction,36374166,Unaffected pathogenicity,,,
PHIG:11385,A0A0J9VLH2,,,Fusarium oxysporum,,race 2 strain 4287,species,Svp1(K167R) (amino acid mutation) [Ectopic],,,4081,Solanum lycopersicum,,Alisa Craig,none,,PHIPO:0000365,,BTO:0001461,Macroscopic observation (quantitative observation),interspecies interaction,36374166,Reduced virulence,,,
PHIG:11385,A0A0J9VLH2,,,Fusarium oxysporum,,race 2 strain 4287,species,"Svp1(K152R, K167R, K258R, K284R) (amino acid mutation) [Ectopic]",,,4081,Solanum lycopersicum,,Alisa Craig,none,,PHIPO:0000954,,BTO:0001461,Macroscopic observation (quantitative observation),interspecies interaction,36374166,Unaffected pathogenicity,,,
,,,5507,Fusarium oxysporum,,race 2 strain 4287,none,,P04284,,4081,Solanum lycopersicum,,Alisa Craig,species,SIPR1 (wild type) [Wild type product level],PHIPO:0000954,,BTO:0001461,Macroscopic observation (quantitative observation),interspecies interaction,36374166,,,,
,,,5507,Fusarium oxysporum,,race 2 strain 4287,none,,P04284,,4081,Solanum lycopersicum,,Alisa Craig,species,SIPR1_OE transformant(overexpression) (transformant) [Ectopic],PHIPO:0000365,,BTO:0001461,Macroscopic observation (quantitative observation),interspecies interaction,36374166,,,,
,,,5507,Fusarium oxysporum,,race 2 strain 4287,none,,P04284,,4081,Solanum lycopersicum,,Alisa Craig,species,SlPR1deltaCAPE1(145–159) (partial nucleotide deletion) [Overexpression],PHIPO:0000954,,BTO:0001461,Macroscopic observation (quantitative observation),interspecies interaction,36374166,Unaffected pathogenicity,,,
PHIG:11385,A0A0J9VLH2,,,Fusarium oxysporum,,race 2 strain 4287,species,Svp1+ (wild type) [Wild type product level],,,4081,Solanum lycopersicum,,Alisa Craig,none,,,PHIDO:0000164,,,interspecies interaction,36374166,,,,
PHIG:8917,I1RK33,,5518,Fusarium graminearum,229533,Z-3639,strain,VAC1+ (wild type) [Wild type product level],,,4565,Triticum aestivum,,Unknown strain,none,,,PHIDO:0000163,,,interspecies interaction,39080148,,,,
PHIG:8917,I1RK33,,5518,Fusarium graminearum,229533,Z-3639,strain,VAC1delta (deletion),,,4565,Triticum aestivum,,Unknown strain,none,,PHIPO:0000365,,BTO:0000268,Macroscopic observation (qualitative observation),interspecies interaction,39080148,Reduced virulence,,,
PHIG:8917,I1RK33,,5518,Fusarium graminearum,229533,Z-3639,strain,VAC1delta (deletion),,,4565,Triticum aestivum,,Unknown strain,none,,PHIPO:0000365,,BTO:0000268,Macroscopic observation (qualitative observation),interspecies interaction,39080148,Reduced virulence,,,
PHIG:172,A0A1B7Y5W1,,80884,Colletotrichum higginsianum,759273,IMI 349063,strain,Thr1delta (deletion),,,3702,Arabidopsis thaliana,,ecotype Columbia-0,none,,PHIPO:0000365,,BTO:0001228,Macroscopic observation (qualitative observation),interspecies interaction,37958874,Reduced virulence,,,
PHIG:172,A0A1B7Y5W1,,80884,Colletotrichum higginsianum,759273,IMI 349063,strain,Thr1+ (wild type) [Wild type product level],,,3702,Arabidopsis thaliana,,ecotype Columbia-0,none,,PHIPO:0000951,,BTO:0001228,Macroscopic observation (qualitative observation),interspecies interaction,37958874,,,,
PHIG:172,A0A1B7Y5W1,,80884,Colletotrichum higginsianum,759273,IMI 349063,strain,Thr1delta-Thr1 transformant(complement by re-introducing the wild-type to an ectopic locus) (transformant) [Ectopic],,,3702,Arabidopsis thaliana,,ecotype Columbia-0,none,,PHIPO:0000951,,BTO:0001228,Macroscopic observation (qualitative observation),interspecies interaction,37958874,Unaffected pathogenicity,,,
PHIG:10718,A0A1B7Y5V8,,80884,Colletotrichum higginsianum,759273,IMI 349063,strain,Pksdelta (deletion),,,3702,Arabidopsis thaliana,,ecotype Columbia-0,none,,PHIPO:0000365,,BTO:0001228,Macroscopic observation (qualitative observation),interspecies interaction,37958874,Reduced virulence,,,
PHIG:10718,A0A1B7Y5V8,,80884,Colletotrichum higginsianum,759273,IMI 349063,strain,Pks+ (wild type) [Wild type product level],,,3702,Arabidopsis thaliana,,ecotype Columbia-0,none,,PHIPO:0000951,,BTO:0001228,Macroscopic observation (qualitative observation),interspecies interaction,37958874,,,,
PHIG:10718,A0A1B7Y5V8,,80884,Colletotrichum higginsianum,759273,IMI 349063,strain,Pksdelta-Pks transformant(complement by re-introducing the wild-type allele at an ectopic locus) (transformant) [Ectopic],,,3702,Arabidopsis thaliana,,ecotype Columbia-0,none,,PHIPO:0000951,,BTO:0001228,Macroscopic observation (qualitative observation),interspecies interaction,37958874,Unaffected pathogenicity,,,
PHIG:172,A0A1B7Y5W1,,80884,Colletotrichum higginsianum,759273,IMI 349063,strain,Thr1delta (deletion),,,320797,Brassica parachinensis,,no strain,none,,PHIPO:0000951,,BTO:0000713,Macroscopic observation (qualitative observation),interspecies interaction,37958874,Unaffected pathogenicity,,,
PHIG:172,A0A1B7Y5W1,,80884,Colletotrichum higginsianum,759273,IMI 349063,strain,Thr1+ (wild type) [Wild type product level],,,320797,Brassica parachinensis,,no strain,none,,PHIPO:0000951,,BTO:0000713,Macroscopic observation (qualitative observation),interspecies interaction,37958874,,,,
PHIG:172,A0A1B7Y5W1,,80884,Colletotrichum higginsianum,759273,IMI 349063,strain,Thr1delta-Thr1 transformant(complement by re-introducing the wild-type to an ectopic locus) (transformant) [Ectopic],,,320797,Brassica parachinensis,,no strain,none,,PHIPO:0000951,,BTO:0000713,Macroscopic observation (qualitative observation),interspecies interaction,37958874,Unaffected pathogenicity,,,
PHIG:10718,A0A1B7Y5V8,,80884,Colletotrichum higginsianum,759273,IMI 349063,strain,Pksdelta (deletion),,,320797,Brassica parachinensis,,no strain,none,,PHIPO:0000951,,BTO:0000713,Macroscopic observation (qualitative observation),interspecies interaction,37958874,Unaffected pathogenicity,,,
PHIG:10718,A0A1B7Y5V8,,80884,Colletotrichum higginsianum,759273,IMI 349063,strain,Pksdelta (deletion),,,320797,Brassica parachinensis,,no strain,none,,PHIPO:0000952,,BTO:0000713,Macroscopic observation (qualitative observation),interspecies interaction,37958874,Loss of pathogenicity,,,
PHIG:10718,A0A1B7Y5V8,,80884,Colletotrichum higginsianum,759273,IMI 349063,strain,Pks+ (wild type) [Wild type product level],,,320797,Brassica parachinensis,,no strain,none,,PHIPO:0000951,,BTO:0000713,Macroscopic observation (qualitative observation),interspecies interaction,37958874,,,,
PHIG:10718,A0A1B7Y5V8,,80884,Colletotrichum higginsianum,759273,IMI 349063,strain,Pksdelta-Pks transformant(complement by re-introducing the wild-type allele at an ectopic locus) (transformant) [Ectopic],,,320797,Brassica parachinensis,,no strain,none,,PHIPO:0000951,,BTO:0000713,Macroscopic observation (qualitative observation),interspecies interaction,37958874,Unaffected pathogenicity,,,
PHIG:172,A0A1B7Y5W1,,80884,Colletotrichum higginsianum,759273,IMI 349063,strain,Thr1+ (wild type) [Wild type product level],,,320797,Brassica parachinensis,,no strain,none,,,PHIDO:0000504,,,interspecies interaction,37958874,,,,
PHIG:10718,A0A1B7Y5V8,,80884,Colletotrichum higginsianum,759273,IMI 349063,strain,Pks+ (wild type) [Wild type product level],,,320797,Brassica parachinensis,,no strain,none,,,PHIDO:0000504,,,interspecies interaction,37958874,,,,
PHIG:310,I1RRW0,,5518,Fusarium graminearum,229533,PH-1,strain,pex4delta (deletion),,,4565,Triticum aestivum,,cv. Jimai 22,none,,PHIPO:0000985,,BTO:0000628,Macroscopic observation (quantitative observation),interspecies interaction,30603875,Reduced virulence,,,
PHIG:310,I1RRW0,,5518,Fusarium graminearum,229533,PH-1,strain,pex4delta (deletion),,,4577,Zea mays,,Unknown strain,none,,PHIPO:0000985,,BTO:0002854,Macroscopic observation (quantitative observation),interspecies interaction,30603875,Reduced virulence,,,
PHIG:310,I1RRW0,,5518,Fusarium graminearum,229533,PH-1,strain,pex4delta (deletion),,,4530,Oryza sativa,,Unknown strain,none,,PHIPO:0000219,,BTO:0001226,Substance quantification evidence,interspecies interaction,30603875,,,,
PHIG:310,I1RRW0,,5518,Fusarium graminearum,229533,PH-1,strain,PEX4+ (wild type) [Not assayed],,,4565,Triticum aestivum,,cv. Jimai 22,none,,PHIPO:0000480,,BTO:0000628,Macroscopic observation (quantitative observation),interspecies interaction,30603875,,,,
PHIG:310,I1RRW0,,5518,Fusarium graminearum,229533,PH-1,strain,PEX4+ (wild type) [Not assayed],,,4565,Triticum aestivum,,cv. Jimai 22,none,,,PHIDO:0000162,BTO:0000628,,interspecies interaction,30603875,,,,
PHIG:310,I1RRW0,,5518,Fusarium graminearum,229533,PH-1,strain,PEX4+ (wild type) [Not assayed],,,4577,Zea mays,,Unknown strain,none,,PHIPO:0000480,,BTO:0002854,Macroscopic observation (quantitative observation),interspecies interaction,30603875,,,,
PHIG:310,I1RRW0,,5518,Fusarium graminearum,229533,PH-1,strain,PEX4+ (wild type) [Not assayed],,,4530,Oryza sativa,,Unknown strain,none,,PHIPO:0000233,,BTO:0001226,Substance quantification evidence,interspecies interaction,30603875,,,,
PHIG:310,I1RRW0,,5518,Fusarium graminearum,229533,PH-1,strain,PEX4+ (wild type) [Not assayed],,,4530,Oryza sativa,,Unknown strain,none,,PHIPO:0001232,,BTO:0001226,Quantitative PCR,interspecies interaction,30603875,,,,
PHIG:310,I1RRW0,,5518,Fusarium graminearum,229533,PH-1,strain,pex4delta (deletion),,,4530,Oryza sativa,,Unknown strain,none,,PHIPO:0000995,,BTO:0001226,Quantitative PCR,interspecies interaction,30603875,,,,
PHIG:2104,Q873W7,,,Botrytis cinerea,,B05.10,species,Erg27+ (wild type) [Wild type product level],,,3885,Phaseolus vulgaris,,cv. Caruso,none,,PHIPO:0000480,,BTO:0000713,Macroscopic observation (quantitative observation),interspecies interaction,22045588,,,,
PHIG:2104,Q873W7,,,Botrytis cinerea,,B05.10,species,Erg27(F412S) (amino acid mutation) [Not assayed],,,3885,Phaseolus vulgaris,,cv. Caruso,none,,PHIPO:0000480,,BTO:0000713,Macroscopic observation (quantitative observation),interspecies interaction,22045588,Unaffected pathogenicity,,,
PHIG:2104,Q873W7,,,Botrytis cinerea,,B05.10,species,Erg27(F412I) (amino acid mutation) [Not assayed],,,3885,Phaseolus vulgaris,,cv. Caruso,none,,PHIPO:0000480,,BTO:0000713,Macroscopic observation (quantitative observation),interspecies interaction,22045588,Unaffected pathogenicity,,,
PHIG:2104,Q873W7,,,Botrytis cinerea,,B05.10,species,Erg27(F412V) (amino acid mutation) [Not assayed],,,3885,Phaseolus vulgaris,,cv. Caruso,none,,PHIPO:0000480,,BTO:0000713,Macroscopic observation (quantitative observation),interspecies interaction,22045588,Unaffected pathogenicity,,,
PHIG:10934,G4NJ55,,318829,Magnaporthe oryzae,242507,,strain,,G4N008,,318829,Magnaporthe oryzae,242507,,strain,,,,,Two-hybrid,protein-protein interaction,41234058,,,,
PHIG:10934,G4NJ55,,318829,Magnaporthe oryzae,242507,Guy11,strain,Sec61γdelta (deletion),,,4513,Hordeum vulgare,,cv. ZJ-8,none,,PHIPO:0000365,,BTO:0000713,Macroscopic observation (qualitative observation),interspecies interaction,41234058,Reduced virulence,,,
PHIG:10934,G4NJ55,,318829,Magnaporthe oryzae,242507,Guy11,strain,Sec61γ+ (wild type) [Wild type product level],,,4513,Hordeum vulgare,,cv. ZJ-8,none,,PHIPO:0000951,,BTO:0000713,Macroscopic observation (qualitative observation),interspecies interaction,41234058,,,,
PHIG:10934,G4NJ55,,318829,Magnaporthe oryzae,242507,Guy11,strain,Sec61γ transformant(complement by re-introducing the wild-type allele at an ectopic locus) (transformant) [Ectopic],,,4513,Hordeum vulgare,,cv. ZJ-8,none,,PHIPO:0000951,,BTO:0000713,Macroscopic observation (qualitative observation),interspecies interaction,41234058,Unaffected pathogenicity,,,
PHIG:10934,G4NJ55,,318829,Magnaporthe oryzae,242507,Guy11,strain,Sec61γdelta (deletion),,,4530,Oryza sativa,,cv. CO-39,none,,PHIPO:0000365,,BTO:0000713,Macroscopic observation (qualitative observation),interspecies interaction,41234058,Reduced virulence,,,
PHIG:10934,G4NJ55,,318829,Magnaporthe oryzae,242507,Guy11,strain,Sec61γ+ (wild type) [Wild type product level],,,4530,Oryza sativa,,cv. CO-39,none,,PHIPO:0000951,,BTO:0000713,Macroscopic observation (qualitative observation),interspecies interaction,41234058,,,,
PHIG:10934,G4NJ55,,318829,Magnaporthe oryzae,242507,Guy11,strain,Sec61γ transformant(complement by re-introducing the wild-type allele at an ectopic locus) (transformant) [Ectopic],,,4530,Oryza sativa,,cv. CO-39,none,,PHIPO:0000951,,BTO:0000713,Macroscopic observation (qualitative observation),interspecies interaction,41234058,Unaffected pathogenicity,,,
PHIG:10934,G4NJ55,,318829,Magnaporthe oryzae,242507,Guy11,strain,Sec61γ+ (wild type) [Wild type product level],,,4530,Oryza sativa,,cv. CO-39,none,,,PHIDO:0000315,,,interspecies interaction,41234058,,,,
PHIG:10934,G4NJ55,,318829,Magnaporthe oryzae,242507,,strain,,Q51MW4,,318829,Magnaporthe oryzae,242507,,strain,,,,,Two-hybrid,protein-protein interaction,41234058,,,,
,A0A0R0HMP6,,3847,Glycine max,,,species,,A0A142KWI6,,170000,Phakopsora pachyrhizi,,,species,,,,,PCA,protein-protein interaction,27676173,,,,
,A0A0R0HMP6,,3847,Glycine max,,,species,,A0A142KWI6,,170000,Phakopsora pachyrhizi,,,species,,,,,Two-hybrid,protein-protein interaction,27676173,,,,
,A0A0R0HMP6,,3847,Glycine max,,,species,,A0A142KWI6,,170000,Phakopsora pachyrhizi,,,species,,,,,Co-purification,protein-protein interaction,27676173,,,,
PHIG:11315,A0A142KWI6,,170000,Phakopsora pachyrhizi,,,species,,A0A142KWI6,,170000,Phakopsora pachyrhizi,,,species,,,,,PCA,protein-protein interaction,27676173,,,,
PHIG:11315,A0A142KWI6,,170000,Phakopsora pachyrhizi,,,species,,A0A142KWI6,,170000,Phakopsora pachyrhizi,,,species,,,,,Two-hybrid,protein-protein interaction,27676173,,,,
PHIG:11315,A0A142KWI6,,170000,Phakopsora pachyrhizi,,Thai1,species,EC23deltasp(deletion of the signal peptide) (partial amino acid deletion) [Ectopic],,,3847,Glycine max,,cv. Williams 82,none,,PHIPO:0001204,,BTO:0000713,Macroscopic observation (qualitative observation),interspecies interaction,27676173,Increased virulence,,,
PHIG:11315,A0A142KWI6,,170000,Phakopsora pachyrhizi,,Thai1,species,EC23deltasp(deletion of the signal peptide) (partial amino acid deletion) [Ectopic],,,4097,Nicotiana tabacum,,cv. Xanthi,none,,PHIPO:0001204,,BTO:0000713,Macroscopic observation (qualitative observation),interspecies interaction,27676173,Increased virulence,,,
,,,86334,Peronospora manshurica,,Unknown strain,none,,A0A0R0HMP6,,3847,Glycine max,,cv. Williams 82,species,GmSPL12l(BPMV-mediated gene silencing) (disruption) [Knockdown],PHIPO:0000365,,BTO:0000713,Macroscopic observation (quantitative observation),interspecies interaction,27676173,,,,
PHIG:11315,A0A142KWI6,,170000,Phakopsora pachyrhizi,,Thai1,species,EC23+ (wild type) [Wild type product level],,,3847,Glycine max,,cv. Williams 82,none,,,PHIDO:0000475,,,interspecies interaction,27676173,,,,
PHIG:11315,A0A142KWI6,,170000,Phakopsora pachyrhizi,,Thai1,species,EC23deltasp(deletion of the signal peptide) (partial amino acid deletion) [Ectopic],,,4100,Nicotiana benthamiana,,Unknown strain,none,,PHIPO:0001204,,BTO:0000713,Macroscopic observation (qualitative observation),interspecies interaction,27676173,,,,
PHIG:11315,A0A142KWI6,,170000,Phakopsora pachyrhizi,,Thai1,species,EC23deltasp(deletion of the signal peptide) (partial amino acid deletion) [Ectopic],,,4100,Nicotiana benthamiana,,Unknown strain,none,,PHIPO:0001145,,BTO:0000713,Macroscopic observation (qualitative observation),interspecies interaction,27676173,,,,
PHIG:11315,A0A142KWI6,,170000,Phakopsora pachyrhizi,,Thai1,species,EC23deltasp(deletion of the signal peptide) (partial amino acid deletion) [Ectopic],,,3702,Arabidopsis thaliana,,ecotype Columbia-0,none,,PHIPO:0001015,,BTO:0000713,Microscopy,interspecies interaction,27676173,,,,
PHIG:11315,A0A142KWI6,,170000,Phakopsora pachyrhizi,,Thai1,species,EC23deltasp(deletion of the signal peptide) (partial amino acid deletion) [Ectopic],,,4100,Nicotiana benthamiana,,Unknown strain,none,,PHIPO:0001128,,BTO:0000713,Macroscopic observation (qualitative observation),interspecies interaction,27676173,,,,
PHIG:9736,I1R999,,5518,Fusarium graminearum,229533,PH-1,strain,Fg28-Flag transformant(Flag tagged) (transformant) [Ectopic],,,4100,Nicotiana benthamiana,,Unknown strain,none,,PHIPO:0000477,,BTO:0000713,Macroscopic observation (qualitative observation),interspecies interaction,40278061,,,,
PHIG:9736,I1R999,,5518,Fusarium graminearum,229533,PH-1,strain,Fg28-Flag transformant(Flag tagged) (transformant) [Ectopic],,,4100,Nicotiana benthamiana,,Unknown strain,none,,PHIPO:0001156,,BTO:0000713,Macroscopic observation (qualitative observation),interspecies interaction,40278061,,,,
PHIG:9736,I1R999,,5518,Fusarium graminearum,229533,PH-1,strain,Fg28deltaM43-Flag(M43 domain deleted (119-275)) (partial amino acid deletion) [Ectopic],,,4100,Nicotiana benthamiana,,Unknown strain,none,,PHIPO:0000465,,BTO:0000713,Macroscopic observation (qualitative observation),interspecies interaction,40278061,,,,
PHIG:9736,I1R999,,5518,Fusarium graminearum,229533,PH-1,strain,Fg28deltaSP-Flag(Signal peptides deleted (1-30)) (partial amino acid deletion) [Ectopic],,,4100,Nicotiana benthamiana,,Unknown strain,none,,PHIPO:0000465,,BTO:0000713,Macroscopic observation (qualitative observation),interspecies interaction,40278061,,,,
PHIG:9736,I1R999,,5518,Fusarium graminearum,229533,PH-1,strain,Fg28(SP+M43)-Flag(30-119 deleted) (partial amino acid deletion) [Ectopic],,,4100,Nicotiana benthamiana,,Unknown strain,none,,PHIPO:0000465,,BTO:0000713,Macroscopic observation (qualitative observation),interspecies interaction,40278061,,,,
PHIG:9736,I1R999,,5518,Fusarium graminearum,229533,PH-1,strain,Fg28deltaC200-Flag(208-275 deleted) (partial amino acid deletion) [Ectopic],,,4100,Nicotiana benthamiana,,Unknown strain,none,,PHIPO:0000465,,BTO:0000713,Macroscopic observation (qualitative observation),interspecies interaction,40278061,,,,
PHIG:9736,I1R999,,5518,Fusarium graminearum,229533,PH-1,strain,Fg28deltaC400-Flag(142-275 deleted) (partial amino acid deletion) [Ectopic],,,4100,Nicotiana benthamiana,,Unknown strain,none,,PHIPO:0000465,,BTO:0000713,Macroscopic observation (qualitative observation),interspecies interaction,40278061,,,,
PHIG:9736,I1R999,,5518,Fusarium graminearum,229533,PH-1,strain,Fg28+ (wild type) [Wild type product level],,,4100,Nicotiana benthamiana,,Unknown strain,none,,PHIPO:0000954,,BTO:0001278,Macroscopic observation (qualitative observation),interspecies interaction,40278061,,,,
PHIG:9736,I1R999,,5518,Fusarium graminearum,229533,PH-1,strain,Fg28delta (deletion),,,4565,Triticum aestivum,,cv. Fielder,none,,PHIPO:0000954,,BTO:0001278,Macroscopic observation (qualitative observation),interspecies interaction,40278061,,,,
PHIG:9736,I1R999,,5518,Fusarium graminearum,229533,PH-1,strain,Fg28+ (wild type) [Wild type product level],,,4100,Nicotiana benthamiana,,Unknown strain,none,,PHIPO:0000954,,BTO:0000268,Macroscopic observation (qualitative observation),interspecies interaction,40278061,,,,
PHIG:9736,I1R999,,5518,Fusarium graminearum,229533,PH-1,strain,Fg28delta (deletion),,,4565,Triticum aestivum,,cv. Fielder,none,,PHIPO:0000954,,BTO:0000268,Macroscopic observation (qualitative observation),interspecies interaction,40278061,,,,
PHIG:9736,I1R999,,5518,Fusarium graminearum,229533,PH-1,strain,Fg28+ (wild type) [Wild type product level],,,4100,Nicotiana benthamiana,,Unknown strain,none,,,PHIDO:0000162,,,interspecies interaction,40278061,,,,
PHIG:9163,Q8NID8,,5499,Passalora fulva,,Unknown strain,species,Avr2+ (wild type) [Ectopic],Q41398,,4084,Solanum pimpinellifolium,,Unknown strain,species,Cf-2 (wild type) [Wild type product level],PHIPO:0000182,,BTO:0000713,Macroscopic observation (qualitative observation),gene-for-gene interaction,32879321,,,,
PHIG:9163,Q8NID8,,5499,Passalora fulva,,Unknown strain,species,Avr2+ (wild type) [Ectopic],Q8S335,,4084,Solanum pimpinellifolium,,Unknown strain,species,Rcr3+ (wild type) [Wild type product level],PHIPO:0000182,,BTO:0000713,Macroscopic observation (qualitative observation),gene-for-gene interaction,32879321,,,,
PHIG:9163,Q8NID8,,5499,Passalora fulva,,Unknown strain,species,Avr2+ (wild type) [Ectopic],Q41398,,4084,Solanum pimpinellifolium,,Unknown strain,species,Cf-2 (wild type) [Wild type product level],PHIPO:0000182,,BTO:0000713,Macroscopic observation (qualitative observation),gene-for-gene interaction,32879321,,,,
PHIG:9163,Q8NID8,,5499,Passalora fulva,,Unknown strain,species,Avr2+ (wild type) [Ectopic],Q8S335,,4084,Solanum pimpinellifolium,,Unknown strain,species,Rcr3+ (wild type) [Wild type product level],PHIPO:0000182,,BTO:0000713,Macroscopic observation (qualitative observation),gene-for-gene interaction,32879321,,,,
PHIG:9160,A0A023UJQ9,,5499,Passalora fulva,,Unknown strain,species,Avr5+ (wild type) [Ectopic],Q9ZTK1,,4081,Solanum lycopersicum,,Unknown strain,species,Cf-5+ (wild type) [Ectopic],PHIPO:0000192,,BTO:0000713,Macroscopic observation (qualitative observation),gene-for-gene interaction,32879321,,,,
PHIG:9163,Q8NID8,,5499,Passalora fulva,,Unknown strain,species,Avr2+ (wild type) [Ectopic],Q9ZTK1,,4081,Solanum lycopersicum,,Unknown strain,species,Cf-5+ (wild type) [Ectopic],PHIPO:0000182,,BTO:0000713,Macroscopic observation (qualitative observation),gene-for-gene interaction,32879321,,,,
PHIG:9163,Q8NID8,,5499,Passalora fulva,,Unknown strain,species,Avr2+ (wild type) [Ectopic],Q9ZTK1,,4081,Solanum lycopersicum,,Unknown strain,species,Cf-5+ (wild type) [Ectopic],,PHIDO:0000209,,,interspecies interaction,32879321,,,,
PHIG:298,G4MY67,,318829,Magnaporthe oryzae,242507,P131,strain,ram1delta (deletion),,,4530,Oryza sativa,,cv. Lijiangxintuanheigu,none,,PHIPO:0000985,,BTO:0000713,Macroscopic observation (qualitative observation),interspecies interaction,31250536,Reduced virulence,,,
PHIG:298,G4MY67,,318829,Magnaporthe oryzae,242507,P131,strain,ram1delta (deletion),,,4513,Hordeum vulgare,,cv. E9,none,,PHIPO:0000985,,BTO:0000713,Macroscopic observation (qualitative observation),interspecies interaction,31250536,Reduced virulence,,,
PHIG:298,G4MY67,,318829,Magnaporthe oryzae,242507,P131,strain,ram1delta (deletion),,,4530,Oryza sativa,,cv. Lijiangxintuanheigu,none,,PHIPO:0000985,,BTO:0000713,Macroscopic observation (qualitative observation),interspecies interaction,31250536,Reduced virulence,,,
PHIG:298,G4MY67,,318829,Magnaporthe oryzae,242507,P131,strain,ram1delta (deletion),,,4513,Hordeum vulgare,,cv. E9,none,,PHIPO:0000359,,BTO:0000713,Microscopy,interspecies interaction,31250536,Reduced virulence,,,
PHIG:298,G4MY67,,318829,Magnaporthe oryzae,242507,P131,strain,ram1delta (deletion),,,4513,Hordeum vulgare,,cv. E9,none,,PHIPO:0000365,,BTO:0000713,Microscopy,interspecies interaction,31250536,Reduced virulence,,,
PHIG:298,G4MY67,,318829,Magnaporthe oryzae,242507,P131,strain,RAM1+ (wild type) [Wild type product level],,,4530,Oryza sativa,,cv. Lijiangxintuanheigu,none,,PHIPO:0000480,,BTO:0000713,Macroscopic observation (qualitative observation),interspecies interaction,31250536,,,,
PHIG:298,G4MY67,,318829,Magnaporthe oryzae,242507,P131,strain,RAM1+ (wild type) [Wild type product level],,,4513,Hordeum vulgare,,cv. E9,none,,PHIPO:0000480,,BTO:0000713,Macroscopic observation (qualitative observation),interspecies interaction,31250536,,,,
PHIG:298,G4MY67,,318829,Magnaporthe oryzae,242507,P131,strain,RAM1+ (wild type) [Wild type product level],,,4530,Oryza sativa,,cv. Lijiangxintuanheigu,none,,PHIPO:0000480,,BTO:0000713,Macroscopic observation (qualitative observation),interspecies interaction,31250536,,,,
PHIG:298,G4MY67,,318829,Magnaporthe oryzae,242507,P131,strain,RAM1+ (wild type) [Wild type product level],,,4530,Oryza sativa,,cv. Lijiangxintuanheigu,none,,,PHIDO:0000315,BTO:0000713,,interspecies interaction,31250536,,,,
PHIG:298,G4MY67,,318829,Magnaporthe oryzae,242507,P131,strain,RAM1+ (wild type) [Wild type product level],,,4513,Hordeum vulgare,,cv. E9,none,,PHIPO:0000331,,BTO:0000713,Microscopy,interspecies interaction,31250536,,,,
PHIG:298,G4MY67,,318829,Magnaporthe oryzae,242507,P131,strain,RAM1+ (wild type) [Wild type product level],,,4513,Hordeum vulgare,,cv. E9,none,,PHIPO:0000954,,BTO:0000713,Microscopy,interspecies interaction,31250536,,,,
PHIG:5193,A0A0D1E3H5,,5270,Ustilago maydis,,SG200,species,Erc1+ (wild type) [Wild type product level],,,4577,Zea mays,,cv. Early Golden Bantam,none,,,PHIDO:0000096,,,interspecies interaction,36224193,,,,
PHIG:5193,A0A0D1E3H5,,5270,Ustilago maydis,,SG200,species,Erc1+ (wild type) [Wild type product level],,,4577,Zea mays,,cv. Early Golden Bantam,none,,PHIPO:0000954,,BTO:0000713,Macroscopic observation (quantitative observation),interspecies interaction,36224193,,,,
PHIG:5193,A0A0D1E3H5,,5270,Ustilago maydis,,SG200,species,Erc1delta (deletion),,,4577,Zea mays,,cv. Early Golden Bantam,none,,PHIPO:0000365,,BTO:0000713,Macroscopic observation (quantitative observation),interspecies interaction,36224193,Reduced virulence,,,
PHIG:5193,A0A0D1E3H5,,5270,Ustilago maydis,,SG200,species,Erc1delta-Erc1 transformant(complement by re-introducing the wild-type allele at an ectopic locus) (transformant) [Ectopic],,,4577,Zea mays,,cv. Early Golden Bantam,none,,PHIPO:0000954,,BTO:0000713,Macroscopic observation (quantitative observation),interspecies interaction,36224193,,,,
PHIG:5193,A0A0D1E3H5,,5270,Ustilago maydis,,SG200,species,Erc1+ (wild type) [Ectopic],,,4513,Hordeum vulgare,,Unknown strain,none,,PHIPO:0001228,,BTO:0000713,Substance quantification evidence,interspecies interaction,36224193,,,,
PHIG:5193,A0A0D1E3H5,,5270,Ustilago maydis,,SG200,species,Erc1delta (deletion),,,4577,Zea mays,,cv. Early Golden Bantam,none,,PHIPO:0000954,,BTO:0001830,Macroscopic observation (quantitative observation),interspecies interaction,36224193,Unaffected pathogenicity,,,
PHIG:9162,Q5VB05,,5499,Passalora fulva,,Unknown strain,species,Avr4E+ (wild type) [Ectopic],O50024,,62890,Solanum habrochaites,,Unknown strain,species,Hcr9-4E+ (wild type) [Wild type product level],PHIPO:0000192,,BTO:0001461,Macroscopic observation (qualitative observation),gene-for-gene interaction,15469522,,,,
PHIG:9162,Q5VB05,,5499,Passalora fulva,,Unknown strain,species,"Avr4E(LT)(F82L, M93T) (amino acid mutation) [Ectopic]",O50024,,62890,Solanum habrochaites,,Unknown strain,species,Hcr9-4E+ (wild type) [Wild type product level],PHIPO:0000182,,BTO:0001461,Macroscopic observation (qualitative observation),gene-for-gene interaction,15469522,,,,
PHIG:9162,Q5VB05,,5499,Passalora fulva,,Unknown strain,species,Avr4E+ (wild type) [Ectopic],,,4081,Solanum lycopersicum,,cv. Moneymaker Cf-0,none,,,PHIDO:0000209,,,interspecies interaction,15469522,,,,
PHIG:9162,Q5VB05,,5499,Passalora fulva,,Unknown strain,species,Avr4E+ (wild type) [Ectopic],,,4081,Solanum lycopersicum,,Moneymaker Cf-4,none,,PHIPO:0000192,,BTO:0001461,Macroscopic observation (qualitative observation),gene-for-gene interaction,15469522,,,,
PHIG:9162,Q5VB05,,5499,Passalora fulva,,Unknown strain,species,"Avr4E(LT)(F82L, M93T) (amino acid mutation) [Ectopic]",,,4081,Solanum lycopersicum,,Moneymaker Cf-4,none,,PHIPO:0000182,,BTO:0001461,Macroscopic observation (qualitative observation),gene-for-gene interaction,15469522,,,,
PHIG:9162,Q5VB05,,5499,Passalora fulva,,Unknown strain,species,Avr4E+ (wild type) [Ectopic],,,4081,Solanum lycopersicum,,cv. Moneymaker Cf-0,none,,PHIPO:0000182,,BTO:0001461,Macroscopic observation (qualitative observation),gene-for-gene interaction,15469522,,,,
PHIG:9162,Q5VB05,,5499,Passalora fulva,,Unknown strain,species,"Avr4E(LT)(F82L, M93T) (amino acid mutation) [Ectopic]",,,4081,Solanum lycopersicum,,cv. Moneymaker Cf-0,none,,PHIPO:0000182,,BTO:0001461,Macroscopic observation (qualitative observation),gene-for-gene interaction,15469522,,,,
PHIG:9162,Q5VB05,,5499,Passalora fulva,,Unknown strain,species,Avr4E+ (wild type) [Ectopic],O50024,,62890,Solanum habrochaites,,Unknown strain,species,Hcr9-4E+ (wild type) [Wild type product level],PHIPO:0000192,,BTO:0001461,Macroscopic observation (qualitative observation),gene-for-gene interaction,15469522,,,,
PHIG:790,Q00363,,5499,Passalora fulva,,Unknown strain,species,Avr4+ (wild type) [Ectopic],O50025,,62890,Solanum habrochaites,,Unknown strain,species,Cf-4+ (wild type) [Wild type product level],PHIPO:0000192,,BTO:0000713,Macroscopic observation (qualitative observation),gene-for-gene interaction,15469522,,,,
PHIG:790,Q00363,,5499,Passalora fulva,,Unknown strain,species,Avr4+ (wild type) [Ectopic],O50024,,62890,Solanum habrochaites,,Unknown strain,species,Hcr9-4E+ (wild type) [Wild type product level],PHIPO:0000182,,BTO:0000713,Macroscopic observation (qualitative observation),gene-for-gene interaction,15469522,,,,
PHIG:9162,Q5VB05,,5499,Passalora fulva,,Unknown strain,species,Avr4E+ (wild type) [Ectopic],O50025,,62890,Solanum habrochaites,,Unknown strain,species,Cf-4+ (wild type) [Wild type product level],PHIPO:0000182,,BTO:0000713,Macroscopic observation (qualitative observation),gene-for-gene interaction,15469522,,,,
PHIG:11248,A0A177D5U0,,5599,Alternaria alternata,,EV-MIL31,species,AaACdelta (deletion),,,164113,Citrus x microcarpa,,Unknown strain,none,,PHIPO:0000952,,BTO:0000713,Macroscopic observation (qualitative observation),interspecies interaction,41727734,Loss of pathogenicity,,,
PHIG:11248,A0A177D5U0,,5599,Alternaria alternata,,EV-MIL31,species,AaAC+ (wild type) [Wild type product level],,,164113,Citrus x microcarpa,,Unknown strain,none,,PHIPO:0000951,,BTO:0000713,Macroscopic observation (qualitative observation),interspecies interaction,41727734,,,,
PHIG:11248,A0A177D5U0,,5599,Alternaria alternata,,EV-MIL31,species,AaACdelta-AsAC transformant(complement by re-introducing the wild-type allele at an ectopic locus) (transformant) [Ectopic],,,164113,Citrus x microcarpa,,Unknown strain,none,,PHIPO:0000951,,BTO:0000713,Macroscopic observation (qualitative observation),interspecies interaction,41727734,Unaffected pathogenicity,,,
PHIG:11248,A0A177D5U0,,5599,Alternaria alternata,,EV-MIL31,species,AaAC+ (wild type) [Wild type product level],,,164113,Citrus x microcarpa,,Unknown strain,none,,,PHIDO:0000419,,,interspecies interaction,41727734,,,,
PHIG:11379,A0A7J6J7G5,,690256,Colletotrichum gloeosporioides,1213859,1104-6,strain,Gti1delta (deletion),,,3750,Malus domestica,,cv. Gala,none,,PHIPO:0000952,,BTO:0000713,Macroscopic observation (qualitative observation),interspecies interaction,41590448,Loss of pathogenicity,,,
PHIG:11379,A0A7J6J7G5,,690256,Colletotrichum gloeosporioides,1213859,1104-6,strain,Gti1delta (deletion),,,3750,Malus domestica,,cv. Gala,none,,PHIPO:0000952,,BTO:0000486,Macroscopic observation (qualitative observation),interspecies interaction,41590448,Loss of pathogenicity,,,
PHIG:11379,A0A7J6J7G5,,690256,Colletotrichum gloeosporioides,1213859,1104-6,strain,Gti1+ (wild type) [Wild type product level],,,3750,Malus domestica,,cv. Gala,none,,PHIPO:0000951,,BTO:0000486,Macroscopic observation (qualitative observation),interspecies interaction,41590448,,,,
PHIG:11379,A0A7J6J7G5,,690256,Colletotrichum gloeosporioides,1213859,1104-6,strain,Gti1delta-Gti1 transformant(complement by re-introducing the wild-type allele at an ectopic locus) (transformant) [Ectopic],,,3750,Malus domestica,,cv. Gala,none,,PHIPO:0000951,,BTO:0000486,Macroscopic observation (qualitative observation),interspecies interaction,41590448,Unaffected pathogenicity,,,
PHIG:11379,A0A7J6J7G5,,690256,Colletotrichum gloeosporioides,1213859,1104-6,strain,Gti1+ (wild type) [Wild type product level],,,3750,Malus domestica,,cv. Gala,none,,,PHIDO:0000211,,,interspecies interaction,41590448,,,,
PHIG:11379,A0A7J6J7G5,,690256,Colletotrichum gloeosporioides,1213859,1104-6,strain,Gti1+ (wild type) [Wild type product level],,,3750,Malus domestica,,cv. Gala,none,,PHIPO:0000951,,BTO:0000713,Macroscopic observation (qualitative observation),interspecies interaction,41590448,,,,
PHIG:11379,A0A7J6J7G5,,690256,Colletotrichum gloeosporioides,1213859,1104-6,strain,Gti1delta-Gti1 transformant(complement by re-introducing the wild-type allele at an ectopic locus) (transformant) [Ectopic],,,3750,Malus domestica,,cv. Gala,none,,PHIPO:0000951,,BTO:0000713,Macroscopic observation (qualitative observation),interspecies interaction,41590448,Unaffected pathogenicity,,,
PHIG:50,H9DUR1,,27337,Verticillium dahliae,,Unknown strain,species,Ave1+ (wild type) [Wild type product level],C4NAS0,,4081,Solanum lycopersicum,,Unknown strain,species,Ve1+ (wild type) [Wild type product level],PHIPO:0000192,,BTO:0000713,Macroscopic observation (qualitative observation),gene-for-gene interaction,26946045,,,,
PHIG:8780,H9D2Z1,,122368,Cercospora beticola,,Unknown strain,species,CbAve1+ (wild type) [Wild type product level],,,4081,Solanum lycopersicum,,Unknown strain,none,,,PHIDO:0000211,,,interspecies interaction,26946045,,,,
PHIG:9161,P22287,,5499,Passalora fulva,,Unknown strain,species,Avr9+ (wild type) [Wild type product level],A0A068L8F8,,,Humulus lupulus,,Unknown strain,species,HLVe1+ (wild type) [Wild type product level],PHIPO:0000182,,BTO:0000713,Macroscopic observation (qualitative observation),gene-for-gene interaction,26946045,,,,
PHIG:8987,H9CDN3,,5507,Fusarium oxysporum,59765,f. sp. lycopersici,strain,FoAve1+ (wild type) [Wild type product level],C4NAS0,,4081,Solanum lycopersicum,,Unknown strain,species,Ve1+ (wild type) [Wild type product level],PHIPO:0000192,,BTO:0000713,Macroscopic observation (qualitative observation),gene-for-gene interaction,26946045,,,,
PHIG:8780,H9D2Z1,,122368,Cercospora beticola,,Unknown strain,species,CbAve1+ (wild type) [Wild type product level],C4NAS0,,4081,Solanum lycopersicum,,Unknown strain,species,Ve1+ (wild type) [Wild type product level],PHIPO:0000192,,BTO:0000713,Macroscopic observation (qualitative observation),gene-for-gene interaction,26946045,,,,
PHIG:8780,H9D2Z1,,122368,Cercospora beticola,,Unknown strain,species,CbAve1+ (wild type) [Wild type product level],A0A0S1FKE5,,119830,Solanum torvum,,Unknown strain,species,StoVe1+ (wild type) [Wild type product level],PHIPO:0000182,,BTO:0000713,Macroscopic observation (qualitative observation),gene-for-gene interaction,26946045,,,,
PHIG:50,H9DUR1,,27337,Verticillium dahliae,,Unknown strain,species,Ave1+ (wild type) [Wild type product level],A0A0S1FKB6,,4113,Solanum tuberosum,,Unknown strain,species,StuVe1+ (wild type) [Wild type product level],PHIPO:0000192,,BTO:0000713,Macroscopic observation (qualitative observation),gene-for-gene interaction,26946045,,,,
PHIG:50,H9DUR1,,27337,Verticillium dahliae,,Unknown strain,species,Ave1+ (wild type) [Wild type product level],A0A068L8F8,,,Humulus lupulus,,Unknown strain,species,HLVe1+ (wild type) [Wild type product level],PHIPO:0000192,,BTO:0000713,Macroscopic observation (qualitative observation),gene-for-gene interaction,26946045,,,,
PHIG:50,H9DUR1,,27337,Verticillium dahliae,,Unknown strain,species,Ave1+ (wild type) [Wild type product level],A0A0S1FKE5,,119830,Solanum torvum,,Unknown strain,species,StoVe1+ (wild type) [Wild type product level],PHIPO:0000192,,BTO:0000713,Macroscopic observation (qualitative observation),gene-for-gene interaction,26946045,,,,
PHIG:9161,P22287,,5499,Passalora fulva,,Unknown strain,species,Avr9+ (wild type) [Wild type product level],C4NAS0,,4081,Solanum lycopersicum,,Unknown strain,species,Ve1+ (wild type) [Wild type product level],PHIPO:0000182,,BTO:0000713,Macroscopic observation (qualitative observation),gene-for-gene interaction,26946045,,,,
PHIG:9161,P22287,,5499,Passalora fulva,,Unknown strain,species,Avr9+ (wild type) [Wild type product level],A0A0S1FKE5,,119830,Solanum torvum,,Unknown strain,species,StoVe1+ (wild type) [Wild type product level],PHIPO:0000182,,BTO:0000713,Macroscopic observation (qualitative observation),gene-for-gene interaction,26946045,,,,
PHIG:9161,P22287,,5499,Passalora fulva,,Unknown strain,species,Avr9+ (wild type) [Wild type product level],A0A0S1FKB6,,4113,Solanum tuberosum,,Unknown strain,species,StuVe1+ (wild type) [Wild type product level],PHIPO:0000182,,BTO:0000713,Macroscopic observation (qualitative observation),gene-for-gene interaction,26946045,,,,
PHIG:8987,H9CDN3,,5507,Fusarium oxysporum,59765,f. sp. lycopersici,strain,FoAve1+ (wild type) [Wild type product level],A0A0S1FKE5,,119830,Solanum torvum,,Unknown strain,species,StoVe1+ (wild type) [Wild type product level],PHIPO:0000192,,BTO:0000713,Macroscopic observation (qualitative observation),gene-for-gene interaction,26946045,,,,
PHIG:8987,H9CDN3,,5507,Fusarium oxysporum,59765,f. sp. lycopersici,strain,FoAve1+ (wild type) [Wild type product level],A0A0S1FKB6,,4113,Solanum tuberosum,,Unknown strain,species,StuVe1+ (wild type) [Wild type product level],PHIPO:0000192,,BTO:0000713,Macroscopic observation (qualitative observation),gene-for-gene interaction,26946045,,,,
PHIG:8987,H9CDN3,,5507,Fusarium oxysporum,59765,f. sp. lycopersici,strain,FoAve1+ (wild type) [Wild type product level],A0A068L8F8,,,Humulus lupulus,,Unknown strain,species,HLVe1+ (wild type) [Wild type product level],PHIPO:0000192,,BTO:0000713,Macroscopic observation (qualitative observation),gene-for-gene interaction,26946045,,,,
PHIG:8780,H9D2Z1,,122368,Cercospora beticola,,Unknown strain,species,CbAve1+ (wild type) [Wild type product level],A0A0S1FKB6,,4113,Solanum tuberosum,,Unknown strain,species,StuVe1+ (wild type) [Wild type product level],PHIPO:0000192,,BTO:0000713,Macroscopic observation (qualitative observation),gene-for-gene interaction,26946045,,,,
PHIG:8780,H9D2Z1,,122368,Cercospora beticola,,Unknown strain,species,CbAve1+ (wild type) [Wild type product level],A0A068L8F8,,,Humulus lupulus,,Unknown strain,species,HLVe1+ (wild type) [Wild type product level],PHIPO:0000182,,BTO:0000713,Macroscopic observation (qualitative observation),gene-for-gene interaction,26946045,,,,
PHIG:50,H9DUR1,,27337,Verticillium dahliae,,Unknown strain,species,Ave1+ (wild type) [Wild type product level],A0A0S1FKD8,,35889,Nicotiana glutinosa,,Unknown strain,species,NgVe1+ (wild type) [Wild type product level],PHIPO:0000192,,BTO:0000713,Macroscopic observation (qualitative observation),gene-for-gene interaction,26946045,,,,
PHIG:8987,H9CDN3,,5507,Fusarium oxysporum,59765,f. sp. lycopersici,strain,FoAve1+ (wild type) [Wild type product level],A0A0S1FKD8,,35889,Nicotiana glutinosa,,Unknown strain,species,NgVe1+ (wild type) [Wild type product level],PHIPO:0000192,,BTO:0000713,Macroscopic observation (qualitative observation),gene-for-gene interaction,26946045,,,,
PHIG:8780,H9D2Z1,,122368,Cercospora beticola,,Unknown strain,species,CbAve1+ (wild type) [Wild type product level],A0A0S1FKD8,,35889,Nicotiana glutinosa,,Unknown strain,species,NgVe1+ (wild type) [Wild type product level],PHIPO:0000182,,BTO:0000713,Macroscopic observation (qualitative observation),gene-for-gene interaction,26946045,,,,
PHIG:50,H9DUR1,,27337,Verticillium dahliae,,race1 strain JR2,species,Ave1+ (wild type) [Wild type product level],A0A0S1FKD8,,35889,Nicotiana glutinosa,,Unknown strain,species,NgVe1+ (wild type) [Wild type product level],PHIPO:0001199,,BTO:0001461,Macroscopic observation (qualitative observation),gene-for-gene interaction,26946045,,,,
PHIG:50,H9DUR1,,27337,Verticillium dahliae,,race1 strain JR2,species,Ave1+ (wild type) [Wild type product level],C4NAS0,,4081,Solanum lycopersicum,,Unknown strain,species,Ve1+ (wild type) [Wild type product level],PHIPO:0001199,,BTO:0001461,Macroscopic observation (qualitative observation),gene-for-gene interaction,26946045,,,,
PHIG:50,H9DUR1,,27337,Verticillium dahliae,,race1 strain JR2,species,Ave1delta (deletion),C4NAS0,,4081,Solanum lycopersicum,,Unknown strain,species,Ve1+ (wild type) [Wild type product level],PHIPO:0001200,,BTO:0001461,Macroscopic observation (qualitative observation),gene-for-gene interaction,26946045,,,,
PHIG:50,H9DUR1,,27337,Verticillium dahliae,,race1 strain JR2,species,Ave1delta (deletion),A0A0S1FKD8,,35889,Nicotiana glutinosa,,Unknown strain,species,NgVe1+ (wild type) [Wild type product level],PHIPO:0001200,,BTO:0001461,Macroscopic observation (qualitative observation),gene-for-gene interaction,26946045,,,,
PHIG:50,H9DUR1,,27337,Verticillium dahliae,,race1 strain JR2,species,Ave1+ (wild type) [Wild type product level],A0A0S1FKB6,,4113,Solanum tuberosum,,Unknown strain,species,StuVe1+ (wild type) [Wild type product level],PHIPO:0001199,,BTO:0001461,Macroscopic observation (qualitative observation),gene-for-gene interaction,26946045,,,,
PHIG:50,H9DUR1,,27337,Verticillium dahliae,,race1 strain JR2,species,Ave1+ (wild type) [Wild type product level],A0A0S1FKE5,,119830,Solanum torvum,,Unknown strain,species,StoVe1+ (wild type) [Wild type product level],PHIPO:0001199,,BTO:0001461,Macroscopic observation (qualitative observation),gene-for-gene interaction,26946045,,,,
PHIG:50,H9DUR1,,27337,Verticillium dahliae,,race1 strain JR2,species,Ave1delta (deletion),A0A0S1FKB6,,4113,Solanum tuberosum,,Unknown strain,species,StuVe1+ (wild type) [Wild type product level],PHIPO:0001200,,BTO:0001461,Macroscopic observation (qualitative observation),gene-for-gene interaction,26946045,,,,
PHIG:50,H9DUR1,,27337,Verticillium dahliae,,race1 strain JR2,species,Ave1delta (deletion),A0A0S1FKE5,,119830,Solanum torvum,,Unknown strain,species,StoVe1+ (wild type) [Wild type product level],PHIPO:0001200,,BTO:0001461,Macroscopic observation (qualitative observation),gene-for-gene interaction,26946045,,,,
PHIG:50,H9DUR1,,27337,Verticillium dahliae,,Unknown strain,species,Ave1+ (wild type) [Wild type product level],A0A0S1FKD8,,35889,Nicotiana glutinosa,,Unknown strain,species,NgVe1+ (wild type) [Wild type product level],PHIPO:0000192,,BTO:0000713,Macroscopic observation (qualitative observation),gene-for-gene interaction,26946045,,,,
PHIG:50,H9DUR1,,27337,Verticillium dahliae,,race1 strain JR2,species,Ave1+ (wild type) [Wild type product level],A0A068L8F8,,,Humulus lupulus,,Unknown strain,species,HLVe1+ (wild type) [Wild type product level],PHIPO:0001199,,BTO:0001461,Macroscopic observation (qualitative observation),gene-for-gene interaction,26946045,,,,
PHIG:50,H9DUR1,,27337,Verticillium dahliae,,race1 strain JR2,species,Ave1delta (deletion),A0A068L8F8,,,Humulus lupulus,,Unknown strain,species,HLVe1+ (wild type) [Wild type product level],PHIPO:0001200,,BTO:0001461,Macroscopic observation (qualitative observation),gene-for-gene interaction,26946045,,,,
PHIG:9161,P22287,,5499,Passalora fulva,,Unknown strain,species,Avr9+ (wild type) [Wild type product level],A0A0S1FKD8,,35889,Nicotiana glutinosa,,Unknown strain,species,NgVe1+ (wild type) [Wild type product level],PHIPO:0000182,,BTO:0000713,Macroscopic observation (qualitative observation),gene-for-gene interaction,26946045,,,,
PHIG:50,H9DUR1,,27337,Verticillium dahliae,,Unknown strain,species,Ave1+ (wild type) [Wild type product level],A0A0S1FKC7,,4113,Solanum tuberosum,,Unknown strain,species,StuVe2+ (wild type) [Wild type product level],PHIPO:0000182,,BTO:0000713,Macroscopic observation (qualitative observation),gene-for-gene interaction,26946045,,,,
PHIG:50,H9DUR1,,27337,Verticillium dahliae,,Unknown strain,species,Ave1+ (wild type) [Wild type product level],A0A0S1FKD4,,119830,Solanum torvum,,Unknown strain,species,Ve2+ (wild type) [Wild type product level],PHIPO:0000182,,BTO:0000713,Macroscopic observation (qualitative observation),gene-for-gene interaction,26946045,,,,
PHIG:8987,H9CDN3,,5507,Fusarium oxysporum,59765,f. sp. lycopersici,strain,FoAve1+ (wild type) [Wild type product level],,,4081,Solanum lycopersicum,,Unknown strain,none,,,PHIDO:0000164,,,interspecies interaction,26946045,,,,
PHIG:9161,P22287,,5499,Passalora fulva,,Unknown strain,species,Avr9+ (wild type) [Wild type product level],,,4081,Solanum lycopersicum,,Unknown strain,none,,,PHIDO:0000209,,,interspecies interaction,26946045,,,,
PHIG:50,H9DUR1,,27337,Verticillium dahliae,,Unknown strain,species,Ave1+ (wild type) [Wild type product level],,,4081,Solanum lycopersicum,,Unknown strain,none,,,PHIDO:0000382,,,interspecies interaction,26946045,,,,
PHIG:10485,A7F3W9,,5180,Sclerotinia sclerotiorum,665079,1980,strain,Efa6delta (deletion),,,3702,Arabidopsis thaliana,,ecotype Columbia-0,none,,PHIPO:0000365,,BTO:0000713,Macroscopic observation (qualitative observation),interspecies interaction,41295201,Reduced virulence,,,
PHIG:10485,A7F3W9,,5180,Sclerotinia sclerotiorum,665079,1980,strain,Efa6 (wild type) [Wild type product level],,,3702,Arabidopsis thaliana,,ecotype Columbia-0,none,,PHIPO:0000954,,BTO:0000713,Macroscopic observation (qualitative observation),interspecies interaction,41295201,,,,
PHIG:10485,A7F3W9,,5180,Sclerotinia sclerotiorum,665079,1980,strain,Efa6delta-Dfa6 transformant(complement by re-introducing the wild-type allele at an ectopic locus) (transformant) [Ectopic],,,3702,Arabidopsis thaliana,,ecotype Columbia-0,none,,PHIPO:0000954,,BTO:0000713,Macroscopic observation (qualitative observation),interspecies interaction,41295201,Unaffected pathogenicity,,,
PHIG:10485,A7F3W9,,5180,Sclerotinia sclerotiorum,665079,1980,strain,Efa6delta (deletion),,,4100,Nicotiana benthamiana,,Unknown strain,none,,PHIPO:0000365,,BTO:0000713,Macroscopic observation (qualitative observation),interspecies interaction,41295201,Reduced virulence,,,
PHIG:10485,A7F3W9,,5180,Sclerotinia sclerotiorum,665079,1980,strain,Efa6delta-Dfa6 transformant(complement by re-introducing the wild-type allele at an ectopic locus) (transformant) [Ectopic],,,4100,Nicotiana benthamiana,,Unknown strain,none,,PHIPO:0000954,,BTO:0000713,Macroscopic observation (qualitative observation),interspecies interaction,41295201,Unaffected pathogenicity,,,
PHIG:10485,A7F3W9,,5180,Sclerotinia sclerotiorum,665079,1980,strain,Efa6 (wild type) [Wild type product level],,,4100,Nicotiana benthamiana,,Unknown strain,none,,PHIPO:0000954,,BTO:0000713,Macroscopic observation (qualitative observation),interspecies interaction,41295201,,,,
PHIG:10485,A7F3W9,,5180,Sclerotinia sclerotiorum,665079,1980,strain,Efa6 (wild type) [Wild type product level],,,3702,Arabidopsis thaliana,,ecotype Columbia-0,none,,,PHIDO:0000393,,,interspecies interaction,41295201,,,,
PHIG:9028,M4C367,,272952,Hyaloperonospora arabidopsidis,559515,Emoy2,strain,Atr13delta41(Signal peptides and RXLR deleted) (partial amino acid deletion) [Overexpression],Q9M667,,3702,Arabidopsis thaliana,,ecotype Niederzenz-1,species,Rpp13+ (wild type) [Ectopic],PHIPO:0000182,,BTO:0000713,Macroscopic observation (qualitative observation),gene-for-gene interaction,22194684,,,,
PHIG:9028,M4C367,,272952,Hyaloperonospora arabidopsidis,559515,Emoy2,strain,Atr13delta41(Signal peptides and RXLR deleted) (partial amino acid deletion) [Overexpression],Q9M667,,3702,Arabidopsis thaliana,,ecotype Niederzenz-1,species,Rpp13+ (wild type) [Ectopic],PHIPO:0000182,,BTO:0000713,Macroscopic observation (qualitative observation),gene-for-gene interaction,22194684,,,,
PHIG:1004,Q5G7K8,,272952,Hyaloperonospora arabidopsidis,,Emco5,species,Atr13delta41(Signal peptides and RXLR deleted) (partial amino acid deletion) [Overexpression],Q9M667,,3702,Arabidopsis thaliana,,ecotype Niederzenz-1,species,Rpp13+ (wild type) [Ectopic],PHIPO:0000192,,BTO:0000713,Macroscopic observation (qualitative observation),gene-for-gene interaction,22194684,,,,
PHIG:1004,Q5G7K8,,272952,Hyaloperonospora arabidopsidis,,Emco5,species,ATR13delta53(1-53 deleted) (partial amino acid deletion) [Overexpression],Q9M667,,3702,Arabidopsis thaliana,,ecotype Niederzenz-1,species,Rpp13+ (wild type) [Ectopic],PHIPO:0000192,,BTO:0000713,Macroscopic observation (qualitative observation),gene-for-gene interaction,22194684,,,,
PHIG:9028,M4C367,,272952,Hyaloperonospora arabidopsidis,559515,Emoy2,strain,"ATR13(N73I, D169V) (amino acid mutation) [Ectopic]",Q9M667,,3702,Arabidopsis thaliana,,ecotype Niederzenz-1,species,Rpp13+ (wild type) [Ectopic],PHIPO:0000192,,BTO:0000713,Macroscopic observation (qualitative observation),gene-for-gene interaction,22194684,,,,
PHIG:9028,M4C367,,272952,Hyaloperonospora arabidopsidis,559515,Emoy2,strain,"ATR13(N73I, D169V) (amino acid mutation) [Ectopic]",Q9M667,,3702,Arabidopsis thaliana,,ecotype Niederzenz-1,species,Rpp13+ (wild type) [Ectopic],PHIPO:0000192,,BTO:0000713,Macroscopic observation (qualitative observation),gene-for-gene interaction,22194684,,,,
PHIG:9028,M4C367,,272952,Hyaloperonospora arabidopsidis,559515,Emoy2,strain,"ATR13(H109L, I152T) (amino acid mutation) [Ectopic]",Q9M667,,3702,Arabidopsis thaliana,,ecotype Niederzenz-1,species,Rpp13+ (wild type) [Ectopic],PHIPO:0000192,,BTO:0000713,Macroscopic observation (qualitative observation),gene-for-gene interaction,22194684,,,,
PHIG:9028,M4C367,,272952,Hyaloperonospora arabidopsidis,559515,Emoy2,strain,"ATR13(H109L, I152T) (amino acid mutation) [Ectopic]",Q9M667,,3702,Arabidopsis thaliana,,ecotype Niederzenz-1,species,Rpp13+ (wild type) [Ectopic],PHIPO:0000192,,BTO:0000713,Macroscopic observation (qualitative observation),gene-for-gene interaction,22194684,,,,
PHIG:9028,M4C367,,272952,Hyaloperonospora arabidopsidis,559515,Emoy2,strain,"ATR13(N73Y, S186C) (amino acid mutation) [Ectopic]",Q9M667,,3702,Arabidopsis thaliana,,ecotype Niederzenz-1,species,Rpp13+ (wild type) [Ectopic],PHIPO:0000192,,BTO:0000713,Macroscopic observation (qualitative observation),gene-for-gene interaction,22194684,,,,
PHIG:9028,M4C367,,272952,Hyaloperonospora arabidopsidis,559515,Emoy2,strain,"ATR13(N73Y, S186C) (amino acid mutation) [Ectopic]",Q9M667,,3702,Arabidopsis thaliana,,ecotype Niederzenz-1,species,Rpp13+ (wild type) [Ectopic],PHIPO:0000192,,BTO:0000713,Macroscopic observation (qualitative observation),gene-for-gene interaction,22194684,,,,
PHIG:9028,M4C367,,272952,Hyaloperonospora arabidopsidis,559515,Emoy2,strain,"ATR13(N109L, I152T) (amino acid mutation) [Ectopic]",Q9M667,,3702,Arabidopsis thaliana,,ecotype Niederzenz-1,species,Rpp13+ (wild type) [Ectopic],PHIPO:0000192,,BTO:0000713,Macroscopic observation (qualitative observation),gene-for-gene interaction,22194684,,,,
PHIG:9028,M4C367,,272952,Hyaloperonospora arabidopsidis,559515,Emoy2,strain,"ATR13(N109L, I152T) (amino acid mutation) [Ectopic]",Q9M667,,3702,Arabidopsis thaliana,,ecotype Niederzenz-1,species,Rpp13+ (wild type) [Ectopic],PHIPO:0000192,,BTO:0000713,Macroscopic observation (qualitative observation),gene-for-gene interaction,22194684,,,,
PHIG:9028,M4C367,,272952,Hyaloperonospora arabidopsidis,559515,Emoy2,strain,ATR13(N73S) (amino acid mutation) [Ectopic],Q9M667,,3702,Arabidopsis thaliana,,ecotype Niederzenz-1,species,Rpp13+ (wild type) [Ectopic],PHIPO:0000192,,BTO:0000713,Macroscopic observation (qualitative observation),gene-for-gene interaction,22194684,,,,
PHIG:9028,M4C367,,272952,Hyaloperonospora arabidopsidis,559515,Emoy2,strain,ATR13(N73S) (amino acid mutation) [Ectopic],Q9M667,,3702,Arabidopsis thaliana,,ecotype Niederzenz-1,species,Rpp13+ (wild type) [Ectopic],PHIPO:0000192,,BTO:0000713,Macroscopic observation (qualitative observation),gene-for-gene interaction,22194684,,,,
PHIG:9028,M4C367,,272952,Hyaloperonospora arabidopsidis,559515,Emoy2,strain,"ATR13(V99A, I152T, S186C) (amino acid mutation) [Ectopic]",Q9M667,,3702,Arabidopsis thaliana,,ecotype Niederzenz-1,species,Rpp13+ (wild type) [Ectopic],PHIPO:0000192,,BTO:0000713,Macroscopic observation (qualitative observation),gene-for-gene interaction,22194684,,,,
PHIG:9028,M4C367,,272952,Hyaloperonospora arabidopsidis,559515,Emoy2,strain,"ATR13(V99A, I152T, S186C) (amino acid mutation) [Ectopic]",Q9M667,,3702,Arabidopsis thaliana,,ecotype Niederzenz-1,species,Rpp13+ (wild type) [Ectopic],PHIPO:0000192,,BTO:0000713,Macroscopic observation (qualitative observation),gene-for-gene interaction,22194684,,,,
PHIG:1004,Q5G7K8,,272952,Hyaloperonospora arabidopsidis,,Emco5,species,"ATR13(T119I, F73N) (amino acid mutation) [Ectopic]",Q9M667,,3702,Arabidopsis thaliana,,ecotype Niederzenz-1,species,Rpp13+ (wild type) [Ectopic],PHIPO:0000182,,BTO:0000713,Macroscopic observation (qualitative observation),gene-for-gene interaction,22194684,,,,
PHIG:9028,M4C367,,272952,Hyaloperonospora arabidopsidis,559515,Emoy2,strain,Atr13+ (wild type) [Wild type product level],,,3702,Arabidopsis thaliana,,ecotype Niederzenz-1,none,,,PHIDO:0000124,,,interspecies interaction,22194684,,,,
PHIG:9028,M4C367,,272952,Hyaloperonospora arabidopsidis,559515,Emoy2,strain,Atr13+ (wild type) [Wild type product level],,,3702,Arabidopsis thaliana,,ecotype Niederzenz-1,none,,,PHIDO:0000124,,,interspecies interaction,22194684,,,,
PHIG:1004,Q5G7K8,,272952,Hyaloperonospora arabidopsidis,,Emco5,species,ATR13-1a(N-terminal 1-62 amino acid deletion) (partial amino acid deletion) [Ectopic],Q9M667,,3702,Arabidopsis thaliana,,ecotype Niederzenz-1,species,Rpp13+ (wild type) [Ectopic],PHIPO:0000192,,BTO:0000713,Macroscopic observation (qualitative observation),gene-for-gene interaction,22194684,,,,
PHIG:9459,Q5H2S9,,,Xanthomonas oryzae,,MAFF311018,species,Xoo1488 transformant(overexpression) (transformant) [Ectopic],Q6I5Q6,,4530,Oryza sativa,39947,cv. Nipponbare,strain,RLCK185+ (wild type) [Wild type product level],PHIPO:0001284,,,Western blot assay,gene-for-gene interaction,23498959,,,,
PHIG:9459,Q5H2S9,,,Xanthomonas oryzae,,MAFF311018,species,Xoo1488+ (wild type) [Wild type product level],,,4530,Oryza sativa,,Unknown strain,none,,,PHIDO:0000024,,,interspecies interaction,23498959,,,,
PHIG:9459,Q5H2S9,,,Xanthomonas oryzae,,,species,,Q6I5Q6,,4530,Oryza sativa,39947,,strain,,,,,Two-hybrid,protein-protein interaction,23498959,,,,
PHIG:9459,Q5H2S9,,,Xanthomonas oryzae,,,species,,Q5JMQ1,,4530,Oryza sativa,39947,,strain,,,,,Two-hybrid,protein-protein interaction,23498959,,,,
PHIG:9147,Q6I5Q6,,4530,Oryza sativa,39947,,strain,,A0A0P0XII1,,4530,Oryza sativa,39947,,strain,,,,,Two-hybrid,protein-protein interaction,23498959,,,,
PHIG:9147,Q6I5Q6,,4530,Oryza sativa,39947,,strain,,A0A0P0XII1,,4530,Oryza sativa,39947,,strain,,,,,Co-purification,protein-protein interaction,23498959,,,,
PHIG:9147,Q6I5Q6,,4530,Oryza sativa,39947,,strain,,A0A0P0XII1,,4530,Oryza sativa,39947,,strain,,,,,PCA,protein-protein interaction,23498959,,,,
PHIG:9459,Q5H2S9,,,Xanthomonas oryzae,,,species,,Q6I5Q6,,4530,Oryza sativa,39947,,strain,,,,,PCA,protein-protein interaction,23498959,,,,
PHIG:9147,Q6I5Q6,,4530,Oryza sativa,39947,,strain,,A0A0P0XII1,,4530,Oryza sativa,39947,,strain,,,,,Two-hybrid,protein-protein interaction,23498959,,,,
PHIG:9023,A0A420JBH2,,62708,Golovinomyces cichoracearum,,Unknown strain,species,CHS+ (wild type) [Wild type product level],Q7FZR1,,3702,Arabidopsis thaliana,,ecotype Columbia-0,species,RLP52+ (wild type) [Wild type product level],PHIPO:0000951,,BTO:0000713,Macroscopic observation (qualitative observation),interspecies interaction,15923325,,,,
PHIG:9023,A0A420JBH2,,62708,Golovinomyces cichoracearum,,Unknown strain,species,CHS+ (wild type) [Wild type product level],Q7FZR1,,3702,Arabidopsis thaliana,,ecotype Columbia-0,species,RLP52delta(T-DNA insertion) (amino acid insertion and deletion) [Knockdown],PHIPO:0000951,,BTO:0000713,Macroscopic observation (qualitative observation),interspecies interaction,15923325,,,,
PHIG:9023,A0A420JBH2,,62708,Golovinomyces cichoracearum,,Unknown strain,species,CHS+ (wild type) [Wild type product level],O64763,,3702,Arabidopsis thaliana,,ecotype Columbia-0,species,ATL9delta(T-DNA insertion) (amino acid insertion and deletion) [Knockdown],PHIPO:0000951,,BTO:0000713,Macroscopic observation (qualitative observation),interspecies interaction,15923325,,,,
PHIG:9023,A0A420JBH2,,62708,Golovinomyces cichoracearum,,Unknown strain,species,CHS+ (wild type) [Wild type product level],,,3702,Arabidopsis thaliana,,ecotype Columbia-0,none,,,PHIDO:0000296,,,interspecies interaction,15923325,,,,
PHIG:8957,I1S104,,5518,Fusarium graminearum,229533,CS3005,strain,Clm1delta (deletion),,,4565,Triticum aestivum,,cv. Kennedy,none,,PHIPO:0000368,,BTO:0001278,Macroscopic observation (quantitative observation),interspecies interaction,19888824,Increased virulence,,,
PHIG:8871,A0A098D1J7,,5518,Fusarium graminearum,229533,CS3005,strain,Clm2delta (deletion),,,4565,Triticum aestivum,,cv. Kennedy,none,,PHIPO:0000368,,BTO:0001278,Macroscopic observation (quantitative observation),interspecies interaction,19888824,Increased virulence,,,
PHIG:8871,A0A098D1J7,,5518,Fusarium graminearum,229533,CS3005,strain,Clm2+ (wild type) [Wild type product level],,,4565,Triticum aestivum,,Unknown strain,none,,,PHIDO:0000163,,,interspecies interaction,19888824,,,,
PHIG:8957,I1S104,,5518,Fusarium graminearum,229533,CS3005,strain,Clm1delta (deletion),,,4565,Triticum aestivum,,cv. Sumai 3,none,,PHIPO:0000368,,BTO:0001278,Macroscopic observation (quantitative observation),interspecies interaction,19888824,Increased virulence,,,
PHIG:8871,A0A098D1J7,,5518,Fusarium graminearum,229533,CS3005,strain,Clm2delta (deletion),,,4565,Triticum aestivum,,cv. Sumai 3,none,,PHIPO:0000368,,BTO:0001278,Macroscopic observation (quantitative observation),interspecies interaction,19888824,Increased virulence,,,
PHIG:8957,I1S104,,5518,Fusarium graminearum,229533,CS3005,strain,Clm1delta (deletion),,,4565,Triticum aestivum,,cv. Kennedy,none,,PHIPO:0000232,,BTO:0001278,Substance quantification evidence,interspecies interaction,19888824,,,,
PHIG:8871,A0A098D1J7,,5518,Fusarium graminearum,229533,CS3005,strain,Clm2delta (deletion),,,4565,Triticum aestivum,,cv. Kennedy,none,,PHIPO:0000232,,BTO:0001278,Substance quantification evidence,interspecies interaction,19888824,,,,
PHIG:734,L2FQR9,,690256,Colletotrichum gloeosporioides,1213859,JS67,strain,CYP51A+ (wild type) [Wild type product level],,,4081,Solanum lycopersicum,,Daianna,none,,PHIPO:0000480,,BTO:0000486,Macroscopic observation (quantitative observation),interspecies interaction,32569396,,,,
PHIG:733,L2FD62,,690256,Colletotrichum gloeosporioides,1213859,JS67,strain,CYP51B+ (wild type) [Wild type product level],,,4081,Solanum lycopersicum,,Daianna,none,,PHIPO:0000480,,BTO:0000486,Macroscopic observation (quantitative observation),interspecies interaction,32569396,,,,
PHIG:734,L2FQR9,,690256,Colletotrichum gloeosporioides,1213859,JS67,strain,CYP51Adelta (deletion),,,4081,Solanum lycopersicum,,Daianna,none,,PHIPO:0000985,,BTO:0000486,Macroscopic observation (quantitative observation),interspecies interaction,32569396,Reduced virulence,,,
PHIG:733,L2FD62,,690256,Colletotrichum gloeosporioides,1213859,JS67,strain,CYP51Bdelta (deletion),,,4081,Solanum lycopersicum,,Daianna,none,,PHIPO:0000985,,BTO:0000486,Macroscopic observation (quantitative observation),interspecies interaction,32569396,Reduced virulence,,,
PHIG:734,L2FQR9,,690256,Colletotrichum gloeosporioides,1213859,JS67,strain,CYP51A+ (wild type) [Wild type product level],,,29780,Mangifera indica,,Jinhuang Mang,none,,PHIPO:0000480,,BTO:0000486,Macroscopic observation (quantitative observation),interspecies interaction,32569396,,,,
PHIG:733,L2FD62,,690256,Colletotrichum gloeosporioides,1213859,JS67,strain,CYP51B+ (wild type) [Wild type product level],,,29780,Mangifera indica,,Jinhuang Mang,none,,PHIPO:0000480,,BTO:0000486,Macroscopic observation (quantitative observation),interspecies interaction,32569396,,,,
PHIG:734,L2FQR9,,690256,Colletotrichum gloeosporioides,1213859,JS67,strain,CYP51Adelta (deletion),,,29780,Mangifera indica,,Jinhuang Mang,none,,PHIPO:0000985,,BTO:0000486,Macroscopic observation (quantitative observation),interspecies interaction,32569396,Reduced virulence,,,
PHIG:733,L2FD62,,690256,Colletotrichum gloeosporioides,1213859,JS67,strain,CYP51Bdelta (deletion),,,29780,Mangifera indica,,Jinhuang Mang,none,,PHIPO:0000985,,BTO:0000486,Macroscopic observation (quantitative observation),interspecies interaction,32569396,Reduced virulence,,,
PHIG:8743,Q9Y7V7,,40559,Botrytis cinerea,,Unknown strain,species,GA2+ (wild type) [Ectopic],,,4100,Nicotiana benthamiana,,Unknown strain,none,,PHIPO:0000480,,BTO:0000713,Macroscopic observation (qualitative observation),interspecies interaction,17427809,,,,
PHIG:4817,O94100,,40559,Botrytis cinerea,,Unknown strain,species,GA1+ (wild type) [Ectopic],,,4100,Nicotiana benthamiana,,Unknown strain,none,,PHIPO:0000200,,BTO:0000713,Macroscopic observation (qualitative observation),interspecies interaction,17427809,,,,
PHIG:8743,Q9Y7V7,,40559,Botrytis cinerea,,Unknown strain,species,GA2(D192A) (amino acid mutation) [Ectopic],,,4100,Nicotiana benthamiana,,Unknown strain,none,,PHIPO:0000481,,BTO:0000713,Macroscopic observation (qualitative observation),interspecies interaction,17427809,,,,
PHIG:4817,O94100,,40559,Botrytis cinerea,,Unknown strain,species,GA1(D203A) (amino acid mutation) [Ectopic],,,4100,Nicotiana benthamiana,,Unknown strain,none,,PHIPO:0000200,,BTO:0000713,Macroscopic observation (qualitative observation),interspecies interaction,17427809,,,,
PHIG:8743,Q9Y7V7,,40559,Botrytis cinerea,,Unknown strain,species,GA2+ (wild type) [Ectopic],,,29760,Vitis vinifera,,Unknown strain,none,,,PHIDO:0000178,,,interspecies interaction,17427809,,,,
PHIG:8696,P26213,,5061,Aspergillus niger,,,species,,A7PW81,,29760,Vitis vinifera,,,species,,,,,Affinity Capture-MS,protein-protein interaction,17427809,,,,
PHIG:8696,P26213,,5061,Aspergillus niger,,Unknown strain,species,PGI+ (wild type) [Not assayed],,,29760,Vitis vinifera,,Unknown strain,none,,,PHIDO:0000046,,,interspecies interaction,17427809,,,,
PHIG:9482,Q9C1I7,,1047171,Zymoseptoria tritici,,IPO323,species,atr4+ (wild type) [Wild type product level],,,4565,Triticum aestivum,,cv. Obelisk,none,,,PHIDO:0000329,,,interspecies interaction,12906113,,,,
PHIG:9482,Q9C1I7,,1047171,Zymoseptoria tritici,,IPO323,species,Atr4::Hyg (disruption) [Not assayed],,,4565,Triticum aestivum,,cv. Obelisk,none,,PHIPO:0000365,,BTO:0000713,Macroscopic observation (qualitative observation),interspecies interaction,12906113,Reduced virulence,,,
PHIG:1659,D0NDJ8,,4787,Phytophthora infestans,403677,,strain,,I6XKY2,,4113,Solanum tuberosum,,,species,,,,,Two-hybrid,protein-protein interaction,30782963,,,,
PHIG:1659,D0NDJ8,,4787,Phytophthora infestans,403677,,strain,,I6WZC5,,4113,Solanum tuberosum,,,species,,,,,Two-hybrid,protein-protein interaction,30782963,,,,
PHIG:1659,D0NDJ8,,4787,Phytophthora infestans,403677,,strain,,M0ZTH3,,4113,Solanum tuberosum,,,species,,,,,Two-hybrid,protein-protein interaction,30782963,,,,
PHIG:1659,D0NDJ8,,4787,Phytophthora infestans,403677,,strain,,I6XKY2,,4113,Solanum tuberosum,,,species,,,,,Co-purification,protein-protein interaction,30782963,,,,
PHIG:1659,D0NDJ8,,4787,Phytophthora infestans,403677,,strain,,I6WZC5,,4113,Solanum tuberosum,,,species,,,,,Co-purification,protein-protein interaction,30782963,,,,
PHIG:1659,D0NDJ8,,4787,Phytophthora infestans,403677,,strain,,M0ZTH3,,4113,Solanum tuberosum,,,species,,,,,Co-purification,protein-protein interaction,30782963,,,,
PHIG:1659,D0NDJ8,,4787,Phytophthora infestans,403677,88069,strain,Avr2-GFP transformant(GFP tagged) (transformant) [Overexpression],,,4100,Nicotiana benthamiana,,Unknown strain,none,,PHIPO:0001204,,BTO:0000713,Macroscopic observation (quantitative observation),interspecies interaction,30782963,,,,
PHIG:1659,D0NDJ8,,4787,Phytophthora infestans,403677,88069,strain,Avr2-GFP transformant(1-65 deleted) (partial amino acid deletion) [Overexpression],,,4100,Nicotiana benthamiana,,Unknown strain,none,,PHIPO:0001204,,BTO:0000713,Macroscopic observation (quantitative observation),interspecies interaction,30782963,,,,
PHIG:1659,D0NDJ8,,4787,Phytophthora infestans,403677,88069,strain,"Avr2-GFP transformant(1-65, 101-116 deleted) (partial amino acid deletion) [Overexpression]",,,4100,Nicotiana benthamiana,,Unknown strain,none,,PHIPO:0000192,,BTO:0000713,Macroscopic observation (quantitative observation),interspecies interaction,30782963,,,,
,,,4787,Phytophthora infestans,,88069,none,,I6XKY2,,4113,Solanum tuberosum,,Unknown strain,species,Bsl1-GFP transformant(35S) (transformant) [Overexpression],PHIPO:0001204,,BTO:0000713,Macroscopic observation (quantitative observation),interspecies interaction,30782963,,,,
,,,4787,Phytophthora infestans,,88069,none,,M0ZTH3,,4113,Solanum tuberosum,,Unknown strain,species,Bsl3-GFP transformant(35S) (transformant) [Overexpression],PHIPO:0001204,,BTO:0000713,Macroscopic observation (quantitative observation),interspecies interaction,30782963,,,,
,,,4787,Phytophthora infestans,,88069,none,,I6WZC5,,4113,Solanum tuberosum,,Unknown strain,species,Bsl2-GFP transformant(35S) (transformant) [Overexpression],PHIPO:0000192,,BTO:0000713,Macroscopic observation (quantitative observation),interspecies interaction,30782963,,,,
PHIG:357,D0NPN8,,4787,Phytophthora infestans,403677,88069,strain,Avr3a-GFP transformant(35S) (transformant) [Overexpression],,,4100,Nicotiana benthamiana,,Unknown strain,none,,PHIPO:0001204,,BTO:0000713,Macroscopic observation (quantitative observation),interspecies interaction,30782963,,,,
,,,4787,Phytophthora infestans,,88069,none,,I6XKY2,,4113,Solanum tuberosum,,Unknown strain,species,Bsl1-GFP transformant(35S) (transformant) [Overexpression],PHIPO:0000368,,BTO:0000713,Macroscopic observation (quantitative observation),interspecies interaction,30782963,,,,
,,,4787,Phytophthora infestans,,88069,none,,I6WZC5,,4113,Solanum tuberosum,,Unknown strain,species,Bsl2-GFP transformant(35S) (transformant) [Overexpression],PHIPO:0000368,,BTO:0000713,Macroscopic observation (quantitative observation),interspecies interaction,30782963,,,,
,,,4787,Phytophthora infestans,,88069,none,,M0ZTH3,,4113,Solanum tuberosum,,Unknown strain,species,Bsl3-GFP transformant(35S) (transformant) [Overexpression],PHIPO:0000368,,BTO:0000713,Macroscopic observation (quantitative observation),interspecies interaction,30782963,,,,
PHIG:1659,D0NDJ8,,4787,Phytophthora infestans,403677,88069,strain,Avr2+ (wild type) [Wild type product level],,,4113,Solanum tuberosum,,Unknown strain,none,,,PHIDO:0000206,,,interspecies interaction,30782963,,,,
PHIG:10355,X0K540,,,Fusarium oxysporum,,Foc TR4,species,FoUpe9+ (wild type) [Ectopic],,,4100,Nicotiana benthamiana,,Unknown strain,none,,PHIPO:0000465,,BTO:0000713,Macroscopic observation (quantitative observation),interspecies interaction,40278128,,,,
PHIG:10355,X0K540,,,Fusarium oxysporum,,Foc TR4,species,FoUpe9+ (wild type) [Wild type product level],,,4641,Musa acuminata,,Unknown strain,none,,PHIPO:0000954,,BTO:0001461,Macroscopic observation (quantitative observation),interspecies interaction,40278128,,,,
PHIG:10355,X0K540,,,Fusarium oxysporum,,Foc TR4,species,FoUpe9delta (deletion),,,4641,Musa acuminata,,Unknown strain,none,,PHIPO:0000365,,BTO:0001461,Macroscopic observation (quantitative observation),interspecies interaction,40278128,Reduced virulence,,,
PHIG:10355,X0K540,,,Fusarium oxysporum,,Foc TR4,species,FoUpe9delta-FoUpe9 transformant(complement by re-introducing the wild-type allele at an ectopic locus) (transformant) [Ectopic],,,4641,Musa acuminata,,Unknown strain,none,,PHIPO:0000954,,BTO:0001461,Macroscopic observation (quantitative observation),interspecies interaction,40278128,Unaffected pathogenicity,,,
PHIG:10355,X0K540,,,Fusarium oxysporum,,Foc TR4,species,FoUpe9+ (wild type) [Wild type product level],,,4641,Musa acuminata,,Unknown strain,none,,PHIPO:0001228,,BTO:0001188,Macroscopic observation (quantitative observation),interspecies interaction,40278128,,,,
PHIG:10355,X0K540,,,Fusarium oxysporum,,Foc TR4,species,FoUpe9delta-FoUpe9 transformant(complement by re-introducing the wild-type allele at an ectopic locus) (transformant) [Ectopic],,,4641,Musa acuminata,,Unknown strain,none,,PHIPO:0001228,,BTO:0001188,Macroscopic observation (quantitative observation),interspecies interaction,40278128,,,,
PHIG:10355,X0K540,,,Fusarium oxysporum,,Foc TR4,species,FoUpe9delta (deletion),,,4641,Musa acuminata,,Unknown strain,none,,PHIPO:0001156,,BTO:0001188,Macroscopic observation (quantitative observation),interspecies interaction,40278128,,,,
PHIG:10355,X0K540,,,Fusarium oxysporum,,Foc TR4,species,FoUpe9+ (wild type) [Wild type product level],,,4641,Musa acuminata,,Unknown strain,none,,,PHIDO:0000164,,,interspecies interaction,40278128,,,,
PHIG:9477,F9XJV5,,1047171,Zymoseptoria tritici,336722,IPO323,strain,Alg2+ (wild type) [Wild type product level],,,4565,Triticum aestivum,,Riband,none,,,PHIDO:0000329,,,interspecies interaction,21623954,,,,
PHIG:9477,F9XJV5,,1047171,Zymoseptoria tritici,336722,IPO323,strain,Alg2delta (deletion),,,4565,Triticum aestivum,,Riband,none,,PHIPO:0000952,,BTO:0000713,Macroscopic observation (qualitative observation),interspecies interaction,21623954,Loss of pathogenicity,,,
PHIG:9477,F9XJV5,,1047171,Zymoseptoria tritici,336722,IPO323,strain,Alg2(5-29H) (nucleotide insertion) [Not assayed],,,4565,Triticum aestivum,,Riband,none,,PHIPO:0000952,,BTO:0000713,Macroscopic observation (qualitative observation),interspecies interaction,21623954,Loss of pathogenicity,,,
PHIG:1422,Q258K5,,5022,Leptosphaeria maculans,225342,v23.1.3,strain,AvrLm1+ (wild type) [Wild type product level],,,3708,Brassica napus,,Capitol,none,,PHIPO:0000365,,BTO:0000300,Macroscopic observation (qualitative observation),gene-for-gene interaction,16556221,,,,
PHIG:1422,Q258K5,,5022,Leptosphaeria maculans,225342,v23.1.3,strain,AvrLm1+ (wild type) [Wild type product level],,,3708,Brassica napus,,cv. Westar,none,,PHIPO:0000954,,BTO:0000300,Macroscopic observation (qualitative observation),gene-for-gene interaction,16556221,,,,
PHIG:1422,Q258K5,,5022,Leptosphaeria maculans,225342,v23.1.3,strain,AvrLm1+ (wild type) [Wild type product level],,,3708,Brassica napus,,cv. Westar,none,,,PHIDO:0000051,,,interspecies interaction,16556221,,,,
PHIG:1422,Q258K5,,5022,Leptosphaeria maculans,225342,v29.3.1,strain,AvrLm1delta (deletion),,,3708,Brassica napus,,Capitol,none,,PHIPO:0000954,,BTO:0000300,Macroscopic observation (qualitative observation),gene-for-gene interaction,16556221,,,,
PHIG:1422,Q258K5,,5022,Leptosphaeria maculans,225342,v29.3.1,strain,AvrLm1delta (deletion),,,3708,Brassica napus,,cv. Westar,none,,PHIPO:0000954,,BTO:0000300,Macroscopic observation (qualitative observation),gene-for-gene interaction,16556221,,,,
PHIG:1422,Q258K5,,5022,Leptosphaeria maculans,225342,v29.3.1,strain,AvrLm1delta-AvrLm1 transformant(complement by re-introducing the wild-type allele at an ectopic locus) (transformant) [Ectopic],,,3708,Brassica napus,,Capitol,none,,PHIPO:0000365,,BTO:0000300,Macroscopic observation (qualitative observation),gene-for-gene interaction,16556221,,,,
PHIG:1422,Q258K5,,5022,Leptosphaeria maculans,225342,v29.3.1,strain,AvrLm1delta-AvrLm1 transformant(complement by re-introducing the wild-type allele at an ectopic locus) (transformant) [Ectopic],,,3708,Brassica napus,,cv. Westar,none,,PHIPO:0000954,,BTO:0000300,Macroscopic observation (qualitative observation),gene-for-gene interaction,16556221,,,,
PHIG:10408,A0AAV9TWS4,,1209068,Colletotrichum tabaci,,YC1,species,Cte1+ (wild type) [Ectopic],,,4100,Nicotiana benthamiana,,Unknown strain,none,,PHIPO:0000954,,BTO:0000713,Macroscopic observation (quantitative observation),interspecies interaction,38377033,,,,
PHIG:10408,A0AAV9TWS4,,1209068,Colletotrichum tabaci,,YC1,species,Cte1delta (deletion),,,4100,Nicotiana benthamiana,,Unknown strain,none,,PHIPO:0000365,,BTO:0000713,Macroscopic observation (quantitative observation),interspecies interaction,38377033,Reduced virulence,,,
PHIG:10408,A0AAV9TWS4,,1209068,Colletotrichum tabaci,,YC1,species,Cte1delta-Cte1 transformant(complement by re-introducing the wild-type allele at an ectopic locus) (transformant) [Ectopic],,,4100,Nicotiana benthamiana,,Unknown strain,none,,PHIPO:0000954,,BTO:0000713,Macroscopic observation (quantitative observation),interspecies interaction,38377033,Unaffected pathogenicity,,,
PHIG:10408,A0AAV9TWS4,,1209068,Colletotrichum tabaci,,YC1,species,Cte1+ (wild type) [Ectopic],,,4100,Nicotiana benthamiana,,Unknown strain,none,,PHIPO:0000928,,BTO:0000713,Substance quantification evidence,interspecies interaction,38377033,,,,
PHIG:10408,A0AAV9TWS4,,1209068,Colletotrichum tabaci,,YC1,species,Cte1+ (wild type) [Ectopic],,,4100,Nicotiana benthamiana,,Unknown strain,none,,PHIPO:0000928,,BTO:0000713,Substance quantification evidence,interspecies interaction,38377033,,,,
PHIG:10408,A0AAV9TWS4,,1209068,Colletotrichum tabaci,,YC1,species,Cte1+ (wild type) [Ectopic],,,4100,Nicotiana benthamiana,,Unknown strain,none,,,PHIDO:0000013,,,interspecies interaction,38377033,,,,
PHIG:268,D0MVC9,,4787,Phytophthora infestans,403677,90128,strain,Epi1-OE transformant(overexpression) (transformant) [Ectopic],,,4081,Solanum lycopersicum,,Ohio 7814,none,,PHIPO:0001168,,,Enzyme assay data,interspecies interaction,15096512,,,,
PHIG:268,D0MVC9,,4787,Phytophthora infestans,403677,,strain,,O04678,,4081,Solanum lycopersicum,,,species,,,,,Co-purification,protein-protein interaction,15096512,,,,
PHIG:268,D0MVC9,,4787,Phytophthora infestans,403677,90128,strain,Epi1+ (wild type) [Wild type product level],,,4081,Solanum lycopersicum,,Ohio 7814,none,,,PHIDO:0000206,BTO:0000713,,interspecies interaction,15096512,,,,
PHIG:335,A0A0K6FU48,,456999,Rhizoctonia solani,,AG2-2IIIB,species,RSOLAG22IIIB_04067+ (wild type) [Not assayed],,,161934,Beta vulgaris,,Unknown strain,none,,PHIPO:0000480,,BTO:0000713,Macroscopic observation (qualitative observation),interspecies interaction,31076860,,,,
PHIG:335,A0A0K6FU48,,456999,Rhizoctonia solani,,AG2-2IIIB,species,RSOLAG22IIIB_04067+ (wild type) [Not assayed],,,4100,Nicotiana benthamiana,,Unknown strain,none,,PHIPO:0001192,,BTO:0000713,Substance quantification evidence,interspecies interaction,31076860,,,,
PHIG:335,A0A0K6FU48,,456999,Rhizoctonia solani,,AG2-2IIIB,species,RSOLAG22IIIB_04067+ (wild type) [Not assayed],,,161934,Beta vulgaris,,Unknown strain,none,,PHIPO:0001232,,BTO:0001461,Macroscopic observation (qualitative observation),interspecies interaction,31076860,,,,
PHIG:335,A0A0K6FU48,,456999,Rhizoctonia solani,,AG2-2IIIB,species,RSOLAG22IIIB_04067+ (wild type) [Not assayed],,,4100,Nicotiana benthamiana,,Unknown strain,none,,,PHIDO:0000211,BTO:0000713,,interspecies interaction,31076860,,,,
PHIG:335,A0A0K6FU48,,456999,Rhizoctonia solani,,AG2-2IIIB,species,RSOLAG22IIIB_04067+ (wild type) [Not assayed],,,161934,Beta vulgaris,,Unknown strain,none,,,PHIDO:0000318,,,interspecies interaction,31076860,,,,
PHIG:335,A0A0K6FU48,,456999,Rhizoctonia solani,,AG2-2IIIB,species,RSOLAG22IIIB_04067+ (wild type) [Not assayed],,,161934,Beta vulgaris,,Unknown strain,none,,,PHIDO:0000102,,,interspecies interaction,31076860,,,,
PHIG:4289,I1RA07,,,Fusarium graminearum,,PH-1,species,SNT1+ (wild type) [Wild type product level],,,4565,Triticum aestivum,,cv. Xiaoyan 22,none,,PHIPO:0000954,,BTO:0001278,Macroscopic observation (qualitative observation),interspecies interaction,36477146,,,,
PHIG:4289,I1RA07,,,Fusarium graminearum,,PH-1,species,Snt1-CT98delta(2135–2233 deleted) (partial amino acid deletion) [Ectopic],,,4565,Triticum aestivum,,cv. Xiaoyan 22,none,,PHIPO:0000954,,BTO:0001278,Macroscopic observation (qualitative observation),interspecies interaction,36477146,Unaffected pathogenicity,,,
PHIG:4289,I1RA07,,,Fusarium graminearum,,PH-1,species,Snt1delta (deletion),,,4565,Triticum aestivum,,cv. Xiaoyan 22,none,,PHIPO:0000365,,BTO:0001278,Macroscopic observation (qualitative observation),interspecies interaction,36477146,Reduced virulence,,,
PHIG:7594,I1RSW5,,5518,Fusarium graminearum,229533,PH-1,strain,Pkrdelta (deletion),,,4565,Triticum aestivum,,cv. Xiaoyan 22,none,,PHIPO:0000365,,BTO:0001278,Macroscopic observation (qualitative observation),interspecies interaction,36477146,Reduced virulence,,,
PHIG:4289,I1RA07,,,Fusarium graminearum,,,species,,I1RSW5,,5518,Fusarium graminearum,229533,,strain,,,,,Two-hybrid,protein-protein interaction,36477146,,,,
PHIG:4289,I1RA07,,,Fusarium graminearum,,PH-1,species,SNT1+ (wild type) [Wild type product level],,,4565,Triticum aestivum,,cv. Xiaoyan 22,none,,,PHIDO:0000162,,,interspecies interaction,36477146,,,,
PHIG:4289,I1RA07,,,Fusarium graminearum,,,species,,I1RA07,,,Fusarium graminearum,,,species,,,,,Two-hybrid,protein-protein interaction,36477146,,,,
PHIG:8744,Q9Y7V9,,40559,Botrytis cinerea,,Unknown strain,species,PG3+ (wild type) [Ectopic],,,3702,Arabidopsis thaliana,,Br-0,none,,PHIPO:0000465,,BTO:0000713,Macroscopic observation (qualitative observation),interspecies interaction,24259685,,,,
PHIG:8744,Q9Y7V9,,40559,Botrytis cinerea,,Unknown strain,species,PG3+ (wild type) [Ectopic],,,3702,Arabidopsis thaliana,,ecotype Columbia-0,none,,PHIPO:0000477,,BTO:0000713,Macroscopic observation (qualitative observation),interspecies interaction,24259685,,,,
PHIG:8744,Q9Y7V9,,40559,Botrytis cinerea,,Unknown strain,species,PG3+ (wild type) [Ectopic],Q9LJS0,,3702,Arabidopsis thaliana,,Br-0,species,RLP42+ (wild type) [Overexpression],PHIPO:0000477,,BTO:0000713,Macroscopic observation (qualitative observation),gene-for-gene interaction,24259685,,,,
PHIG:8743,Q9Y7V7,,40559,Botrytis cinerea,,Unknown strain,species,PG2+ (wild type) [Ectopic],,,3702,Arabidopsis thaliana,,Br-0,none,,PHIPO:0000465,,BTO:0000713,Macroscopic observation (qualitative observation),interspecies interaction,24259685,,,,
PHIG:8743,Q9Y7V7,,40559,Botrytis cinerea,,Unknown strain,species,PG2+ (wild type) [Ectopic],,,3702,Arabidopsis thaliana,,ecotype Columbia-0,none,,PHIPO:0000477,,BTO:0000713,Macroscopic observation (qualitative observation),interspecies interaction,24259685,,,,
PHIG:8743,Q9Y7V7,,40559,Botrytis cinerea,,Unknown strain,species,PG2+ (wild type) [Ectopic],Q9LJS0,,3702,Arabidopsis thaliana,,Br-0,species,RLP42+ (wild type) [Overexpression],PHIPO:0000477,,BTO:0000713,Macroscopic observation (qualitative observation),gene-for-gene interaction,24259685,,,,
PHIG:8745,Q9Y7W0,,40559,Botrytis cinerea,,Unknown strain,species,PG4+ (wild type) [Ectopic],,,3702,Arabidopsis thaliana,,Br-0,none,,PHIPO:0000465,,BTO:0000713,Macroscopic observation (qualitative observation),interspecies interaction,24259685,,,,
PHIG:8745,Q9Y7W0,,40559,Botrytis cinerea,,Unknown strain,species,PG4+ (wild type) [Ectopic],,,3702,Arabidopsis thaliana,,ecotype Columbia-0,none,,PHIPO:0000477,,BTO:0000713,Macroscopic observation (qualitative observation),interspecies interaction,24259685,,,,
PHIG:8745,Q9Y7W0,,40559,Botrytis cinerea,,Unknown strain,species,PG4+ (wild type) [Ectopic],Q9LJS0,,3702,Arabidopsis thaliana,,Br-0,species,RLP42+ (wild type) [Overexpression],PHIPO:0000477,,BTO:0000713,Macroscopic observation (qualitative observation),gene-for-gene interaction,24259685,,,,
PHIG:8729,A0A384JAG7,,40559,Botrytis cinerea,332648,Unknown strain,strain,PG6+ (wild type) [Ectopic],,,3702,Arabidopsis thaliana,,Br-0,none,,PHIPO:0000465,,BTO:0000713,Macroscopic observation (qualitative observation),interspecies interaction,24259685,,,,
PHIG:8729,A0A384JAG7,,40559,Botrytis cinerea,332648,Unknown strain,strain,PG6+ (wild type) [Ectopic],,,3702,Arabidopsis thaliana,,ecotype Columbia-0,none,,PHIPO:0000477,,BTO:0000713,Macroscopic observation (qualitative observation),interspecies interaction,24259685,,,,
PHIG:8729,A0A384JAG7,,40559,Botrytis cinerea,332648,Unknown strain,strain,PG6+ (wild type) [Ectopic],Q9LJS0,,3702,Arabidopsis thaliana,,Br-0,species,RLP42+ (wild type) [Overexpression],PHIPO:0000477,,BTO:0000713,Macroscopic observation (qualitative observation),gene-for-gene interaction,24259685,,,,
PHIG:8744,Q9Y7V9,,40559,Botrytis cinerea,,Unknown strain,species,PG3(G373P) (amino acid mutation) [Ectopic],Q9LJS0,,3702,Arabidopsis thaliana,,Br-0,species,RLP42+ (wild type) [Overexpression],PHIPO:0000477,,BTO:0000713,Macroscopic observation (qualitative observation),gene-for-gene interaction,24259685,,,,
PHIG:8744,Q9Y7V9,,40559,Botrytis cinerea,,Unknown strain,species,PG3+ (wild type) [Ectopic],Q9LJS0,,3702,Arabidopsis thaliana,,Br-0,species,RLP42+ (wild type) [Overexpression],PHIPO:0000927,,BTO:0000713,Substance quantification evidence,gene-for-gene interaction,24259685,,,,
PHIG:8744,Q9Y7V9,,40559,Botrytis cinerea,,Unknown strain,species,PG3+ (wild type) [Ectopic],,,3702,Arabidopsis thaliana,,Br-0,none,,PHIPO:0000928,,BTO:0000713,Substance quantification evidence,interspecies interaction,24259685,,,,
PHIG:8677,Q9LJS0,,3702,Arabidopsis thaliana,,,species,,Q9Y7V9,,40559,Botrytis cinerea,,,species,,,,,Co-purification,protein-protein interaction,24259685,,,,
PHIG:8677,Q9LJS0,,3702,Arabidopsis thaliana,,,species,,Q9SKB2,,3702,Arabidopsis thaliana,,,species,,,,,Co-purification,protein-protein interaction,24259685,,,,
PHIG:8744,Q9Y7V9,,40559,Botrytis cinerea,,,species,,F4J7T6,,3702,Arabidopsis thaliana,,,species,,,,,Co-purification,protein-protein interaction,24259685,,,,
PHIG:8744,Q9Y7V9,,40559,Botrytis cinerea,,,species,,W0JFJ4,,3702,Arabidopsis thaliana,,,species,,,,,Co-purification,protein-protein interaction,24259685,,,,
PHIG:8680,Q9SKB2,,3702,Arabidopsis thaliana,,,species,,W0JFJ4,,3702,Arabidopsis thaliana,,,species,,,,,Co-purification,protein-protein interaction,24259685,,,,
PHIG:8680,Q9SKB2,,3702,Arabidopsis thaliana,,,species,,F4J7T6,,3702,Arabidopsis thaliana,,,species,,,,,Co-purification,protein-protein interaction,24259685,,,,
PHIG:8744,Q9Y7V9,,40559,Botrytis cinerea,,Unknown strain,species,PG3+ (wild type) [Ectopic],Q9SKB2,,3702,Arabidopsis thaliana,,ecotype Columbia-0,species,sobir1-1(the mutation introduces an early stop codon in the protein) (nonsense mutation) [Knockdown],PHIPO:0000465,,BTO:0000713,Macroscopic observation (qualitative observation),gene-for-gene interaction,24259685,,,,
PHIG:8744,Q9Y7V9,,40559,Botrytis cinerea,,Unknown strain,species,PG3(D353E/D354N) (amino acid mutation) [Ectopic],,,3702,Arabidopsis thaliana,,Br-0,none,,PHIPO:0000465,,BTO:0000713,Macroscopic observation (qualitative observation),interspecies interaction,24259685,,,,
PHIG:8744,Q9Y7V9,,40559,Botrytis cinerea,,Unknown strain,species,PG3(D353E/D354N) (amino acid mutation) [Ectopic],,,3702,Arabidopsis thaliana,,ecotype Columbia-0,none,,PHIPO:0000477,,BTO:0000713,Macroscopic observation (qualitative observation),interspecies interaction,24259685,,,,
PHIG:8744,Q9Y7V9,,40559,Botrytis cinerea,,Unknown strain,species,PG3(D353E/D354N) (amino acid mutation) [Ectopic],Q9LJS0,,3702,Arabidopsis thaliana,,Br-0,species,RLP42+ (wild type) [Overexpression],PHIPO:0000477,,BTO:0000713,Macroscopic observation (qualitative observation),gene-for-gene interaction,24259685,,,,
PHIG:8744,Q9Y7V9,,40559,Botrytis cinerea,,Unknown strain,species,PG3+ (wild type) [Wild type product level],,,3702,Arabidopsis thaliana,,Br-0,none,,,PHIDO:0000178,,,interspecies interaction,24259685,,,,
PHIG:351,A9JX75,,13684,Parastagonospora nodorum,321614,SN15,strain,Tox1+ (wild type) [Wild type product level],W5AB81,,4565,Triticum aestivum,,cv. Chinese Spring,species,Snn1+ (wild type) [Wild type product level],PHIPO:0000480,,BTO:0000713,Macroscopic observation (qualitative observation),gene-for-gene interaction,22241993,,,,
PHIG:351,A9JX75,,13684,Parastagonospora nodorum,321614,SN15,strain,Tox1+ (wild type) [Wild type product level],W5AB81,,4565,Triticum aestivum,,cv. W-7984,species,Snn1+ (wild type) [Wild type product level],PHIPO:0000480,,BTO:0000713,Macroscopic observation (qualitative observation),gene-for-gene interaction,22241993,,,,
PHIG:351,A9JX75,,13684,Parastagonospora nodorum,321614,SN15,strain,Tox1+ (wild type) [Wild type product level],W5AB81,,4565,Triticum aestivum,,cv. Chinese Spring,species,Snn1-ems237 (unknown) [Not assayed],PHIPO:0000481,,BTO:0000713,Macroscopic observation (qualitative observation),gene-for-gene interaction,22241993,,,,
PHIG:351,A9JX75,,13684,Parastagonospora nodorum,321614,SN15,strain,Tox1+ (wild type) [Wild type product level],W5AB81,,4565,Triticum aestivum,,cv. Chinese Spring,species,1BS-18(genomic deletion including Snn1) (other) [Not assayed],PHIPO:0000481,,BTO:0000713,Macroscopic observation (qualitative observation),gene-for-gene interaction,22241993,,,,
PHIG:351,A9JX75,,13684,Parastagonospora nodorum,321614,Sn79-1087,strain,Tox1-(no endogenous copy) (other) [Not assayed],W5AB81,,4565,Triticum aestivum,,cv. Chinese Spring,species,Snn1+ (wild type) [Wild type product level],PHIPO:0000481,,BTO:0000713,Macroscopic observation (qualitative observation),gene-for-gene interaction,22241993,,,,
PHIG:351,A9JX75,,13684,Parastagonospora nodorum,321614,Sn79-1087,strain,Tox1 transformant(Sn15-Tox1A1) (transformant) [Not assayed],W5AB81,,4565,Triticum aestivum,,cv. Chinese Spring,species,Snn1+ (wild type) [Wild type product level],PHIPO:0000480,,BTO:0000713,Macroscopic observation (qualitative observation),gene-for-gene interaction,22241993,,,,
PHIG:351,A9JX75,,13684,Parastagonospora nodorum,321614,Sn79-1087,strain,Tox1 transformant(Sn15-Tox1A1) (transformant) [Not assayed],W5AB81,,4565,Triticum aestivum,,cv. Chinese Spring,species,Snn1-ems237 (unknown) [Not assayed],PHIPO:0000481,,BTO:0000713,Macroscopic observation (qualitative observation),gene-for-gene interaction,22241993,,,,
PHIG:351,A9JX75,,13684,Parastagonospora nodorum,321614,Sn79-1087,strain,Tox1 transformant(Sn15-Tox1A1) (transformant) [Not assayed],W5AB81,,4565,Triticum aestivum,,cv. Chinese Spring,species,1BS-18(genomic deletion including Snn1) (other) [Not assayed],PHIPO:0000481,,BTO:0000713,Macroscopic observation (qualitative observation),gene-for-gene interaction,22241993,,,,
PHIG:351,A9JX75,,13684,Parastagonospora nodorum,321614,Sn2000,strain,Tox1+ (wild type) [Wild type product level],W5AB81,,4565,Triticum aestivum,,cv. W-7984,species,Snn1+ (wild type) [Wild type product level],PHIPO:0000480,,BTO:0000713,Macroscopic observation (qualitative observation),gene-for-gene interaction,22241993,,,,
PHIG:351,A9JX75,,13684,Parastagonospora nodorum,321614,Sn2000,strain,Tox1-15 (disruption),W5AB81,,4565,Triticum aestivum,,cv. W-7984,species,Snn1+ (wild type) [Wild type product level],PHIPO:0000481,,BTO:0000713,Macroscopic observation (qualitative observation),gene-for-gene interaction,22241993,,,,
PHIG:351,A9JX75,,13684,Parastagonospora nodorum,321614,Sn2000,strain,Tox1-9 (disruption),W5AB81,,4565,Triticum aestivum,,cv. W-7984,species,Snn1+ (wild type) [Wild type product level],PHIPO:0000481,,BTO:0000713,Macroscopic observation (qualitative observation),gene-for-gene interaction,22241993,,,,
PHIG:351,A9JX75,,13684,Parastagonospora nodorum,321614,SN15,strain,Tox1+ (wild type) [Wild type product level],W5AB81,,4565,Triticum aestivum,,cv. Chinese Spring,species,Snn1+ (wild type) [Wild type product level],PHIPO:0000927,,BTO:0000713,Microscopy,gene-for-gene interaction,22241993,,,,
PHIG:351,A9JX75,,13684,Parastagonospora nodorum,321614,SN15,strain,Tox1+ (wild type) [Wild type product level],W5AB81,,4565,Triticum aestivum,,cv. Chinese Spring,species,Snn1-ems237 (unknown) [Not assayed],PHIPO:0000928,,BTO:0000713,Microscopy,gene-for-gene interaction,22241993,,,,
PHIG:351,A9JX75,,13684,Parastagonospora nodorum,321614,Sn79-1087,strain,Tox1 transformant(Sn15-Tox1A1) (transformant) [Not assayed],W5AB81,,4565,Triticum aestivum,,cv. Chinese Spring,species,Snn1+ (wild type) [Wild type product level],PHIPO:0000927,,BTO:0000713,Microscopy,gene-for-gene interaction,22241993,,,,
PHIG:351,A9JX75,,13684,Parastagonospora nodorum,321614,SN15,strain,Tox1+ (wild type) [Wild type product level],W5AB81,,4565,Triticum aestivum,,cv. Chinese Spring,species,Snn1+ (wild type) [Wild type product level],PHIPO:0000477,,BTO:0000713,Gel electrophoresis evidence,gene-for-gene interaction,22241993,,,,
PHIG:351,A9JX75,,13684,Parastagonospora nodorum,321614,SN15,strain,Tox1+ (wild type) [Wild type product level],W5AB81,,4565,Triticum aestivum,,cv. Chinese Spring,species,Snn1-ems237 (unknown) [Not assayed],PHIPO:0000465,,BTO:0000713,Gel electrophoresis evidence,gene-for-gene interaction,22241993,,,,
PHIG:351,A9JX75,,13684,Parastagonospora nodorum,321614,Sn79-1087,strain,Tox1-(no endogenous copy) (other) [Not assayed],W5AB81,,4565,Triticum aestivum,,cv. Chinese Spring,species,Snn1+ (wild type) [Wild type product level],PHIPO:0000352,,BTO:0000713,Microscopy,gene-for-gene interaction,22241993,,,,
PHIG:351,A9JX75,,13684,Parastagonospora nodorum,321614,Sn79-1087,strain,Tox1 transformant(Sn15-Tox1A1) (transformant) [Not assayed],W5AB81,,4565,Triticum aestivum,,cv. Chinese Spring,species,Snn1+ (wild type) [Wild type product level],PHIPO:0000352,,BTO:0000713,Microscopy,gene-for-gene interaction,22241993,,,,
PHIG:351,A9JX75,,13684,Parastagonospora nodorum,321614,Sn79-1087,strain,Tox1 transformant(Sn15-Tox1A1) (transformant) [Not assayed],W5AB81,,4565,Triticum aestivum,,cv. Chinese Spring,species,Snn1+ (wild type) [Wild type product level],PHIPO:0000331,,BTO:0000713,Microscopy,gene-for-gene interaction,22241993,,,,
PHIG:351,A9JX75,,13684,Parastagonospora nodorum,321614,Sn79-1087,strain,Tox1 transformant(Sn15-Tox1A1) (transformant) [Not assayed],W5AB81,,4565,Triticum aestivum,,cv. Chinese Spring,species,Snn1+ (wild type) [Wild type product level],PHIPO:0000954,,BTO:0000713,Microscopy,gene-for-gene interaction,22241993,,,,
PHIG:351,A9JX75,,13684,Parastagonospora nodorum,321614,Sn79-1087,strain,Tox1-(no endogenous copy) (other) [Not assayed],W5AB81,,4565,Triticum aestivum,,cv. Chinese Spring,species,Snn1+ (wild type) [Wild type product level],PHIPO:0000355,,BTO:0000713,Microscopy,gene-for-gene interaction,22241993,,,,
PHIG:351,A9JX75,,13684,Parastagonospora nodorum,321614,Sn79-1087,strain,Tox1-(no endogenous copy) (other) [Not assayed],W5AB81,,4565,Triticum aestivum,,cv. Chinese Spring,species,Snn1+ (wild type) [Wild type product level],PHIPO:0000363,,BTO:0000713,Microscopy,gene-for-gene interaction,22241993,,,,
PHIG:351,A9JX75,,13684,Parastagonospora nodorum,321614,Sn79-1087,strain,Tox1 transformant(Sn15-Tox1A1) (transformant) [Not assayed],W5AB81,,4565,Triticum aestivum,,cv. Chinese Spring,species,Snn1+ (wild type) [Wild type product level],PHIPO:0000355,,BTO:0000713,Microscopy,gene-for-gene interaction,22241993,,,,
PHIG:351,A9JX75,,13684,Parastagonospora nodorum,321614,Sn79-1087,strain,Tox1-(no endogenous copy) (other) [Not assayed],W5AB81,,4565,Triticum aestivum,,cv. Chinese Spring,species,Snn1+ (wild type) [Wild type product level],PHIPO:0000481,,BTO:0000713,Macroscopic observation (qualitative observation),gene-for-gene interaction,22241993,,,,
PHIG:351,A9JX75,,13684,Parastagonospora nodorum,321614,SN15,strain,Tox1+ (wild type) [Wild type product level],W5AB81,,4565,Triticum aestivum,,cv. Chinese Spring,species,Snn1+ (wild type) [Wild type product level],PHIPO:0000480,,BTO:0000713,Macroscopic observation (qualitative observation),gene-for-gene interaction,22241993,,,,
PHIG:351,A9JX75,,13684,Parastagonospora nodorum,321614,Sn79-1087,strain,Tox1 transformant(Sn15-Tox1A1) (transformant) [Not assayed],W5AB81,,4565,Triticum aestivum,,cv. Chinese Spring,species,Snn1+ (wild type) [Wild type product level],PHIPO:0000331,,BTO:0000713,Microscopy,gene-for-gene interaction,22241993,,,,
PHIG:351,A9JX75,,13684,Parastagonospora nodorum,321614,Sn79-1087,strain,Tox1 transformant(Sn15-Tox1A1) (transformant) [Not assayed],W5AB81,,4565,Triticum aestivum,,cv. Chinese Spring,species,Snn1+ (wild type) [Wild type product level],PHIPO:0000480,,BTO:0000713,Macroscopic observation (qualitative observation),gene-for-gene interaction,22241993,,,,
PHIG:351,A9JX75,,13684,Parastagonospora nodorum,321614,Sn2000,strain,Tox1+ (wild type) [Wild type product level],W5AB81,,4565,Triticum aestivum,,cv. Chinese Spring,species,Snn1+ (wild type) [Wild type product level],PHIPO:0000480,,BTO:0000713,Macroscopic observation (qualitative observation),gene-for-gene interaction,22241993,,,,
PHIG:351,A9JX75,,13684,Parastagonospora nodorum,321614,SN15,strain,Tox1+ (wild type) [Wild type product level],W5AB81,,4565,Triticum aestivum,,cv. Chinese Spring,species,Snn1+ (wild type) [Wild type product level],PHIPO:0000480,,BTO:0000713,Macroscopic observation (qualitative observation),gene-for-gene interaction,22241993,,,,
PHIG:351,A9JX75,,13684,Parastagonospora nodorum,321614,SN15,strain,Tox1+ (wild type) [Wild type product level],W5AB81,,4565,Triticum aestivum,,cv. Chinese Spring,species,Snn1+ (wild type) [Wild type product level],PHIPO:0000481,,BTO:0000713,Macroscopic observation (qualitative observation),gene-for-gene interaction,22241993,,,,
PHIG:351,A9JX75,,13684,Parastagonospora nodorum,321614,SN15,strain,Tox1+ (wild type) [Wild type product level],W5AB81,,4565,Triticum aestivum,,cv. Chinese Spring,species,Snn1+ (wild type) [Wild type product level],PHIPO:0000480,,BTO:0000713,Macroscopic observation (qualitative observation),gene-for-gene interaction,22241993,,,,
PHIG:351,A9JX75,,13684,Parastagonospora nodorum,321614,SN15,strain,Tox1+ (wild type) [Wild type product level],W5AB81,,4565,Triticum aestivum,,cv. Chinese Spring,species,Snn1+ (wild type) [Wild type product level],PHIPO:0000481,,BTO:0000713,Macroscopic observation (qualitative observation),gene-for-gene interaction,22241993,,,,
PHIG:351,A9JX75,,13684,Parastagonospora nodorum,321614,Sn79-1087,strain,Tox1-(no endogenous copy) (other) [Not assayed],W5AB81,,4565,Triticum aestivum,,cv. Chinese Spring,species,Snn1+ (wild type) [Wild type product level],PHIPO:0000928,,BTO:0000713,Microscopy,gene-for-gene interaction,22241993,,,,
PHIG:351,A9JX75,,13684,Parastagonospora nodorum,321614,SN15,strain,Tox1+ (wild type) [Wild type product level],W5AB81,,4565,Triticum aestivum,,cv. Chinese Spring,species,Snn1+ (wild type) [Wild type product level],PHIPO:0000481,,BTO:0000713,Macroscopic observation (qualitative observation),gene-for-gene interaction,22241993,,,,
PHIG:351,A9JX75,,13684,Parastagonospora nodorum,321614,Sn79-1087,strain,Tox1 transformant(Sn15-Tox1A1) (transformant) [Not assayed],W5AB81,,4565,Triticum aestivum,,cv. Chinese Spring,species,Snn1+ (wild type) [Wild type product level],PHIPO:0000480,,BTO:0000713,Macroscopic observation (qualitative observation),gene-for-gene interaction,22241993,,,,
PHIG:351,A9JX75,,13684,Parastagonospora nodorum,321614,Sn79-1087,strain,Tox1 transformant(Sn15-Tox1A1) (transformant) [Not assayed],W5AB81,,4565,Triticum aestivum,,cv. Chinese Spring,species,Snn1+ (wild type) [Wild type product level],PHIPO:0000481,,BTO:0000713,Macroscopic observation (qualitative observation),gene-for-gene interaction,22241993,,,,
PHIG:351,A9JX75,,13684,Parastagonospora nodorum,321614,Sn2000,strain,Tox1-9 (disruption),W5AB81,,4565,Triticum aestivum,,cv. Chinese Spring,species,Snn1+ (wild type) [Wild type product level],PHIPO:0000985,,BTO:0000713,Macroscopic observation (qualitative observation),gene-for-gene interaction,22241993,,,,
PHIG:351,A9JX75,,13684,Parastagonospora nodorum,321614,SN15,strain,Tox1+ (wild type) [Wild type product level],W5AB81,,4565,Triticum aestivum,,cv. Chinese Spring,species,Snn1+ (wild type) [Wild type product level],PHIPO:0001231,,BTO:0000713,Quantitative PCR,gene-for-gene interaction,22241993,,,,
PHIG:351,A9JX75,,13684,Parastagonospora nodorum,321614,SN15,strain,Tox1+ (wild type) [Wild type product level],W5AB81,,4565,Triticum aestivum,,cv. Chinese Spring,species,Snn1-ems237 (unknown) [Not assayed],PHIPO:0001144,,BTO:0000713,Quantitative PCR,gene-for-gene interaction,22241993,,,,
PHIG:351,A9JX75,,13684,Parastagonospora nodorum,321614,SN15,strain,Tox1+ (wild type) [Wild type product level],W5AB81,,4565,Triticum aestivum,,cv. Chinese Spring,species,Snn1+ (wild type) [Wild type product level],,PHIDO:0000345,BTO:0000713,,interspecies interaction,22241993,,,,
PHIG:351,A9JX75,,13684,Parastagonospora nodorum,321614,SN15,strain,Tox1+ (wild type) [Wild type product level],W5AB81,,4565,Triticum aestivum,,cv. W-7984,species,Snn1+ (wild type) [Wild type product level],,PHIDO:0000345,BTO:0000713,,interspecies interaction,22241993,,,,
PHIG:8767,Q59Q40,,5476,Candida albicans,237561,RM1000,strain,Rta2+(Rta2+) (other) [Ectopic],,,10090,Mus musculus,,Unknown strain,none,,PHIPO:0001068,,,Other,interspecies interaction,26220356,,,,
PHIG:8767,Q59Q40,,5476,Candida albicans,237561,RM1000,strain,Rta2+(Rta2+) (other) [Ectopic],,,10090,Mus musculus,,Unknown strain,none,,PHIPO:0001068,,,Macroscopic observation (quantitative observation),interspecies interaction,26220356,,,,
PHIG:8767,Q59Q40,,5476,Candida albicans,237561,RM1000,strain,Rta2(G158E) (amino acid mutation) [Ectopic],,,10090,Mus musculus,,Unknown strain,none,,PHIPO:0001068,,,Macroscopic observation (quantitative observation),interspecies interaction,26220356,Unaffected pathogenicity,,,
PHIG:8767,Q59Q40,,5476,Candida albicans,237561,RM1000,strain,Rta2(G158E) (amino acid mutation) [Ectopic],,,10090,Mus musculus,,Unknown strain,none,,PHIPO:0001068,,,Macroscopic observation (quantitative observation),interspecies interaction,26220356,Unaffected pathogenicity,,,
PHIG:8767,Q59Q40,,5476,Candida albicans,237561,RM1000,strain,Rta2(G234S) (amino acid mutation) [Ectopic],,,10090,Mus musculus,,Unknown strain,none,,PHIPO:0001068,,,Macroscopic observation (quantitative observation),interspecies interaction,26220356,Unaffected pathogenicity,,,
PHIG:8767,Q59Q40,,5476,Candida albicans,237561,RM1000,strain,Rta2(G234S) (amino acid mutation) [Ectopic],,,10090,Mus musculus,,Unknown strain,none,,PHIPO:0001068,,,Macroscopic observation (quantitative observation),interspecies interaction,26220356,Reduced virulence,,,
PHIG:8767,Q59Q40,,5476,Candida albicans,237561,RM1000,strain,Rta2+(Rta2+) (other) [Ectopic],,,10090,Mus musculus,,Unknown strain,none,,,PHIDO:0000071,,,interspecies interaction,26220356,,,,
PHIG:10442,A0A1L7VH72,,948311,Fusarium proliferatum (strain ET1),1227346,Fp9,strain,VelCdelta (deletion),,,4530,Oryza sativa,,Jiahe218,none,,PHIPO:0000365,,BTO:0002119,Macroscopic observation (qualitative observation),interspecies interaction,41003498,Reduced virulence,,,
PHIG:10442,A0A1L7VH72,,948311,Fusarium proliferatum (strain ET1),1227346,Fp9,strain,VelC+ (wild type) [Wild type product level],,,4530,Oryza sativa,,Jiahe218,none,,PHIPO:0000951,,BTO:0002119,Macroscopic observation (qualitative observation),interspecies interaction,41003498,,,,
PHIG:10442,A0A1L7VH72,,948311,Fusarium proliferatum (strain ET1),1227346,Fp9,strain,VelCdelta-VelC transformant(complement by re-introducing the wild-type allele at an ectopic locus) (transformant) [Ectopic],,,4530,Oryza sativa,,Jiahe218,none,,PHIPO:0000951,,BTO:0002119,Macroscopic observation (qualitative observation),interspecies interaction,41003498,Unaffected pathogenicity,,,
PHIG:10442,A0A1L7VH72,,948311,Fusarium proliferatum (strain ET1),1227346,Fp9,strain,VelCdelta (deletion),,,4577,Zea mays,,Suyunuo2,none,,PHIPO:0000951,,BTO:0000668,Macroscopic observation (qualitative observation),interspecies interaction,41003498,Reduced virulence,,,
PHIG:10442,A0A1L7VH72,,948311,Fusarium proliferatum (strain ET1),1227346,Fp9,strain,VelCdelta-VelC transformant(complement by re-introducing the wild-type allele at an ectopic locus) (transformant) [Ectopic],,,4577,Zea mays,,Suyunuo2,none,,PHIPO:0000951,,BTO:0000668,Macroscopic observation (qualitative observation),interspecies interaction,41003498,Unaffected pathogenicity,,,
PHIG:10442,A0A1L7VH72,,948311,Fusarium proliferatum (strain ET1),1227346,Fp9,strain,VelC+ (wild type) [Wild type product level],,,4577,Zea mays,,Suyunuo2,none,,PHIPO:0000951,,BTO:0000668; BTO:0001300,Macroscopic observation (qualitative observation),interspecies interaction,41003498,,,,
PHIG:10442,A0A1L7VH72,,948311,Fusarium proliferatum (strain ET1),1227346,Fp9,strain,VelC+ (wild type) [Wild type product level],,,4530,Oryza sativa,,Jiahe218,none,,,PHIDO:0000474,,,interspecies interaction,41003498,,,,
PHIG:10442,A0A1L7VH72,,948311,Fusarium proliferatum (strain ET1),1227346,Fp9,strain,VelC+ (wild type) [Wild type product level],,,4577,Zea mays,,Suyunuo2,none,,PHIPO:0000951,,BTO:0001300,Macroscopic observation (qualitative observation),interspecies interaction,41003498,,,,
PHIG:10442,A0A1L7VH72,,948311,Fusarium proliferatum (strain ET1),1227346,Fp9,strain,VelC+ (wild type) [Wild type product level],,,4577,Zea mays,,Suyunuo2,none,,PHIPO:0000951,,BTO:0000668,Macroscopic observation (qualitative observation),interspecies interaction,41003498,,,,
PHIG:10442,A0A1L7VH72,,948311,Fusarium proliferatum (strain ET1),1227346,Fp9,strain,VelCdelta (deletion),,,4577,Zea mays,,Suyunuo2,none,,PHIPO:0000951,,BTO:0001300,Macroscopic observation (qualitative observation),interspecies interaction,41003498,Reduced virulence,,,
PHIG:10442,A0A1L7VH72,,948311,Fusarium proliferatum (strain ET1),1227346,Fp9,strain,VelCdelta-VelC transformant(complement by re-introducing the wild-type allele at an ectopic locus) (transformant) [Ectopic],,,4577,Zea mays,,Suyunuo2,none,,PHIPO:0000951,,BTO:0001300,Macroscopic observation (qualitative observation),interspecies interaction,41003498,Unaffected pathogenicity,,,
PHIG:5149,B9WZW9,,318829,Magnaporthe oryzae,,Unknown strain,species,AVR-Pia+ (wild type) [Ectopic],F7J0N2,,4530,Oryza sativa,39947,Unknown strain,strain,RGA5+ (wild type) [Ectopic],PHIPO:0000465,,BTO:0000713,Macroscopic observation (qualitative observation),gene-for-gene interaction,25024433,,,,
PHIG:9142,F7J0M4,,4530,Oryza sativa,39947,,strain,,F7J0M4,,4530,Oryza sativa,39947,,strain,,,,,Affinity Capture-Western,protein-protein interaction,25024433,,,,
PHIG:9143,F7J0N2,,4530,Oryza sativa,39947,,strain,,F7J0N2,,4530,Oryza sativa,39947,,strain,,,,,Affinity Capture-Western,protein-protein interaction,25024433,,,,
PHIG:9142,F7J0M4,,4530,Oryza sativa,39947,,strain,,F7J0N2,,4530,Oryza sativa,39947,,strain,,,,,Affinity Capture-Western,protein-protein interaction,25024433,,,,
PHIG:5149,B9WZW9,,318829,Magnaporthe oryzae,,Unknown strain,species,AVR-Pia+ (wild type) [Ectopic],F7J0N2,,4530,Oryza sativa,39947,Unknown strain,strain,RGA5+ (wild type) [Ectopic],,PHIDO:0000315,,,interspecies interaction,25024433,,,,
PHIG:10366,M4BAE7,,272952,Hyaloperonospora arabidopsidis,559515,Emoy2,strain,HaRxL103 transformant(GFP tagged) (transformant) [Overexpression],F4JNA9,,3702,Arabidopsis thaliana,,ecotype Columbia-0,species,Rpp4+(Flag tagged) (nonsense mutation) [Overexpression],PHIPO:0000192,,BTO:0000713,Macroscopic observation (qualitative observation),gene-for-gene interaction,30518923,,,,
PHIG:10367,M4BG46,,272952,Hyaloperonospora arabidopsidis,559515,Emoy2,strain,HaRxL71+ (wild type) [Wild type product level],,,3702,Arabidopsis thaliana,,ecotype Columbia-0,none,,,PHIDO:0000124,,,interspecies interaction,30518923,,,,
PHIG:10366,M4BAE7,,272952,Hyaloperonospora arabidopsidis,559515,,strain,,F4JNA9,,3702,Arabidopsis thaliana,,,species,,,,,Co-purification,protein-protein interaction,30518923,,,,
PHIG:10366,M4BAE7,,272952,Hyaloperonospora arabidopsidis,559515,Hind2,strain,HaRxL103(RQ) (amino acid mutation) [Ectopic],F4JNA9,,3702,Arabidopsis thaliana,,ecotype Columbia-0,species,Rpp4+(Flag tagged) (nonsense mutation) [Overexpression],PHIPO:0001204,,BTO:0000713,Macroscopic observation (qualitative observation),gene-for-gene interaction,30518923,,,,
PHIG:10364,A0A090BFS0,,272952,Hyaloperonospora arabidopsidis,559515,Emoy2,strain,HaRxLL447 transformant(GFP tagged) (transformant) [Overexpression],F4JNA9,,3702,Arabidopsis thaliana,,ecotype Columbia-0,species,Rpp4+(Flag tagged) (nonsense mutation) [Overexpression],PHIPO:0000182,,BTO:0000713,Macroscopic observation (qualitative observation),gene-for-gene interaction,30518923,,,,
PHIG:10367,M4BG46,,272952,Hyaloperonospora arabidopsidis,559515,Emoy2,strain,HaRxL71 transformant(GFP tagged) (transformant) [Overexpression],F4JNA9,,3702,Arabidopsis thaliana,,ecotype Columbia-0,species,Rpp4+(Flag tagged) (nonsense mutation) [Overexpression],PHIPO:0000182,,BTO:0000713,Macroscopic observation (qualitative observation),gene-for-gene interaction,30518923,,,,
PHIG:10365,M4B3D8,,272952,Hyaloperonospora arabidopsidis,559515,Emoy2,strain,HaRxL1b transformant(GFP tagged) (transformant) [Overexpression],F4JNA9,,3702,Arabidopsis thaliana,,ecotype Columbia-0,species,Rpp4+(Flag tagged) (nonsense mutation) [Overexpression],PHIPO:0000182,,BTO:0000713,Macroscopic observation (qualitative observation),gene-for-gene interaction,30518923,,,,
PHIG:1319,A0A0E0RVW9,,5518,Fusarium graminearum,229533,PH-1,strain,EBR1+ (wild type) [Wild type product level],,,4565,Triticum aestivum,,Thassos,none,,,PHIDO:0000163,,,interspecies interaction,21830952,,,,
PHIG:1319,A0A0E0RVW9,,5518,Fusarium graminearum,229533,PH-1,strain,EBR1delta (deletion),,,4565,Triticum aestivum,,Thassos,none,,PHIPO:0000365,,BTO:0001278,Macroscopic observation (qualitative observation),interspecies interaction,21830952,Reduced virulence,,,
PHIG:1319,A0A0E0RVW9,,5518,Fusarium graminearum,229533,PH-1,strain,EBR1delta-EBR1 transformant(complement by re-introducing the wild-type allele at an ectopic locus) (transformant) [Ectopic],,,4565,Triticum aestivum,,Thassos,none,,PHIPO:0000954,,BTO:0001278,Macroscopic observation (qualitative observation),interspecies interaction,21830952,Unaffected pathogenicity,,,
PHIG:1319,A0A0E0RVW9,,5518,Fusarium graminearum,229533,PH-1,strain,EBR1delta-FOEBR1 transformant(complement by the homologous gene from Fusarium oxysporum) (transformant) [Ectopic],,,4565,Triticum aestivum,,Thassos,none,,PHIPO:0000954,,BTO:0001278,Macroscopic observation (qualitative observation),interspecies interaction,21830952,Unaffected pathogenicity,,,
,A0ABQ7VU95,,4113,Solanum tuberosum,,,species,,A0ABQ7UYT0,,4113,Solanum tuberosum,,,species,,,,,Two-hybrid,protein-protein interaction,30049706,,,,
,A0ABQ7VU95,,4113,Solanum tuberosum,,,species,,A0ABQ7UYT0,,4113,Solanum tuberosum,,,species,,,,,PCA,protein-protein interaction,30049706,,,,
,A0ABQ7VU95,,4113,Solanum tuberosum,,,species,,A0ABQ7UYT0,,4113,Solanum tuberosum,,,species,,,,,Co-purification,protein-protein interaction,30049706,,,,
,A0ABQ7VU95,,4113,Solanum tuberosum,,,species,,A0ABQ7UYT0,,4113,Solanum tuberosum,,,species,,,,,Affinity Capture-Western,protein-protein interaction,30049706,,,,
,A0ABQ7VU95,,4113,Solanum tuberosum,,,species,,A0ABQ7VU95,,4113,Solanum tuberosum,,,species,,,,,Two-hybrid,protein-protein interaction,30049706,,,,
PHIG:11319,D0MXE4,,4787,Phytophthora infestans,403677,88069,strain,Pi02860+ (wild type) [Wild type product level],,,4113,Solanum tuberosum,,Unknown strain,none,,,PHIDO:0000206,,,interspecies interaction,30049706,,,,
,,,4787,Phytophthora infestans,,88069,none,,A0ABQ7UYT0,,4113,Solanum tuberosum,,Unknown strain,species,Swap70-GFP transformant(GFP tag added) (transformant) [Overexpression],PHIPO:0000985,,BTO:0000713,Macroscopic observation (quantitative observation),interspecies interaction,30049706,,,,
,,,4787,Phytophthora infestans,,88069,none,,A0ABQ7VU95,,4113,Solanum tuberosum,,Unknown strain,species,Nrl1-GFP transformant(GFP tag added) (transformant) [Overexpression],PHIPO:0001204,,BTO:0000713,Macroscopic observation (quantitative observation),interspecies interaction,30049706,,,,
PHIG:11319,D0MXE4,,4787,Phytophthora infestans,403677,88069,strain,Pi02860-GFP transformant(GFP tag added) (transformant) [Overexpression],,,4113,Solanum tuberosum,,Unknown strain,none,,PHIPO:0001204,,BTO:0000713,Macroscopic observation (quantitative observation),interspecies interaction,30049706,,,,
,,,4787,Phytophthora infestans,,88069,none,,A0ABQ7VU95,,4113,Solanum tuberosum,,Unknown strain,species,Nrl1-GFP transformant(GFP tag added) (transformant) [Overexpression],PHIPO:0000368,,BTO:0000713,Macroscopic observation (quantitative observation),interspecies interaction,30049706,,,,
PHIG:2213,B9ZUL0,,,Leptosphaeria maculans,,v23.1.3,species,AvrLm4-7+ (wild type) [Wild type product level],,,3708,Brassica napus,,cv. Westar,none,,PHIPO:0001200,,,Macroscopic observation (qualitative observation),gene-for-gene interaction,19170874,,,,
PHIG:2213,B9ZUL0,,,Leptosphaeria maculans,,v23.1.2,species,AvrLm4-7+ (wild type) [Wild type product level],,,3708,Brassica napus,,cv. Westar,none,,PHIPO:0001200,,,Macroscopic observation (qualitative observation),gene-for-gene interaction,19170874,,,,
PHIG:2213,B9ZUL0,,,Leptosphaeria maculans,,Nzt-4,species,AvrLm4-7delta (deletion),,,3708,Brassica napus,,cv. Westar,none,,PHIPO:0001200,,,Macroscopic observation (qualitative observation),gene-for-gene interaction,19170874,,,,
PHIG:2213,B9ZUL0,,,Leptosphaeria maculans,,v23.1.3,species,AvrLm4-7+ (wild type) [Wild type product level],,,3708,Brassica napus,,"Exagone, Hearty, Roxet, 01.23.2.1",none,,PHIPO:0001199,,,Macroscopic observation (qualitative observation),gene-for-gene interaction,19170874,,,,
PHIG:2213,B9ZUL0,,,Leptosphaeria maculans,,v23.1.2,species,AvrLm4-7+ (wild type) [Wild type product level],,,3708,Brassica napus,,"Exagone, Hearty, Roxet, 01.23.2.1",none,,PHIPO:0001199,,,Macroscopic observation (qualitative observation),gene-for-gene interaction,19170874,,,,
PHIG:2213,B9ZUL0,,,Leptosphaeria maculans,,Nzt-4,species,AvrLm4-7delta (deletion),,,3708,Brassica napus,,"Exagone, Hearty, Roxet, 01.23.2.1",none,,PHIPO:0001200,,,Macroscopic observation (qualitative observation),gene-for-gene interaction,19170874,,,,
PHIG:2213,B9ZUL0,,,Leptosphaeria maculans,,v23.1.3,species,AvrLm4-7+ (wild type) [Wild type product level],,,3708,Brassica napus,,99.149.1.1,none,,PHIPO:0001199,,,Macroscopic observation (qualitative observation),gene-for-gene interaction,19170874,,,,
PHIG:2213,B9ZUL0,,,Leptosphaeria maculans,,v23.1.2,species,AvrLm4-7+ (wild type) [Wild type product level],,,3708,Brassica napus,,99.149.1.1,none,,PHIPO:0001199,,,Macroscopic observation (qualitative observation),gene-for-gene interaction,19170874,,,,
PHIG:2213,B9ZUL0,,,Leptosphaeria maculans,,Nzt-4,species,AvrLm4-7delta (deletion),,,3708,Brassica napus,,99.149.1.1,none,,PHIPO:0001200,,,Macroscopic observation (qualitative observation),gene-for-gene interaction,19170874,,,,
PHIG:2213,B9ZUL0,,,Leptosphaeria maculans,,v23.1.3,species,AvrLm4-7+ (wild type) [Wild type product level],,,3708,Brassica napus,,"Jet Neuf, Eleonore, Madrigal, Pixel and Pollen",none,,PHIPO:0001199,,,Macroscopic observation (qualitative observation),gene-for-gene interaction,19170874,,,,
PHIG:2213,B9ZUL0,,,Leptosphaeria maculans,,v23.1.2,species,AvrLm4-7+ (wild type) [Wild type product level],,,3708,Brassica napus,,"Jet Neuf, Eleonore, Madrigal, Pixel and Pollen",none,,PHIPO:0001200,,,Macroscopic observation (qualitative observation),gene-for-gene interaction,19170874,,,,
PHIG:2213,B9ZUL0,,,Leptosphaeria maculans,,Nzt-4,species,AvrLm4-7delta (deletion),,,3708,Brassica napus,,"Jet Neuf, Eleonore, Madrigal, Pixel and Pollen",none,,PHIPO:0001200,,,Macroscopic observation (qualitative observation),gene-for-gene interaction,19170874,,,,
PHIG:2213,B9ZUL0,,,Leptosphaeria maculans,,v23.1.3,species,AvrLm4-7+ (wild type) [Wild type product level],,,3708,Brassica napus,,00.22.1.1,none,,PHIPO:0001200,,,Macroscopic observation (qualitative observation),gene-for-gene interaction,19170874,,,,
PHIG:2213,B9ZUL0,,,Leptosphaeria maculans,,v23.1.2,species,AvrLm4-7+ (wild type) [Wild type product level],,,3708,Brassica napus,,00.22.1.1,none,,PHIPO:0001200,,,Macroscopic observation (qualitative observation),gene-for-gene interaction,19170874,,,,
PHIG:2213,B9ZUL0,,,Leptosphaeria maculans,,Nzt-4,species,AvrLm4-7delta (deletion),,,3708,Brassica napus,,00.22.1.1,none,,PHIPO:0001200,,,Macroscopic observation (qualitative observation),gene-for-gene interaction,19170874,,,,
PHIG:2213,B9ZUL0,,,Leptosphaeria maculans,,v23.1.3,species,AvrLm4-7+ (wild type) [Wild type product level],,,3708,Brassica napus,,cv. Darmor,none,,PHIPO:0001200,,,Macroscopic observation (qualitative observation),gene-for-gene interaction,19170874,,,,
PHIG:2213,B9ZUL0,,,Leptosphaeria maculans,,v23.1.2,species,AvrLm4-7+ (wild type) [Wild type product level],,,3708,Brassica napus,,cv. Darmor,none,,PHIPO:0001200,,,Macroscopic observation (qualitative observation),gene-for-gene interaction,19170874,,,,
PHIG:2213,B9ZUL0,,,Leptosphaeria maculans,,Nzt-4,species,AvrLm4-7delta (deletion),,,3708,Brassica napus,,cv. Darmor,none,,PHIPO:0001200,,,Macroscopic observation (qualitative observation),gene-for-gene interaction,19170874,,,,
PHIG:2213,B9ZUL0,,,Leptosphaeria maculans,,v23.1.3,species,AvrLm4-7+ (wild type) [Wild type product level],,,3708,Brassica napus,,cv. Westar,none,,,PHIDO:0000051,,,interspecies interaction,19170874,,,,
PHIG:9332,A0A0D1DYI3,,5270,Ustilago maydis,,SG200,species,Rsp3+ (wild type) [Wild type product level],,,4577,Zea mays,,cv. Early Golden Bantam,none,,,PHIDO:0000096,,,interspecies interaction,29703884,,,,
PHIG:9332,A0A0D1DYI3,,5270,Ustilago maydis,,SG200,species,Rsp3+ (wild type) [Wild type product level],,,4577,Zea mays,,cv. Early Golden Bantam,none,,PHIPO:0000954,,BTO:0000713,Macroscopic observation (quantitative observation),interspecies interaction,29703884,,,,
PHIG:9332,A0A0D1DYI3,,5270,Ustilago maydis,,SG200,species,Rsp3delta (deletion),,,4577,Zea mays,,cv. Early Golden Bantam,none,,PHIPO:0000365,,BTO:0000713,Macroscopic observation (quantitative observation),interspecies interaction,29703884,Reduced virulence,,,
PHIG:11439,A0A0D1E3D7,,5270,Ustilago maydis,,,species,,A0A804LI35,,4577,Zea mays,,,species,,,,,Co-purification,protein-protein interaction,29703884,,,,
PHIG:11439,A0A0D1E3D7,,5270,Ustilago maydis,,,species,,A0A804LI35,,4577,Zea mays,,,species,,,,,Affinity Capture-Western,protein-protein interaction,29703884,,,,
PHIG:353,Q9I1W9,,287,Pseudomonas aeruginosa,208964,PAO1,strain,PA2146delta (deletion),,,10090,Mus musculus,,BALB/c,none,,PHIPO:0001069,,BTO:0000763,Macroscopic observation (quantitative observation),interspecies interaction,33134189,Increased virulence,,,
PHIG:353,Q9I1W9,,287,Pseudomonas aeruginosa,208964,PAO1,strain,PA2146+ (wild type) [Wild type product level],,,10090,Mus musculus,,BALB/c,none,,PHIPO:0001068,,BTO:0000763,Macroscopic observation (quantitative observation),interspecies interaction,33134189,,,,
PHIG:353,Q9I1W9,,287,Pseudomonas aeruginosa,208964,PAO1,strain,PA2146+ (wild type) [Wild type product level],,,10090,Mus musculus,,BALB/c,none,,PHIPO:0001265,,BTO:0000763,Macroscopic observation (qualitative observation),interspecies interaction,33134189,,,,
PHIG:353,Q9I1W9,,287,Pseudomonas aeruginosa,208964,PAO1,strain,PA2146delta (deletion),,,10090,Mus musculus,,BALB/c,none,,PHIPO:0001266,,BTO:0000763,Macroscopic observation (qualitative observation),interspecies interaction,33134189,Increased virulence,,,
PHIG:353,Q9I1W9,,287,Pseudomonas aeruginosa,208964,PAO1,strain,PA2146+ (wild type) [Wild type product level],,,10090,Mus musculus,,BALB/c,none,,PHIPO:0001253,,BTO:0000763,Microscopy,interspecies interaction,33134189,,,,
PHIG:353,Q9I1W9,,287,Pseudomonas aeruginosa,208964,PAO1,strain,PA2146delta (deletion),,,10090,Mus musculus,,BALB/c,none,,PHIPO:0001255,,BTO:0000763,Microscopy,interspecies interaction,33134189,Increased virulence,,,
PHIG:353,Q9I1W9,,287,Pseudomonas aeruginosa,208964,PAO1,strain,PA2146+ (wild type) [Wild type product level],,,10090,Mus musculus,,BALB/c,none,,PHIPO:0001256,,,Substance quantification evidence,interspecies interaction,33134189,,,,
PHIG:353,Q9I1W9,,287,Pseudomonas aeruginosa,208964,PAO1,strain,PA2146delta (deletion),,,10090,Mus musculus,,BALB/c,none,,PHIPO:0001258,,,Substance quantification evidence,interspecies interaction,33134189,,,,
PHIG:353,Q9I1W9,,287,Pseudomonas aeruginosa,208964,PAO1,strain,PA2146+ (wild type) [Wild type product level],,,9606,Homo sapiens,,THP-1 cell line,none,,PHIPO:0001256,,,Substance quantification evidence,interspecies interaction,33134189,,,,
PHIG:353,Q9I1W9,,287,Pseudomonas aeruginosa,208964,PAO1,strain,PA2146delta (deletion),,,10090,Mus musculus,,RAW 264.7 cell line,none,,PHIPO:0001258,,,Substance quantification evidence,interspecies interaction,33134189,,,,
PHIG:353,Q9I1W9,,287,Pseudomonas aeruginosa,208964,PAO1,strain,PA2146+ (wild type) [Wild type product level],,,10090,Mus musculus,,RAW 264.7 cell line,none,,PHIPO:0001256,,,Substance quantification evidence,interspecies interaction,33134189,,,,
PHIG:353,Q9I1W9,,287,Pseudomonas aeruginosa,208964,PAO1,strain,PA2146delta (deletion),,,9606,Homo sapiens,,THP-1 cell line,none,,PHIPO:0001258,,,Substance quantification evidence,interspecies interaction,33134189,,,,
PHIG:353,Q9I1W9,,287,Pseudomonas aeruginosa,208964,PAO1,strain,PA2146delta (deletion),,,10090,Mus musculus,,RAW 264.7 cell line,none,,PHIPO:0001144,,,Quantitative PCR,interspecies interaction,33134189,,,,
PHIG:353,Q9I1W9,,287,Pseudomonas aeruginosa,208964,PAO1,strain,PA2146+ (wild type) [Wild type product level],,,10090,Mus musculus,,RAW 264.7 cell line,none,,PHIPO:0001273,,,Microscopy,interspecies interaction,33134189,,,,
PHIG:353,Q9I1W9,,287,Pseudomonas aeruginosa,208964,PAO1,strain,PA2146delta (deletion),,,10090,Mus musculus,,RAW 264.7 cell line,none,,PHIPO:0001273,,,Microscopy,interspecies interaction,33134189,Unaffected pathogenicity,,,
PHIG:353,Q9I1W9,,287,Pseudomonas aeruginosa,208964,PAO1,strain,PA2146+ (wild type) [Wild type product level],,,10090,Mus musculus,,RAW 264.7 cell line,none,,PHIPO:0001274,,,Penetration assay,interspecies interaction,33134189,,,,
PHIG:353,Q9I1W9,,287,Pseudomonas aeruginosa,208964,PAO1,strain,PA2146delta (deletion),,,10090,Mus musculus,,RAW 264.7 cell line,none,,PHIPO:0001261,,,Substance quantification evidence,interspecies interaction,33134189,Unaffected pathogenicity,,,
PHIG:353,Q9I1W9,,287,Pseudomonas aeruginosa,208964,PAO1,strain,PA2146delta (deletion),,,10090,Mus musculus,,RAW 264.7 cell line,none,,PHIPO:0001274,,,Penetration assay,interspecies interaction,33134189,,,,
PHIG:353,Q9I1W9,,287,Pseudomonas aeruginosa,208964,PAO1,strain,PA2146+ (wild type) [Wild type product level],,,10090,Mus musculus,,RAW 264.7 cell line,none,,PHIPO:0001261,,,Substance quantification evidence,interspecies interaction,33134189,,,,
PHIG:353,Q9I1W9,,287,Pseudomonas aeruginosa,208964,PAO1,strain,PA2146+ (wild type) [Wild type product level],,,10090,Mus musculus,,BALB/c,none,,,PHIDO:0000259,BTO:0000763,,interspecies interaction,33134189,,,,
PHIG:353,Q9I1W9,,287,Pseudomonas aeruginosa,208964,PAO1,strain,PA2146+ (wild type) [Wild type product level],,,10090,Mus musculus,,RAW 264.7 cell line,none,,PHIPO:0001256,,,Substance quantification evidence,interspecies interaction,33134189,,,,
PHIG:353,Q9I1W9,,287,Pseudomonas aeruginosa,208964,PAO1,strain,PA2146delta (deletion),,,10090,Mus musculus,,RAW 264.7 cell line,none,,PHIPO:0001258,,,Substance quantification evidence,interspecies interaction,33134189,,,,
PHIG:353,Q9I1W9,,287,Pseudomonas aeruginosa,208964,PAO1,strain,PA2146+ (wild type) [Wild type product level],,,10090,Mus musculus,,RAW 264.7 cell line,none,,PHIPO:0001235,,,Quantitative PCR,interspecies interaction,33134189,,,,
PHIG:353,Q9I1W9,,287,Pseudomonas aeruginosa,208964,PAO1,strain,PA2146+ (wild type) [Wild type product level],,,10090,Mus musculus,,BALB/c,none,,PHIPO:0000954,,BTO:0000763,Macroscopic observation (quantitative observation),interspecies interaction,33134189,,,,
PHIG:353,Q9I1W9,,287,Pseudomonas aeruginosa,208964,PAO1,strain,PA2146delta (deletion),,,10090,Mus musculus,,BALB/c,none,,PHIPO:0000368,,BTO:0000763,Macroscopic observation (quantitative observation),interspecies interaction,33134189,Increased virulence,,,
PHIG:10369,G4MQR2,,318829,Magnaporthe oryzae,242507,Guy11,strain,Erv29+ (wild type) [Wild type product level],,,4513,Hordeum vulgare,,cv. CO-39,none,,PHIPO:0000954,,BTO:0000713,Macroscopic observation (qualitative observation),interspecies interaction,34761375,,,,
PHIG:10369,G4MQR2,,318829,Magnaporthe oryzae,242507,Guy11,strain,Erv29delta (deletion),,,4513,Hordeum vulgare,,cv. CO-39,none,,PHIPO:0000365,,BTO:0000713,Macroscopic observation (qualitative observation),interspecies interaction,34761375,Reduced virulence,,,
PHIG:10369,G4MQR2,,318829,Magnaporthe oryzae,242507,Guy11,strain,Erv29delta-Erv29 transformant(complement by re-introducing the wild-type allele at an ectopic locus) (transformant) [Ectopic],,,4513,Hordeum vulgare,,Unknown strain,none,,PHIPO:0000365,,BTO:0000713,Macroscopic observation (qualitative observation),interspecies interaction,34761375,Unaffected pathogenicity,,,
PHIG:10369,G4MQR2,,318829,Magnaporthe oryzae,242507,Guy11,strain,Erv29+ (wild type) [Wild type product level],,,4530,Oryza sativa,,Unknown strain,none,,PHIPO:0000954,,BTO:0000713,Macroscopic observation (qualitative observation),interspecies interaction,34761375,,,,
PHIG:10369,G4MQR2,,318829,Magnaporthe oryzae,242507,Guy11,strain,Erv29delta (deletion),,,4530,Oryza sativa,,Unknown strain,none,,PHIPO:0000365,,BTO:0000713,Macroscopic observation (qualitative observation),interspecies interaction,34761375,Unaffected pathogenicity,,,
PHIG:10369,G4MQR2,,318829,Magnaporthe oryzae,242507,Guy11,strain,Erv29delta-Erv29 transformant(complement by re-introducing the wild-type allele at an ectopic locus) (transformant) [Ectopic],,,4530,Oryza sativa,,Unknown strain,none,,PHIPO:0000365,,BTO:0000713,Macroscopic observation (qualitative observation),interspecies interaction,34761375,Unaffected pathogenicity,,,
PHIG:10369,G4MQR2,,318829,Magnaporthe oryzae,242507,Guy11,strain,Erv29delta-Erv29 transformant(complement by re-introducing the wild-type allele at an ectopic locus) (transformant) [Ectopic],,,4513,Hordeum vulgare,,cv. CO-39,none,,PHIPO:0000365,,BTO:0000713,Macroscopic observation (qualitative observation),interspecies interaction,34761375,Unaffected pathogenicity,,,
PHIG:10369,G4MQR2,,318829,Magnaporthe oryzae,242507,Guy11,strain,Erv29+ (wild type) [Wild type product level],,,4513,Hordeum vulgare,,cv. CO-39,none,,PHIPO:0000927,,,Macroscopic observation (qualitative observation),interspecies interaction,34761375,,,,
PHIG:10369,G4MQR2,,318829,Magnaporthe oryzae,242507,Guy11,strain,Erv29delta (deletion),,,4513,Hordeum vulgare,,cv. CO-39,none,,PHIPO:0001193,,,Macroscopic observation (qualitative observation),interspecies interaction,34761375,,,,
PHIG:10369,G4MQR2,,318829,Magnaporthe oryzae,242507,Guy11,strain,Erv29delta (deletion),,,4513,Hordeum vulgare,,cv. CO-39,none,,PHIPO:0000927,,,Macroscopic observation (qualitative observation),interspecies interaction,34761375,,,,
PHIG:6124,G4N906,,318829,Magnaporthe oryzae,242507,,strain,,G4MQR2,,318829,Magnaporthe oryzae,242507,,strain,,,,,Co-purification,protein-protein interaction,34761375,,,,
PHIG:6124,G4N906,,318829,Magnaporthe oryzae,242507,Guy11,strain,Slp1delta (deletion),,,4530,Oryza sativa,,Unknown strain,none,,PHIPO:0000365,,BTO:0000713,Macroscopic observation (quantitative observation),interspecies interaction,34761375,,,,
PHIG:6124,G4N906,,318829,Magnaporthe oryzae,242507,Guy11,strain,Slp1delta (deletion),,,4530,Oryza sativa,,Unknown strain,none,,PHIPO:0000365,,BTO:0000713,Macroscopic observation (quantitative observation),interspecies interaction,34761375,Reduced virulence,,,
PHIG:6124,G4N906,,318829,Magnaporthe oryzae,242507,Guy11,strain,Slp1+ (wild type) [Wild type product level],,,4530,Oryza sativa,,Unknown strain,none,,PHIPO:0000954,,BTO:0000713,Macroscopic observation (quantitative observation),interspecies interaction,34761375,,,,
PHIG:6124,G4N906,,318829,Magnaporthe oryzae,242507,Guy11,strain,Slp1(IPV)(motif changed from native tripeptide motif APP to IPV) (other) [Ectopic],,,4530,Oryza sativa,,Unknown strain,none,,PHIPO:0000954,,BTO:0000713,Macroscopic observation (quantitative observation),interspecies interaction,34761375,,,,
PHIG:6124,G4N906,,318829,Magnaporthe oryzae,242507,Guy11,strain,Slp1(EET)(motif changed from native tripeptide motif APP to EET) (other) [Ectopic],,,4530,Oryza sativa,,Unknown strain,none,,PHIPO:0000365,,BTO:0000713,Macroscopic observation (quantitative observation),interspecies interaction,34761375,Reduced virulence,,,
PHIG:9106,G4NDC4,,318829,Magnaporthe oryzae,242507,Guy11,strain,Ecp1delta (deletion),,,4530,Oryza sativa,,Unknown strain,none,,PHIPO:0000365,,BTO:0000713,Macroscopic observation (qualitative observation),interspecies interaction,34761375,Reduced virulence,,,
PHIG:9106,G4NDC4,,318829,Magnaporthe oryzae,242507,Guy11,strain,Ecp1+ (wild type) [Wild type product level],,,4530,Oryza sativa,,Unknown strain,none,,PHIPO:0000928,,,Substance quantification evidence,interspecies interaction,34761375,,,,
PHIG:9106,G4NDC4,,318829,Magnaporthe oryzae,242507,Guy11,strain,Ecp1+ (wild type) [Wild type product level],,,4530,Oryza sativa,,Unknown strain,none,,PHIPO:0000927,,,Substance quantification evidence,interspecies interaction,34761375,,,,
PHIG:9106,G4NDC4,,318829,Magnaporthe oryzae,242507,Guy11,strain,Ecp1+ (wild type) [Wild type product level],,,4530,Oryza sativa,,Unknown strain,none,,PHIPO:0000954,,BTO:0000713,Macroscopic observation (qualitative observation),interspecies interaction,34761375,Reduced virulence,,,
PHIG:9106,G4NDC4,,318829,Magnaporthe oryzae,242507,Guy11,strain,Ecp1delta (deletion),,,4530,Oryza sativa,,Unknown strain,none,,PHIPO:0000365,,BTO:0000713,Macroscopic observation (qualitative observation),interspecies interaction,34761375,Reduced virulence,,,
PHIG:9106,G4NDC4,,318829,Magnaporthe oryzae,242507,Guy11,strain,Ecp(ETT)(motif changed from native tripeptide motif APV to ETT) (other) [Ectopic],,,4530,Oryza sativa,,Unknown strain,none,,PHIPO:0000365,,BTO:0000713,Macroscopic observation (qualitative observation),interspecies interaction,34761375,Reduced virulence,,,
PHIG:9106,G4NDC4,,318829,Magnaporthe oryzae,242507,Guy11,strain,Ecp(ETT)(motif changed from native tripeptide motif APV to ETT) (other) [Ectopic],,,4530,Oryza sativa,,Unknown strain,none,,PHIPO:0000951,,BTO:0000713,Macroscopic observation (qualitative observation),interspecies interaction,34761375,Unaffected pathogenicity,,,
PHIG:9106,G4NDC4,,318829,Magnaporthe oryzae,242507,Guy11,strain,Ecp1delta (deletion),,,4530,Oryza sativa,,Unknown strain,none,,PHIPO:0001193,,,Macroscopic observation (qualitative observation),interspecies interaction,34761375,,,,
PHIG:9106,G4NDC4,,318829,Magnaporthe oryzae,242507,Guy11,strain,Ecp(ETT)(motif changed from native tripeptide motif APV to ETT) (other) [Ectopic],,,4530,Oryza sativa,,Unknown strain,none,,PHIPO:0001193,,,Macroscopic observation (qualitative observation),interspecies interaction,34761375,,,,
PHIG:9106,G4NDC4,,318829,Magnaporthe oryzae,242507,Guy11,strain,Ecp1+ (wild type) [Wild type product level],,,4530,Oryza sativa,,Unknown strain,none,,PHIPO:0000928,,,Macroscopic observation (qualitative observation),interspecies interaction,34761375,,,,
PHIG:9106,G4NDC4,,318829,Magnaporthe oryzae,242507,Guy11,strain,Ecp(IPV)(motif changed from native tripeptide motif APV to IPV) (other) [Ectopic],,,4530,Oryza sativa,,Unknown strain,none,,PHIPO:0000928,,,Macroscopic observation (qualitative observation),interspecies interaction,34761375,,,,
PHIG:10369,G4MQR2,,318829,Magnaporthe oryzae,242507,Guy11,strain,Erv29+ (wild type) [Wild type product level],,,4530,Oryza sativa,,Unknown strain,none,,,PHIDO:0000315,,,interspecies interaction,34761375,,,,
PHIG:7652,Q709D8,,5507,Fusarium oxysporum,59765,f. sp. lycopersici race 3,strain,Avr3+ (wild type) [Wild type product level],A0A0D4BT35,,28526,Solanum pennellii,,Unknown strain,species,I3+ (wild type) [Wild type product level],PHIPO:0000182,,BTO:0000713,Macroscopic observation (qualitative observation),gene-for-gene interaction,25740416,,,,
PHIG:7652,Q709D8,,5507,Fusarium oxysporum,59765,f. sp. lycopersici race 3,strain,Avr3+ (wild type) [Wild type product level],A0A0D4BT35,,28526,Solanum pennellii,,Unknown strain,species,I3delta (deletion),PHIPO:0001200,,BTO:0001461,Macroscopic observation (qualitative observation),gene-for-gene interaction,25740416,,,,
PHIG:7652,Q709D8,,5507,Fusarium oxysporum,59765,f. sp. lycopersici race 3,strain,Avr3+ (wild type) [Wild type product level],A0A0D4BT35,,28526,Solanum pennellii,,Unknown strain,species,I3+ (wild type) [Wild type product level],PHIPO:0001199,,BTO:0001461,Macroscopic observation (qualitative observation),gene-for-gene interaction,25740416,,,,
PHIG:7652,Q709D8,,5507,Fusarium oxysporum,59765,f. sp. lycopersici race 3,strain,Avr3delta (deletion),A0A0D4BT35,,28526,Solanum pennellii,,Unknown strain,species,I3+ (wild type) [Wild type product level],PHIPO:0001200,,BTO:0001461,Macroscopic observation (qualitative observation),gene-for-gene interaction,25740416,,,,
PHIG:7652,Q709D8,,5507,Fusarium oxysporum,59765,f. sp. lycopersici race 3,strain,Avr3delta (deletion),A0A0D4BT35,,28526,Solanum pennellii,,Unknown strain,species,I3delta (deletion),PHIPO:0001200,,,Macroscopic observation (qualitative observation),gene-for-gene interaction,25740416,,,,
PHIG:7652,Q709D8,,5507,Fusarium oxysporum,59765,f. sp. lycopersici race 3,strain,Avr3+ (wild type) [Wild type product level],,,28526,Solanum pennellii,,Unknown strain,none,,,PHIDO:0000381,,,interspecies interaction,25740416,,,,
PHIG:11429,A0A180H3P4,,208348,Puccinia triticina (isolate 1-1 / race 1 (BBBD)),630390,Eriks race-1,strain,siVF1 transformant(silenced) (transformant) [Ectopic],,,4565,Triticum aestivum,,Morocco,none,,PHIPO:0000985,,BTO:0000713,Macroscopic observation (qualitative observation),interspecies interaction,41965863,Reduced virulence,,,
PHIG:11429,A0A180H3P4,,208348,Puccinia triticina (isolate 1-1 / race 1 (BBBD)),630390,Eriks race-1,strain,VF1+ (wild type) [Wild type product level],,,4565,Triticum aestivum,,Morocco,none,,PHIPO:0000480,,BTO:0000713,Macroscopic observation (qualitative observation),interspecies interaction,41965863,,,,
PHIG:11429,A0A180H3P4,,208348,Puccinia triticina (isolate 1-1 / race 1 (BBBD)),630390,Eriks race-1,strain,VF1+ (wild type) [Wild type product level],,,4565,Triticum aestivum,,Morocco,none,,,PHIDO:0000459,,,interspecies interaction,41965863,,,,
PHIG:9862,I1REU9,,5518,Fusarium graminearum,229533,FG-12,strain,LPMO9A+ (wild type) [Wild type product level],,,4100,Nicotiana benthamiana,,Unknown strain,none,,PHIPO:0000477,,BTO:0000713,Macroscopic observation (qualitative observation),interspecies interaction,40940425,,,,
PHIG:9862,I1REU9,,5518,Fusarium graminearum,229533,FG-12,strain,LPMO9A+ (wild type) [Wild type product level],,,4100,Nicotiana benthamiana,,Unknown strain,none,,PHIPO:0000477,,BTO:0000713,Macroscopic observation (qualitative observation),interspecies interaction,40940425,,,,
PHIG:9862,I1REU9,,5518,Fusarium graminearum,229533,FG-12,strain,LPMO9A(H107A) (amino acid mutation) [Ectopic],,,4100,Nicotiana benthamiana,,Unknown strain,none,,PHIPO:0000477,,BTO:0000713,Macroscopic observation (qualitative observation),interspecies interaction,40940425,,,,
PHIG:9862,I1REU9,,5518,Fusarium graminearum,229533,FG-12,strain,LPMO9A(H107A) (amino acid mutation) [Ectopic],,,4100,Nicotiana benthamiana,,Unknown strain,none,,PHIPO:0000477,,BTO:0000713,Macroscopic observation (qualitative observation),interspecies interaction,40940425,,,,
PHIG:9862,I1REU9,,5518,Fusarium graminearum,229533,FG-12,strain,LPMO9Adelta (deletion),,,4577,Zea mays,,Unknown strain,none,,PHIPO:0000365,,BTO:0001300,Macroscopic observation (qualitative observation),interspecies interaction,40940425,Reduced virulence,,,
PHIG:9862,I1REU9,,5518,Fusarium graminearum,229533,FG-12,strain,LPMO9Adelta (deletion),,,4577,Zea mays,,Unknown strain,none,,PHIPO:0000365,,BTO:0002854,Macroscopic observation (qualitative observation),interspecies interaction,40940425,Reduced virulence,,,
PHIG:9862,I1REU9,,5518,Fusarium graminearum,229533,FG-12,strain,LPMO9Adelta (deletion),,,4565,Triticum aestivum,,Unknown strain,none,,PHIPO:0000365,,BTO:0000268,Macroscopic observation (qualitative observation),interspecies interaction,40940425,Reduced virulence,,,
PHIG:9862,I1REU9,,5518,Fusarium graminearum,229533,,strain,,A0A1D6KCZ0,,4577,Zea mays,,,species,,,,,Affinity Capture-Western,protein-protein interaction,40940425,,,,
PHIG:9862,I1REU9,,5518,Fusarium graminearum,229533,FG-12,strain,LPMO9A+ (wild type) [Wild type product level],,,4577,Zea mays,,Unknown strain,none,,PHIPO:0000954,,BTO:0001300,Macroscopic observation (qualitative observation),interspecies interaction,40940425,,,,
PHIG:9862,I1REU9,,5518,Fusarium graminearum,229533,FG-12,strain,LPMO9A+ (wild type) [Wild type product level],,,4577,Zea mays,,Unknown strain,none,,PHIPO:0000954,,BTO:0002854,Macroscopic observation (qualitative observation),interspecies interaction,40940425,,,,
PHIG:9862,I1REU9,,5518,Fusarium graminearum,229533,FG-12,strain,LPMO9A+ (wild type) [Wild type product level],,,4565,Triticum aestivum,,Unknown strain,none,,PHIPO:0000954,,BTO:0000268,Macroscopic observation (qualitative observation),interspecies interaction,40940425,,,,
PHIG:9862,I1REU9,,5518,Fusarium graminearum,229533,FG-12,strain,LPMO9Adelta-LPMO9A transformant(complement by re-introducing the wild-type allele at an ectopic locus) (transformant) [Ectopic],,,4577,Zea mays,,Unknown strain,none,,PHIPO:0000954,,BTO:0001300,Macroscopic observation (qualitative observation),interspecies interaction,40940425,Unaffected pathogenicity,,,
PHIG:9862,I1REU9,,5518,Fusarium graminearum,229533,FG-12,strain,LPMO9Adelta-LPMO9A transformant(complement by re-introducing the wild-type allele at an ectopic locus) (transformant) [Ectopic],,,4577,Zea mays,,Unknown strain,none,,PHIPO:0000954,,BTO:0002854,Macroscopic observation (qualitative observation),interspecies interaction,40940425,Unaffected pathogenicity,,,
PHIG:9862,I1REU9,,5518,Fusarium graminearum,229533,FG-12,strain,LPMO9Adelta-LPMO9A transformant(complement by re-introducing the wild-type allele at an ectopic locus) (transformant) [Ectopic],,,4565,Triticum aestivum,,Unknown strain,none,,PHIPO:0000954,,BTO:0000268,Macroscopic observation (qualitative observation),interspecies interaction,40940425,Unaffected pathogenicity,,,
PHIG:9862,I1REU9,,5518,Fusarium graminearum,229533,FG-12,strain,LPMO9A+ (wild type) [Wild type product level],,,4565,Triticum aestivum,,Unknown strain,none,,,PHIDO:0000162,,,interspecies interaction,40940425,,,,
PHIG:3539,G4NJP7,,318829,Magnaporthe oryzae,242507,KJ201,strain,AvrPi9+ (wild type) [Wild type product level],,,4530,Oryza sativa,,cv. Taipei 309,none,,,PHIDO:0000315,,,interspecies interaction,37177781,,,,
PHIG:3539,G4NJP7,,318829,Magnaporthe oryzae,242507,R01-1,strain,AvrPi9+ (wild type) [Ectopic],,,4530,Oryza sativa,,cv. Taipei 309,none,,PHIPO:0000368,,BTO:0001228,Macroscopic observation (quantitative observation),interspecies interaction,37177781,,,,
PHIG:3539,G4NJP7,,318829,Magnaporthe oryzae,242507,KJ201,strain,AvrPi9+ (wild type) [Ectopic],,,4530,Oryza sativa,,cv. Taipei 309,none,,PHIPO:0000368,,BTO:0001228,Macroscopic observation (quantitative observation),interspecies interaction,37177781,,,,
PHIG:3539,G4NJP7,,318829,Magnaporthe oryzae,242507,R01-1,strain,AvrPi9+ (wild type) [Ectopic],,,4530,Oryza sativa,,cv. Taipei 309,none,,PHIPO:0001192,,BTO:0001228,Macroscopic observation (quantitative observation),interspecies interaction,37177781,,,,
PHIG:3539,G4NJP7,,318829,Magnaporthe oryzae,242507,,strain,,Q69V56,,4530,Oryza sativa,39947,,strain,,,,,Two-hybrid,protein-protein interaction,37177781,,,,
PHIG:3539,G4NJP7,,318829,Magnaporthe oryzae,242507,,strain,,Q69V56,,4530,Oryza sativa,39947,,strain,,,,,PCA,protein-protein interaction,37177781,,,,
PHIG:3539,G4NJP7,,318829,Magnaporthe oryzae,242507,,strain,,Q69V56,,4530,Oryza sativa,39947,,strain,,,,,Co-purification,protein-protein interaction,37177781,,,,
,,,318829,Magnaporthe oryzae,,R01-1,none,,Q69V56,,4530,Oryza sativa,39947,cv. Taipei 309,strain,Rglg5delta (deletion),PHIPO:0000368,,BTO:0001228,Macroscopic observation (quantitative observation),interspecies interaction,37177781,,,,
,,,318829,Magnaporthe oryzae,,KJ201,none,,Q69V56,,4530,Oryza sativa,39947,cv. Taipei 309,strain,Rglg5delta (deletion),PHIPO:0000368,,BTO:0001228,Macroscopic observation (quantitative observation),interspecies interaction,37177781,,,,
,,,318829,Magnaporthe oryzae,,R01-1,none,,Q69V56,,4530,Oryza sativa,39947,cv. Taipei 309,strain,Rglg5-OE transformant(overexpression) (transformant) [Ectopic],PHIPO:0000365,,BTO:0001228,Macroscopic observation (quantitative observation),interspecies interaction,37177781,,,,
,,,318829,Magnaporthe oryzae,,KJ201,none,,Q69V56,,4530,Oryza sativa,39947,cv. Taipei 309,strain,Rglg5-OE transformant(overexpression) (transformant) [Ectopic],PHIPO:0000365,,BTO:0001228,Macroscopic observation (quantitative observation),interspecies interaction,37177781,,,,
,,,318829,Magnaporthe oryzae,,R01-1,none,,Q69V56,,4530,Oryza sativa,39947,TP309-Pi9,strain,Rglg5delta (deletion),PHIPO:0000954,,BTO:0000713,Macroscopic observation (quantitative observation),gene-for-gene interaction,37177781,,,,
,,,318829,Magnaporthe oryzae,,KJ201,none,,Q69V56,,4530,Oryza sativa,39947,TP309-Pi9,strain,Rglg5delta (deletion),PHIPO:0000952,,BTO:0000713,Macroscopic observation (qualitative observation),gene-for-gene interaction,37177781,,,,
PHIG:925,G4ZQS2,,67593,Phytophthora sojae,1094619,PsJMS2,strain,βTub+ (wild type) [Wild type product level],,,3847,Glycine max,,cv. Williams,none,,PHIPO:0000480,,BTO:0000713,Macroscopic observation (quantitative observation),interspecies interaction,27242773,,,,
PHIG:925,G4ZQS2,,67593,Phytophthora sojae,1094619,PsJMS2,strain,βTub(C239S) (amino acid mutation) [Not assayed],,,3847,Glycine max,,cv. Williams,none,,PHIPO:0000480,,BTO:0000713,Macroscopic observation (quantitative observation),interspecies interaction,27242773,Reduced virulence,,,
PHIG:341,A0A0L0V3D9,,27350,Puccinia striiformis,1165861,CYR32,strain,Pst_12806deltaSP-GFP(Signal peptides deleted (1-23)) (partial amino acid deletion) [Overexpression],,,4100,Nicotiana benthamiana,,Unknown strain,none,,PHIPO:0001142,,BTO:0000713,Microscopy,interspecies interaction,31804478,,,,
PHIG:341,A0A0L0V3D9,,27350,Puccinia striiformis,1165861,CYR32,strain,Pst_12806deltaSP/deltaTP(1-65 deleted) (partial amino acid deletion) [Overexpression],,,4100,Nicotiana benthamiana,,Unknown strain,none,,PHIPO:0001143,,BTO:0000713,Microscopy,interspecies interaction,31804478,,,,
PHIG:340,A0A0L0W290,,27350,Puccinia striiformis,1165861,CYR32,strain,PSTG_01425+ (wild type) [Ectopic],,,4100,Nicotiana benthamiana,,Unknown strain,none,,PHIPO:0000192,,BTO:0000713,Macroscopic observation (qualitative observation),interspecies interaction,31804478,,,,
PHIG:341,A0A0L0V3D9,,27350,Puccinia striiformis,1165861,CYR32,strain,Pst_12806deltaSP-GFP(Signal peptides deleted (1-23)) (partial amino acid deletion) [Overexpression],,,4100,Nicotiana benthamiana,,Unknown strain,none,,PHIPO:0000182,,BTO:0000713,Macroscopic observation (qualitative observation),interspecies interaction,31804478,,,,
PHIG:341,A0A0L0V3D9,,27350,Puccinia striiformis,1165861,CYR32,strain,PSTG_12806+ (wild type) [Ectopic],,,4100,Nicotiana benthamiana,,Unknown strain,none,,PHIPO:0000465,,BTO:0000713,Macroscopic observation (qualitative observation),interspecies interaction,31804478,,,,
PHIG:341,A0A0L0V3D9,,27350,Puccinia striiformis,1165861,CYR32,strain,Pst_12806deltaSP-GFP(Signal peptides deleted (1-23)) (partial amino acid deletion) [Overexpression],,,4100,Nicotiana benthamiana,,Unknown strain,none,,PHIPO:0001015,,BTO:0000713,Microscopy,interspecies interaction,31804478,,,,
PHIG:341,A0A0L0V3D9,,27350,Puccinia striiformis,1165861,CYR32,strain,Pst_12806deltaSP-GFP(Signal peptides deleted (1-23)) (partial amino acid deletion) [Overexpression],,,4100,Nicotiana benthamiana,,Unknown strain,none,,PHIPO:0001144,,BTO:0000713,Microscopy,interspecies interaction,31804478,,,,
PHIG:341,A0A0L0V3D9,,27350,Puccinia striiformis,1165861,CYR31,strain,Pst_12806 (HIGS) (disruption) [Knockdown],,,4565,Triticum aestivum,,cv. Suwon 11,none,,PHIPO:0000444,,BTO:0000713,Macroscopic observation (quantitative observation),interspecies interaction,31804478,Reduced virulence,,,
PHIG:341,A0A0L0V3D9,,27350,Puccinia striiformis,1165861,CYR31,strain,Pst_12806 (HIGS) (disruption) [Knockdown],Q7X9A6,,4565,Triticum aestivum,,cv. Suwon 11,species,TaISP+ (wild type) [Wild type product level],PHIPO:0000365,,BTO:0000713,Macroscopic observation (quantitative observation),interspecies interaction,31804478,Reduced virulence,,,
PHIG:341,A0A0L0V3D9,,27350,Puccinia striiformis,1165861,CYR32,strain,Pst_12806deltaSP-GFP(Signal peptides deleted (1-23)) (partial amino acid deletion) [Overexpression],Q7X9A6,,4565,Triticum aestivum,,cv. Suwon 11,species,TaISP-N(111-222) (partial amino acid deletion) [Not assayed],PHIPO:0001107,,,Reporter gene assay,interspecies interaction,31804478,,,,
PHIG:341,A0A0L0V3D9,,27350,Puccinia striiformis,1165861,CYR32,strain,Pst_12806deltaSP-GFP(Signal peptides deleted (1-23)) (partial amino acid deletion) [Overexpression],Q7X9A6,,4565,Triticum aestivum,,cv. Suwon 11,species,TaISP-C(1-111) (partial amino acid deletion) [Not assayed],PHIPO:0001106,,,Reporter gene assay,interspecies interaction,31804478,,,,
PHIG:341,A0A0L0V3D9,,27350,Puccinia striiformis,1165861,,strain,,Q7X9A6,,4565,Triticum aestivum,,,species,,,,,Two-hybrid,protein-protein interaction,31804478,,,,
PHIG:341,A0A0L0V3D9,,27350,Puccinia striiformis,1165861,CYR31,strain,PSTG_12806+ (wild type) [Wild type product level],Q7X9A6,,4565,Triticum aestivum,,cv. Suwon 11,species,TaISP-silenced(VIGS) (other) [Knockdown],PHIPO:0000444,,BTO:0000713,Macroscopic observation (qualitative observation),interspecies interaction,31804478,,,,
PHIG:341,A0A0L0V3D9,,27350,Puccinia striiformis,1165861,CYR31,strain,PSTG_12806+ (wild type) [Wild type product level],Q7X9A6,,4565,Triticum aestivum,,cv. Suwon 11,species,TaISP-silenced(VIGS) (other) [Knockdown],PHIPO:0000365,,BTO:0000713,Macroscopic observation (qualitative observation),interspecies interaction,31804478,,,,
PHIG:341,A0A0L0V3D9,,27350,Puccinia striiformis,1165861,CYR31,strain,PSTG_12806+ (wild type) [Wild type product level],Q7X9A6,,4565,Triticum aestivum,,cv. Suwon 11,species,TaISP-silenced(VIGS) (other) [Knockdown],PHIPO:0001174,,BTO:0000713,Macroscopic observation (qualitative observation),interspecies interaction,31804478,Reduced virulence,,,
PHIG:341,A0A0L0V3D9,,27350,Puccinia striiformis,1165861,CYR31,strain,PSTG_12806+ (wild type) [Wild type product level],Q7X9A6,,4565,Triticum aestivum,,cv. Suwon 11,species,TaISP-silenced(VIGS) (other) [Knockdown],PHIPO:0001144,,BTO:0000713,Macroscopic observation (qualitative observation),interspecies interaction,31804478,,,,
PHIG:341,A0A0L0V3D9,,27350,Puccinia striiformis,1165861,CYR31,strain,PSTG_12806+ (wild type) [Wild type product level],Q7X9A6,,4565,Triticum aestivum,,cv. Suwon 11,species,TaISP+ (wild type) [Wild type product level],PHIPO:0000473,,BTO:0000713,Macroscopic observation (qualitative observation),interspecies interaction,31804478,,,,
PHIG:341,A0A0L0V3D9,,27350,Puccinia striiformis,1165861,CYR31,strain,PSTG_12806+ (wild type) [Wild type product level],Q7X9A6,,4565,Triticum aestivum,,cv. Suwon 11,species,TaISP+ (wild type) [Wild type product level],PHIPO:0001231,,BTO:0000713,Macroscopic observation (qualitative observation),interspecies interaction,31804478,,,,
PHIG:341,A0A0L0V3D9,,27350,Puccinia striiformis,1165861,CYR31,strain,PSTG_12806+ (wild type) [Wild type product level],Q7X9A6,,4565,Triticum aestivum,,cv. Suwon 11,species,TaISP+ (wild type) [Wild type product level],PHIPO:0000954,,BTO:0000713,Macroscopic observation (qualitative observation),interspecies interaction,31804478,,,,
PHIG:341,A0A0L0V3D9,,27350,Puccinia striiformis,1165861,CYR31,strain,PSTG_12806+ (wild type) [Wild type product level],Q7X9A6,,4565,Triticum aestivum,,cv. Suwon 11,species,TaISP+ (wild type) [Wild type product level],PHIPO:0001235,,BTO:0000713,Macroscopic observation (qualitative observation),interspecies interaction,31804478,,,,
PHIG:341,A0A0L0V3D9,,27350,Puccinia striiformis,1165861,CYR31,strain,PSTG_12806+ (wild type) [Wild type product level],Q7X9A6,,4565,Triticum aestivum,,cv. Suwon 11,species,TaISP+ (wild type) [Wild type product level],,PHIDO:0000490,BTO:0000713,,interspecies interaction,31804478,,,,
PHIG:341,A0A0L0V3D9,,27350,Puccinia striiformis,1165861,,strain,,Q7X9A6,,4565,Triticum aestivum,,,species,,,,,Co-purification,protein-protein interaction,31804478,,,,
PHIG:341,A0A0L0V3D9,,27350,Puccinia striiformis,1165861,,strain,,Q7X9A6,,4565,Triticum aestivum,,,species,,,,,PCA,protein-protein interaction,31804478,,,,
PHIG:341,A0A0L0V3D9,,27350,Puccinia striiformis,1165861,CYR31,strain,PSTG_12806+ (wild type) [Wild type product level],Q7X9A6,,4565,Triticum aestivum,,cv. Suwon 11,species,TaISP+ (wild type) [Wild type product level],PHIPO:0000927,,BTO:0000713,Microscopy,interspecies interaction,31804478,,,,
PHIG:341,A0A0L0V3D9,,27350,Puccinia striiformis,1165861,CYR31,strain,Pst_12806 (HIGS) (disruption) [Knockdown],Q7X9A6,,4565,Triticum aestivum,,cv. Suwon 11,species,TaISP+ (wild type) [Wild type product level],PHIPO:0001193,,BTO:0000713,Microscopy,interspecies interaction,31804478,,,,
PHIG:9070,G4MYK3,,318829,Magnaporthe oryzae,242507,P131,strain,Pah1+ (wild type) [Wild type product level],,,4530,Oryza sativa,,cv. Lijiangxintuanheigu,none,,,PHIDO:0000315,,,interspecies interaction,35191164,,,,
PHIG:9070,G4MYK3,,318829,Magnaporthe oryzae,242507,P131,strain,Pah1delta (deletion),,,4530,Oryza sativa,,cv. Lijiangxintuanheigu,none,,PHIPO:0000365,,BTO:0000713,Macroscopic observation (qualitative observation),interspecies interaction,35191164,Loss of pathogenicity,,,
PHIG:9070,G4MYK3,,318829,Magnaporthe oryzae,242507,P131,strain,Pah1delta (deletion),,,4513,Hordeum vulgare,,cv. E9,none,,PHIPO:0000365,,BTO:0000713,Macroscopic observation (qualitative observation),interspecies interaction,35191164,Loss of pathogenicity,,,
PHIG:9070,G4MYK3,,318829,Magnaporthe oryzae,242507,P131,strain,Pah1delta+Pah1 transformant(complement by re-introducing the wild-type allele at an ectopic locus) (transformant) [Ectopic],,,4530,Oryza sativa,,cv. Lijiangxintuanheigu,none,,PHIPO:0000951,,BTO:0000713,Macroscopic observation (qualitative observation),interspecies interaction,35191164,Unaffected pathogenicity,,,
PHIG:9070,G4MYK3,,318829,Magnaporthe oryzae,242507,P131,strain,Pah1delta+Pah1 transformant(complement by re-introducing the wild-type allele at an ectopic locus) (transformant) [Ectopic],,,4513,Hordeum vulgare,,cv. E9,none,,PHIPO:0000951,,BTO:0000713,Macroscopic observation (qualitative observation),interspecies interaction,35191164,Unaffected pathogenicity,,,
PHIG:9070,G4MYK3,,318829,Magnaporthe oryzae,242507,P131,strain,Pah1delta (deletion),,,4513,Hordeum vulgare,,cv. E9,none,,PHIPO:0000955,,BTO:0000713,Microscopy,interspecies interaction,35191164,,,,
PHIG:9070,G4MYK3,,318829,Magnaporthe oryzae,242507,P131,strain,Pah1delta+Pah1 transformant(complement by re-introducing the wild-type allele at an ectopic locus) (transformant) [Ectopic],,,4513,Hordeum vulgare,,cv. E9,none,,PHIPO:0000953,,BTO:0000713,Microscopy,interspecies interaction,35191164,,,,
PHIG:10404,E3QKR5,,31870,Colletotrichum graminicola,645133,CgM2,strain,Mbp1delta (deletion),,,4577,Zea mays,,cv. Xianyu 335,none,,PHIPO:0000365,,BTO:0000713,Macroscopic observation (qualitative observation),interspecies interaction,41238025,Reduced virulence,,,
PHIG:10404,E3QKR5,,31870,Colletotrichum graminicola,645133,CgM2,strain,Mbp1+ (wild type) [Wild type product level],,,4577,Zea mays,,cv. Xianyu 335,none,,PHIPO:0000951,,BTO:0000713,Macroscopic observation (qualitative observation),interspecies interaction,41238025,,,,
PHIG:10404,E3QKR5,,31870,Colletotrichum graminicola,645133,CgM2,strain,Mbp1delta-Mbp1 transformant(complement by re-introducing the wild-type allele at an ectopic locus) (transformant) [Ectopic],,,4577,Zea mays,,cv. Xianyu 335,none,,PHIPO:0000951,,BTO:0000713,Macroscopic observation (qualitative observation),interspecies interaction,41238025,Unaffected pathogenicity,,,
PHIG:10405,E3QSE7,,31870,Colletotrichum graminicola,645133,CgM2,strain,Swi6delta (deletion),,,4577,Zea mays,,cv. Xianyu 335,none,,PHIPO:0000365,,BTO:0000713,Macroscopic observation (qualitative observation),interspecies interaction,41238025,Reduced virulence,,,
PHIG:10405,E3QSE7,,31870,Colletotrichum graminicola,645133,CgM2,strain,Swi6+ (wild type) [Wild type product level],,,4577,Zea mays,,cv. Xianyu 335,none,,PHIPO:0000951,,BTO:0000713,Macroscopic observation (qualitative observation),interspecies interaction,41238025,,,,
PHIG:10405,E3QSE7,,31870,Colletotrichum graminicola,645133,CgM2,strain,Swi6 transformant(complement by re-introducing the wild-type allele at an ectopic locus) (transformant) [Ectopic],,,4577,Zea mays,,cv. Xianyu 335,none,,PHIPO:0000951,,BTO:0000713,Macroscopic observation (qualitative observation),interspecies interaction,41238025,Unaffected pathogenicity,,,
PHIG:10404,E3QKR5,,31870,Colletotrichum graminicola,645133,,strain,,E3QSE7,,31870,Colletotrichum graminicola,645133,,strain,,,,,Two-hybrid,protein-protein interaction,41238025,,,,
PHIG:10404,E3QKR5,,31870,Colletotrichum graminicola,645133,CgM2,strain,Mbp1+ (wild type) [Wild type product level],,,4577,Zea mays,,cv. Xianyu 335,none,,,PHIDO:0000013,,,interspecies interaction,41238025,,,,
PHIG:10404,E3QKR5,,31870,Colletotrichum graminicola,645133,,strain,,E3QSE7,,31870,Colletotrichum graminicola,645133,,strain,,,,,PCA,protein-protein interaction,41238025,,,,
PHIG:10481,A0A1D9QHM7,,,Sclerotinia sclerotiorum,,1980,species,Hp1delta (deletion),,,3702,Arabidopsis thaliana,,ecotype Columbia-0,none,,PHIPO:0000480,,BTO:0000713,Macroscopic observation (qualitative observation),interspecies interaction,41305368,Unaffected pathogenicity,,,
PHIG:10481,A0A1D9QHM7,,,Sclerotinia sclerotiorum,,1980,species,Hp1delta (deletion),,,4100,Nicotiana benthamiana,,Unknown strain,none,,PHIPO:0000480,,BTO:0000713,Macroscopic observation (qualitative observation),interspecies interaction,41305368,Unaffected pathogenicity,,,
PHIG:10473,A0A1D9PUI1,,,Sclerotinia sclerotiorum,,1980,species,Hp2delta (deletion),,,3702,Arabidopsis thaliana,,ecotype Columbia-0,none,,PHIPO:0000985,,BTO:0000713,Macroscopic observation (qualitative observation),interspecies interaction,41305368,Reduced virulence,,,
PHIG:10473,A0A1D9PUI1,,,Sclerotinia sclerotiorum,,1980,species,Hp2delta (deletion),,,4100,Nicotiana benthamiana,,Unknown strain,none,,PHIPO:0000985,,BTO:0000713,Macroscopic observation (qualitative observation),interspecies interaction,41305368,Reduced virulence,,,
PHIG:10481,A0A1D9QHM7,,,Sclerotinia sclerotiorum,,1980,species,Hp1+ (wild type) [Wild type product level],,,3702,Arabidopsis thaliana,,ecotype Columbia-0,none,,PHIPO:0000480,,BTO:0000713,Macroscopic observation (qualitative observation),interspecies interaction,41305368,,,,
PHIG:10481,A0A1D9QHM7,,,Sclerotinia sclerotiorum,,1980,species,Hp1+ (wild type) [Wild type product level],,,4100,Nicotiana benthamiana,,Unknown strain,none,,PHIPO:0000480,,BTO:0000713,Macroscopic observation (qualitative observation),interspecies interaction,41305368,,,,
PHIG:10473,A0A1D9PUI1,,,Sclerotinia sclerotiorum,,1980,species,Hp2+ (wild type) [Wild type product level],,,3702,Arabidopsis thaliana,,ecotype Columbia-0,none,,PHIPO:0000480,,BTO:0000713,Macroscopic observation (qualitative observation),interspecies interaction,41305368,,,,
PHIG:10473,A0A1D9PUI1,,,Sclerotinia sclerotiorum,,1980,species,Hp2+ (wild type) [Wild type product level],,,4100,Nicotiana benthamiana,,Unknown strain,none,,PHIPO:0000480,,BTO:0000713,Macroscopic observation (qualitative observation),interspecies interaction,41305368,,,,
PHIG:10482,A0A1D9QLS8,,,Sclerotinia sclerotiorum,,1980,species,Hp3+ (wild type) [Wild type product level],,,3702,Arabidopsis thaliana,,ecotype Columbia-0,none,,PHIPO:0000480,,BTO:0000713,Macroscopic observation (qualitative observation),interspecies interaction,41305368,,,,
PHIG:10482,A0A1D9QLS8,,,Sclerotinia sclerotiorum,,1980,species,Hp3+ (wild type) [Wild type product level],,,4100,Nicotiana benthamiana,,Unknown strain,none,,PHIPO:0000480,,BTO:0000713,Macroscopic observation (qualitative observation),interspecies interaction,41305368,,,,
PHIG:10482,A0A1D9QLS8,,,Sclerotinia sclerotiorum,,1980,species,Hp3delta (deletion),,,3702,Arabidopsis thaliana,,ecotype Columbia-0,none,,PHIPO:0000985,,BTO:0000713,Macroscopic observation (qualitative observation),interspecies interaction,41305368,Reduced virulence,,,
PHIG:10482,A0A1D9QLS8,,,Sclerotinia sclerotiorum,,1980,species,Hp3delta (deletion),,,4100,Nicotiana benthamiana,,Unknown strain,none,,PHIPO:0000985,,BTO:0000713,Macroscopic observation (qualitative observation),interspecies interaction,41305368,Reduced virulence,,,
PHIG:10481,A0A1D9QHM7,,,Sclerotinia sclerotiorum,,1980,species,Hp1+ (wild type) [Wild type product level],,,3702,Arabidopsis thaliana,,ecotype Columbia-0,none,,,PHIDO:0000393,,,interspecies interaction,41305368,,,,
PHIG:269,F9X6V3,,1047171,Zymoseptoria tritici,336722,IPO323,strain,Pptdelta (deletion),,,4565,Triticum aestivum,,cv. Riband,none,,PHIPO:0000481,,BTO:0000713,Macroscopic observation (qualitative observation),interspecies interaction,30459352,Loss of pathogenicity,,,
PHIG:269,F9X6V3,,1047171,Zymoseptoria tritici,336722,IPO323,strain,Pptdelta (deletion),,,4565,Triticum aestivum,,cv. Riband,none,,PHIPO:0000481,,BTO:0000713,Macroscopic observation (qualitative observation),interspecies interaction,30459352,Loss of pathogenicity,,,
PHIG:275,F9X701,,1047171,Zymoseptoria tritici,336722,IPO323,strain,Aardelta (deletion),,,4565,Triticum aestivum,,cv. Riband,none,,PHIPO:0000481,,BTO:0000713,Macroscopic observation (qualitative observation),interspecies interaction,30459352,Loss of pathogenicity,,,
PHIG:275,F9X701,,1047171,Zymoseptoria tritici,336722,IPO323,strain,Aardelta (deletion),,,4565,Triticum aestivum,,cv. Riband,none,,PHIPO:0000481,,BTO:0000713,Macroscopic observation (qualitative observation),interspecies interaction,30459352,Loss of pathogenicity,,,
PHIG:274,F9XMW3,,1047171,Zymoseptoria tritici,336722,IPO323,strain,PKS1delta (deletion),,,4565,Triticum aestivum,,cv. Riband,none,,PHIPO:0000480,,BTO:0000713,Macroscopic observation (qualitative observation),interspecies interaction,30459352,Unaffected pathogenicity,,,
PHIG:273,F9X2M4,,1047171,Zymoseptoria tritici,336722,IPO323,strain,NRPS1delta (deletion),,,4565,Triticum aestivum,,cv. Riband,none,,PHIPO:0000480,,BTO:0000713,Macroscopic observation (qualitative observation),interspecies interaction,30459352,Unaffected pathogenicity,,,
PHIG:274,F9XMW3,,1047171,Zymoseptoria tritici,336722,IPO323,strain,PKS1delta (deletion),,,4565,Triticum aestivum,,cv. Riband,none,,PHIPO:0001081,,BTO:0000713,Microscopy,interspecies interaction,30459352,,,,
PHIG:272,F9XD62,,1047171,Zymoseptoria tritici,336722,IPO323,strain,StuAdelta (deletion),,,4565,Triticum aestivum,,Taichung 29,none,,PHIPO:0000985,,BTO:0000713,Macroscopic observation (qualitative observation),interspecies interaction,30459352,,,,
PHIG:272,F9XD62,,1047171,Zymoseptoria tritici,336722,IPO323,strain,StuAdelta (deletion),,,4565,Triticum aestivum,,Taichung 29,none,,PHIPO:0000444,,BTO:0000713,Macroscopic observation (qualitative observation),interspecies interaction,30459352,,,,
PHIG:270,F9XFI6,,1047171,Zymoseptoria tritici,336722,IPO323,strain,PKS7delta (deletion),,,4565,Triticum aestivum,,cv. Riband,none,,PHIPO:0000480,,BTO:0000713,Macroscopic observation (qualitative observation),interspecies interaction,30459352,Unaffected pathogenicity,,,
PHIG:271,F9XQ63,,1047171,Zymoseptoria tritici,336722,IPO323,strain,PKS8delta (deletion),,,4565,Triticum aestivum,,cv. Riband,none,,PHIPO:0000480,,BTO:0000713,Macroscopic observation (qualitative observation),interspecies interaction,30459352,Unaffected pathogenicity,,,
PHIG:270,F9XFI6,,1047171,Zymoseptoria tritici,336722,IPO323,strain,PKS7delta (deletion),,,4565,Triticum aestivum,,cv. Riband,none,,PHIPO:0000473,,BTO:0000713,Substance quantification evidence,interspecies interaction,30459352,Unaffected pathogenicity,,,
PHIG:271,F9XQ63,,1047171,Zymoseptoria tritici,336722,IPO323,strain,PKS8delta (deletion),,,4565,Triticum aestivum,,cv. Riband,none,,PHIPO:0000473,,BTO:0000713,Substance quantification evidence,interspecies interaction,30459352,Unaffected pathogenicity,,,
PHIG:269,F9X6V3,,1047171,Zymoseptoria tritici,336722,IPO323,strain,Ppt+ (wild type) [Wild type product level],,,4565,Triticum aestivum,,cv. Riband,none,,PHIPO:0000480,,BTO:0000713,Macroscopic observation (qualitative observation),interspecies interaction,30459352,,,,
PHIG:269,F9X6V3,,1047171,Zymoseptoria tritici,336722,IPO323,strain,Ppt+ (wild type) [Wild type product level],,,4565,Triticum aestivum,,cv. Riband,none,,PHIPO:0000480,,BTO:0000713,Macroscopic observation (qualitative observation),interspecies interaction,30459352,,,,
PHIG:275,F9X701,,1047171,Zymoseptoria tritici,336722,IPO323,strain,Aar+ (wild type) [Wild type product level],,,4565,Triticum aestivum,,cv. Riband,none,,PHIPO:0000480,,BTO:0000713,Macroscopic observation (qualitative observation),interspecies interaction,30459352,,,,
PHIG:275,F9X701,,1047171,Zymoseptoria tritici,336722,IPO323,strain,Aar+ (wild type) [Wild type product level],,,4565,Triticum aestivum,,cv. Riband,none,,PHIPO:0000480,,BTO:0000713,Macroscopic observation (qualitative observation),interspecies interaction,30459352,,,,
PHIG:274,F9XMW3,,1047171,Zymoseptoria tritici,336722,IPO323,strain,PKS1+ (wild type) [Wild type product level],,,4565,Triticum aestivum,,cv. Riband,none,,PHIPO:0000480,,BTO:0000713,Macroscopic observation (qualitative observation),interspecies interaction,30459352,,,,
PHIG:273,F9X2M4,,1047171,Zymoseptoria tritici,336722,IPO323,strain,NRPS1+ (wild type) [Wild type product level],,,4565,Triticum aestivum,,cv. Riband,none,,PHIPO:0000480,,BTO:0000713,Macroscopic observation (qualitative observation),interspecies interaction,30459352,,,,
PHIG:274,F9XMW3,,1047171,Zymoseptoria tritici,336722,IPO323,strain,PKS1+ (wild type) [Wild type product level],,,4565,Triticum aestivum,,cv. Riband,none,,PHIPO:0001191,,BTO:0000713,Microscopy,interspecies interaction,30459352,,,,
PHIG:272,F9XD62,,1047171,Zymoseptoria tritici,336722,IPO323,strain,StuA+ (wild type) [Wild type product level],,,4565,Triticum aestivum,,Taichung 29,none,,PHIPO:0000480,,BTO:0000713,Macroscopic observation (qualitative observation),interspecies interaction,30459352,,,,
PHIG:272,F9XD62,,1047171,Zymoseptoria tritici,336722,IPO323,strain,StuA+ (wild type) [Wild type product level],,,4565,Triticum aestivum,,Taichung 29,none,,PHIPO:0000473,,BTO:0000713,Macroscopic observation (qualitative observation),interspecies interaction,30459352,,,,
PHIG:270,F9XFI6,,1047171,Zymoseptoria tritici,336722,IPO323,strain,PKS7+ (wild type) [Wild type product level],,,4565,Triticum aestivum,,cv. Riband,none,,PHIPO:0000480,,BTO:0000713,Macroscopic observation (qualitative observation),interspecies interaction,30459352,,,,
PHIG:271,F9XQ63,,1047171,Zymoseptoria tritici,336722,IPO323,strain,PKS8+ (wild type) [Wild type product level],,,4565,Triticum aestivum,,cv. Riband,none,,PHIPO:0000480,,BTO:0000713,Macroscopic observation (qualitative observation),interspecies interaction,30459352,,,,
PHIG:270,F9XFI6,,1047171,Zymoseptoria tritici,336722,IPO323,strain,PKS7+ (wild type) [Wild type product level],,,4565,Triticum aestivum,,cv. Riband,none,,PHIPO:0000473,,BTO:0000713,Substance quantification evidence,interspecies interaction,30459352,,,,
PHIG:271,F9XQ63,,1047171,Zymoseptoria tritici,336722,IPO323,strain,PKS8+ (wild type) [Wild type product level],,,4565,Triticum aestivum,,cv. Riband,none,,PHIPO:0000473,,BTO:0000713,Substance quantification evidence,interspecies interaction,30459352,,,,
PHIG:269,F9X6V3,,1047171,Zymoseptoria tritici,336722,IPO323,strain,Ppt+ (wild type) [Wild type product level],,,4565,Triticum aestivum,,cv. Riband,none,,,PHIDO:0000331,BTO:0000713,,interspecies interaction,30459352,,,,
PHIG:275,F9X701,,1047171,Zymoseptoria tritici,336722,IPO323,strain,Aar+ (wild type) [Wild type product level],,,4565,Triticum aestivum,,cv. Riband,none,,,PHIDO:0000331,BTO:0000713,,interspecies interaction,30459352,,,,
PHIG:274,F9XMW3,,1047171,Zymoseptoria tritici,336722,IPO323,strain,PKS1+ (wild type) [Wild type product level],,,4565,Triticum aestivum,,cv. Riband,none,,,PHIDO:0000331,BTO:0000713,,interspecies interaction,30459352,,,,
PHIG:273,F9X2M4,,1047171,Zymoseptoria tritici,336722,IPO323,strain,NRPS1+ (wild type) [Wild type product level],,,4565,Triticum aestivum,,cv. Riband,none,,,PHIDO:0000331,BTO:0000713,,interspecies interaction,30459352,,,,
PHIG:270,F9XFI6,,1047171,Zymoseptoria tritici,336722,IPO323,strain,PKS7+ (wild type) [Wild type product level],,,4565,Triticum aestivum,,cv. Riband,none,,,PHIDO:0000331,BTO:0000713,,interspecies interaction,30459352,,,,
PHIG:271,F9XQ63,,1047171,Zymoseptoria tritici,336722,IPO323,strain,PKS8+ (wild type) [Wild type product level],,,4565,Triticum aestivum,,cv. Riband,none,,,PHIDO:0000331,BTO:0000713,,interspecies interaction,30459352,,,,
PHIG:272,F9XD62,,1047171,Zymoseptoria tritici,336722,IPO323,strain,StuA+ (wild type) [Wild type product level],,,4565,Triticum aestivum,,Taichung 29,none,,,PHIDO:0000331,BTO:0000713,,interspecies interaction,30459352,,,,
PHIG:3071,Q9UWE7,,5518,Fusarium graminearum,,PH-1,species,Tri6delta (deletion),,,4565,Triticum aestivum,,Unknown strain,none,,PHIPO:0000365,,BTO:0001278,Macroscopic observation (quantitative observation),interspecies interaction,19320833,Reduced virulence,,,
PHIG:8913,I1RIA7,,5518,Fusarium graminearum,229533,PH-1,strain,Tri10delta (deletion),,,4565,Triticum aestivum,,Unknown strain,none,,PHIPO:0000365,,BTO:0001278,Macroscopic observation (quantitative observation),interspecies interaction,19320833,Reduced virulence,,,
PHIG:3071,Q9UWE7,,5518,Fusarium graminearum,,PH-1,species,Tri6delta+Tri6 transformant(complement by re-introducing the wild-type allele at an ectopic locus) (transformant) [Ectopic],,,4565,Triticum aestivum,,Unknown strain,none,,PHIPO:0000951,,BTO:0001278,Macroscopic observation (quantitative observation),interspecies interaction,19320833,,,,
PHIG:8913,I1RIA7,,5518,Fusarium graminearum,229533,PH-1,strain,Tri10delta+Tri10 transformant(complement by re-introducing the wild-type allele at an ectopic locus) (transformant) [Ectopic],,,4565,Triticum aestivum,,Unknown strain,none,,PHIPO:0000951,,BTO:0001278,Macroscopic observation (quantitative observation),interspecies interaction,19320833,,,,
PHIG:3071,Q9UWE7,,5518,Fusarium graminearum,,PH-1,species,Tri6delta (deletion),,,4565,Triticum aestivum,,Unknown strain,none,,PHIPO:0000219,,BTO:0001278,Macroscopic observation (quantitative observation),interspecies interaction,19320833,,,,
PHIG:8913,I1RIA7,,5518,Fusarium graminearum,229533,PH-1,strain,Tri10delta (deletion),,,4565,Triticum aestivum,,Unknown strain,none,,PHIPO:0000219,,BTO:0001278,Macroscopic observation (quantitative observation),interspecies interaction,19320833,,,,
PHIG:3071,Q9UWE7,,5518,Fusarium graminearum,,PH-1,species,Tri6delta+Tri6 transformant(complement by re-introducing the wild-type allele at an ectopic locus) (transformant) [Ectopic],,,4565,Triticum aestivum,,Unknown strain,none,,PHIPO:0000233,,BTO:0001278,Macroscopic observation (quantitative observation),interspecies interaction,19320833,,,,
PHIG:8913,I1RIA7,,5518,Fusarium graminearum,229533,PH-1,strain,Tri10delta+Tri10 transformant(complement by re-introducing the wild-type allele at an ectopic locus) (transformant) [Ectopic],,,4565,Triticum aestivum,,Unknown strain,none,,PHIPO:0000233,,BTO:0001278,Macroscopic observation (quantitative observation),interspecies interaction,19320833,,,,
PHIG:8913,I1RIA7,,5518,Fusarium graminearum,229533,PH-1,strain,Tri10+ (wild type) [Wild type product level],,,4565,Triticum aestivum,,Unknown strain,none,,,PHIDO:0000163,,,interspecies interaction,19320833,,,,
PHIG:40,Q51368,,287,Pseudomonas aeruginosa,208964,PAO1,strain,TonB1delta (deletion),,,3711,Brassica rapa,,Unknown strain,none,,PHIPO:0000985,,BTO:0000713,Macroscopic observation (quantitative observation),interspecies interaction,41493370,Reduced virulence,,,
PHIG:40,Q51368,,287,Pseudomonas aeruginosa,208964,PAO1,strain,TonB1Δ-TonB1(complement by re-introducing the wild-type allele at an ectopic locus) (transformant) [Ectopic],,,3711,Brassica rapa,,Unknown strain,none,,PHIPO:0000480,,BTO:0000713,Macroscopic observation (quantitative observation),interspecies interaction,41493370,Unaffected pathogenicity,,,
PHIG:40,Q51368,,287,Pseudomonas aeruginosa,208964,PAO1,strain,TonB1+ (wild type) [Wild type product level],,,3711,Brassica rapa,,Unknown strain,none,,PHIPO:0000480,,BTO:0000713,Macroscopic observation (quantitative observation),interspecies interaction,41493370,,,,
PHIG:40,Q51368,,287,Pseudomonas aeruginosa,208964,PAO1,strain,TonB1+ (wild type) [Wild type product level],,,7137,Galleria mellonella,,Unknown strain,none,,PHIPO:0001069,,BTO:0000707,Macroscopic observation (quantitative observation),interspecies interaction,41493370,,,,
PHIG:40,Q51368,,287,Pseudomonas aeruginosa,208964,PAO1,strain,TonB1delta (deletion),,,7137,Galleria mellonella,,Unknown strain,none,,PHIPO:0001068,,BTO:0000707,Macroscopic observation (quantitative observation),interspecies interaction,41493370,Reduced virulence,,,
PHIG:40,Q51368,,287,Pseudomonas aeruginosa,208964,PAO1,strain,TonB1Δ-TonB1(complement by re-introducing the wild-type allele at an ectopic locus) (transformant) [Ectopic],,,7137,Galleria mellonella,,Unknown strain,none,,PHIPO:0001069,,BTO:0000707,Macroscopic observation (quantitative observation),interspecies interaction,41493370,Unaffected pathogenicity,,,
PHIG:10477,A0A1D9Q802,,,Sclerotinia sclerotiorum,,1980,species,Ste50delta (deletion),,,3702,Arabidopsis thaliana,,ecotype Columbia-0,none,,PHIPO:0000952,,BTO:0000713,Macroscopic observation (quantitative observation),interspecies interaction,38149487,Loss of pathogenicity,,,
PHIG:10477,A0A1D9Q802,,,Sclerotinia sclerotiorum,,1980,species,Ste50+ (wild type) [Wild type product level],,,3702,Arabidopsis thaliana,,ecotype Columbia-0,none,,PHIPO:0000954,,BTO:0000713,Macroscopic observation (qualitative observation),interspecies interaction,38149487,,,,
PHIG:10477,A0A1D9Q802,,,Sclerotinia sclerotiorum,,1980,species,Ste50 transformant(complement by re-introducing the wild-type to an ectopic locus) (transformant) [Ectopic],,,3702,Arabidopsis thaliana,,ecotype Columbia-0,none,,PHIPO:0000954,,BTO:0000713,Macroscopic observation (quantitative observation),interspecies interaction,38149487,Unaffected pathogenicity,,,
PHIG:10477,A0A1D9Q802,,,Sclerotinia sclerotiorum,,1980,species,Ste50delta (deletion),,,4100,Nicotiana benthamiana,,Unknown strain,none,,PHIPO:0000952,,BTO:0000713,Macroscopic observation (quantitative observation),interspecies interaction,38149487,Loss of pathogenicity,,,
PHIG:10477,A0A1D9Q802,,,Sclerotinia sclerotiorum,,1980,species,Ste50+ (wild type) [Wild type product level],,,4100,Nicotiana benthamiana,,Unknown strain,none,,PHIPO:0000954,,BTO:0000713,Macroscopic observation (quantitative observation),interspecies interaction,38149487,,,,
PHIG:10477,A0A1D9Q802,,,Sclerotinia sclerotiorum,,1980,species,Ste50 transformant(complement by re-introducing the wild-type to an ectopic locus) (transformant) [Ectopic],,,4100,Nicotiana benthamiana,,Unknown strain,none,,PHIPO:0000954,,BTO:0000713,Macroscopic observation (quantitative observation),interspecies interaction,38149487,Unaffected pathogenicity,,,
PHIG:10474,A0A1D9PYP2,,,Sclerotinia sclerotiorum,,1980,species,Ste11delta (deletion),,,3702,Arabidopsis thaliana,,ecotype Columbia-0,none,,PHIPO:0000952,,BTO:0000713,Macroscopic observation (qualitative observation),interspecies interaction,38149487,Loss of pathogenicity,,,
PHIG:10474,A0A1D9PYP2,,,Sclerotinia sclerotiorum,,1980,species,Ste11+ (wild type) [Wild type product level],,,3702,Arabidopsis thaliana,,ecotype Columbia-0,none,,PHIPO:0000954,,BTO:0000713,Macroscopic observation (quantitative observation),interspecies interaction,38149487,,,,
PHIG:10474,A0A1D9PYP2,,,Sclerotinia sclerotiorum,,1980,species,Ste11delta (deletion),,,4100,Nicotiana benthamiana,,Unknown strain,none,,PHIPO:0000952,,BTO:0000713,Macroscopic observation (qualitative observation),interspecies interaction,38149487,Loss of pathogenicity,,,
PHIG:10474,A0A1D9PYP2,,,Sclerotinia sclerotiorum,,1980,species,Ste11+ (wild type) [Wild type product level],,,4100,Nicotiana benthamiana,,Unknown strain,none,,PHIPO:0000954,,BTO:0000713,Macroscopic observation (qualitative observation),interspecies interaction,38149487,,,,
PHIG:10474,A0A1D9PYP2,,,Sclerotinia sclerotiorum,,1980,species,Ste11delta-Ste11 transformant(complement by re-introducing the wild-type allele at an ectopic locus) (transformant) [Ectopic],,,4100,Nicotiana benthamiana,,Unknown strain,none,,PHIPO:0000954,,BTO:0000713,Macroscopic observation (qualitative observation),interspecies interaction,38149487,Unaffected pathogenicity,,,
PHIG:10478,A0A1D9QBD4,,,Sclerotinia sclerotiorum,,1980,species,Ste7delta (deletion),,,3702,Arabidopsis thaliana,,ecotype Columbia-0,none,,PHIPO:0000952,,BTO:0000713,Macroscopic observation (qualitative observation),interspecies interaction,38149487,Loss of pathogenicity,,,
PHIG:10480,A0A1D9QH89,,,Sclerotinia sclerotiorum,,1980,species,Smk1delta (deletion),,,3702,Arabidopsis thaliana,,ecotype Columbia-0,none,,PHIPO:0000952,,BTO:0000713,Macroscopic observation (qualitative observation),interspecies interaction,38149487,Loss of pathogenicity,,,
PHIG:10478,A0A1D9QBD4,,,Sclerotinia sclerotiorum,,1980,species,Ste7delta (deletion),,,4100,Nicotiana benthamiana,,Unknown strain,none,,PHIPO:0000952,,BTO:0000713,Macroscopic observation (qualitative observation),interspecies interaction,38149487,Loss of pathogenicity,,,
PHIG:10480,A0A1D9QH89,,,Sclerotinia sclerotiorum,,1980,species,Smk1delta (deletion),,,4100,Nicotiana benthamiana,,Unknown strain,none,,PHIPO:0000952,,BTO:0000713,Macroscopic observation (qualitative observation),interspecies interaction,38149487,Loss of pathogenicity,,,
PHIG:10478,A0A1D9QBD4,,,Sclerotinia sclerotiorum,,1980,species,Ste7+ (wild type) [Wild type product level],,,3702,Arabidopsis thaliana,,ecotype Columbia-0,none,,PHIPO:0000954,,BTO:0000713,Macroscopic observation (qualitative observation),interspecies interaction,38149487,,,,
PHIG:10480,A0A1D9QH89,,,Sclerotinia sclerotiorum,,1980,species,Smk1+ (wild type) [Wild type product level],,,3702,Arabidopsis thaliana,,ecotype Columbia-0,none,,PHIPO:0000954,,BTO:0000713,Macroscopic observation (qualitative observation),interspecies interaction,38149487,,,,
PHIG:10478,A0A1D9QBD4,,,Sclerotinia sclerotiorum,,1980,species,Ste7+ (wild type) [Wild type product level],,,4100,Nicotiana benthamiana,,Unknown strain,none,,PHIPO:0000954,,BTO:0000713,Macroscopic observation (qualitative observation),interspecies interaction,38149487,,,,
PHIG:10480,A0A1D9QH89,,,Sclerotinia sclerotiorum,,1980,species,Smk1+ (wild type) [Wild type product level],,,4100,Nicotiana benthamiana,,Unknown strain,none,,PHIPO:0000954,,BTO:0000713,Macroscopic observation (qualitative observation),interspecies interaction,38149487,,,,
PHIG:10477,A0A1D9Q802,,,Sclerotinia sclerotiorum,,,species,,A0A1D9PYP2,,,Sclerotinia sclerotiorum,,,species,,,,,PCA,protein-protein interaction,38149487,,,,
PHIG:10474,A0A1D9PYP2,,,Sclerotinia sclerotiorum,,,species,,A0A1D9QBD4,,,Sclerotinia sclerotiorum,,,species,,,,,PCA,protein-protein interaction,38149487,,,,
PHIG:10478,A0A1D9QBD4,,,Sclerotinia sclerotiorum,,,species,,A0A1D9QH89,,,Sclerotinia sclerotiorum,,,species,,,,,PCA,protein-protein interaction,38149487,,,,
PHIG:10480,A0A1D9QH89,,,Sclerotinia sclerotiorum,,,species,,A0A1D9Q666,,,Sclerotinia sclerotiorum,,,species,,,,,PCA,protein-protein interaction,38149487,,,,
PHIG:10476,A0A1D9Q666,,,Sclerotinia sclerotiorum,,1980,species,Ste12+ (wild type) [Wild type product level],,,3702,Arabidopsis thaliana,,ecotype Columbia-0,none,,PHIPO:0000954,,BTO:0000713,Macroscopic observation (qualitative observation),interspecies interaction,38149487,,,,
PHIG:10476,A0A1D9Q666,,,Sclerotinia sclerotiorum,,1980,species,Ste12delta (deletion),,,3702,Arabidopsis thaliana,,ecotype Columbia-0,none,,PHIPO:0000365,,BTO:0000713,Macroscopic observation (qualitative observation),interspecies interaction,38149487,Reduced virulence,,,
PHIG:10476,A0A1D9Q666,,,Sclerotinia sclerotiorum,,1980,species,Ste12+ (wild type) [Wild type product level],,,4100,Nicotiana benthamiana,,Unknown strain,none,,PHIPO:0000954,,BTO:0000713,Macroscopic observation (qualitative observation),interspecies interaction,38149487,,,,
PHIG:10476,A0A1D9Q666,,,Sclerotinia sclerotiorum,,1980,species,Ste12delta (deletion),,,4100,Nicotiana benthamiana,,Unknown strain,none,,PHIPO:0000365,,BTO:0000713,Macroscopic observation (qualitative observation),interspecies interaction,38149487,Reduced virulence,,,
PHIG:10477,A0A1D9Q802,,,Sclerotinia sclerotiorum,,1980,species,Ste50+ (wild type) [Wild type product level],,,3702,Arabidopsis thaliana,,ecotype Columbia-0,none,,,PHIDO:0000393,,,interspecies interaction,38149487,,,,
PHIG:9203,Q6LAD6,,251701,Pseudomonas syringae pv. tomato,323,DC3000,strain,AvrRpt2 transformant(HA-tagged) (transformant) [Ectopic],,,3702,Arabidopsis thaliana,,ecotype Columbia-0,none,,PHIPO:0001257,,BTO:0001461,Quantitative PCR,interspecies interaction,27208280,,,,
PHIG:9203,Q6LAD6,,251701,Pseudomonas syringae pv. tomato,323,DC3000,strain,AvrRpt2 transformant(HA-tagged) (transformant) [Ectopic],,,3702,Arabidopsis thaliana,,ecotype Columbia-0,none,,PHIPO:0001193,,BTO:0000713,Quantitative PCR,interspecies interaction,27208280,,,,
PHIG:9203,Q6LAD6,,251701,Pseudomonas syringae pv. tomato,323,DC3000,strain,AvrRpt2 transformant(HA-tagged) (transformant) [Ectopic],,,3702,Arabidopsis thaliana,,ecotype Columbia-0,none,,PHIPO:0001015,,BTO:0000713,Quantitative PCR,interspecies interaction,27208280,,,,
PHIG:9203,Q6LAD6,,251701,Pseudomonas syringae pv. tomato,323,DC3000,strain,AvrRpt2 transformant(HA-tagged) (transformant) [Ectopic],,,3702,Arabidopsis thaliana,,ecotype Columbia-0,none,,PHIPO:0000368,,BTO:0000713,Quantitative PCR,interspecies interaction,27208280,Increased virulence,,,
PHIG:9203,Q6LAD6,,251701,Pseudomonas syringae pv. tomato,323,DC3000,strain,AvrRpt2+ (wild type) [Wild type product level],,,3702,Arabidopsis thaliana,,ecotype Columbia-0,none,,,PHIDO:0000033,,,interspecies interaction,27208280,,,,
PHIG:11320,D0N028,,4787,Phytophthora infestans,403677,,strain,,M1CZL3,,4113,Solanum tuberosum,,,species,,,,,Two-hybrid,protein-protein interaction,26822079,,,,
PHIG:11320,D0N028,,4787,Phytophthora infestans,403677,,strain,,M1A8S7,,4113,Solanum tuberosum,,,species,,,,,Two-hybrid,protein-protein interaction,26822079,,,,
PHIG:11320,D0N028,,4787,Phytophthora infestans,403677,,strain,,M1C5B8,,4113,Solanum tuberosum,,,species,,,,,Two-hybrid,protein-protein interaction,26822079,,,,
PHIG:11320,D0N028,,4787,Phytophthora infestans,403677,,strain,,M1CZL3,,4113,Solanum tuberosum,,,species,,,,,Co-purification,protein-protein interaction,26822079,,,,
PHIG:11320,D0N028,,4787,Phytophthora infestans,403677,,strain,,M1A8S7,,4113,Solanum tuberosum,,,species,,,,,Co-purification,protein-protein interaction,26822079,,,,
PHIG:11320,D0N028,,4787,Phytophthora infestans,403677,,strain,,M1C5B8,,4113,Solanum tuberosum,,,species,,,,,Co-purification,protein-protein interaction,26822079,,,,
PHIG:11320,D0N028,,4787,Phytophthora infestans,403677,NL-88069,strain,Pi04314 (wild type) [Wild type product level],,,4113,Solanum tuberosum,,E3,none,,,PHIDO:0000206,,,interspecies interaction,26822079,,,,
PHIG:8900,I1RB98,,5518,Fusarium graminearum,229533,PH-1,strain,Rab4+ (wild type) [Wild type product level],,,4565,Triticum aestivum,,Unknown strain,none,,,PHIDO:0000163,,,interspecies interaction,26177389,,,,
PHIG:8900,I1RB98,,5518,Fusarium graminearum,229533,PH-1,strain,Rab4delta (deletion),,,4565,Triticum aestivum,,Unknown strain,none,,PHIPO:0000365,,BTO:0001278,Macroscopic observation (qualitative observation),interspecies interaction,26177389,Reduced virulence,,,
PHIG:8904,I1RD45,,5518,Fusarium graminearum,229533,PH-1,strain,Rab2delta (deletion),,,4565,Triticum aestivum,,Unknown strain,none,,PHIPO:0000365,,BTO:0001278,Macroscopic observation (qualitative observation),interspecies interaction,26177389,Reduced virulence,,,
PHIG:8940,I1RTQ9,,5518,Fusarium graminearum,229533,PH-1,strain,RabXdelta (deletion),,,4565,Triticum aestivum,,Unknown strain,none,,PHIPO:0000365,,BTO:0001278,Macroscopic observation (qualitative observation),interspecies interaction,26177389,Reduced virulence,,,
PHIG:8952,I1RYU1,,5518,Fusarium graminearum,229533,PH-1,strain,YptAdelta (deletion),,,4565,Triticum aestivum,,Unknown strain,none,,PHIPO:0000365,,BTO:0001278,Macroscopic observation (qualitative observation),interspecies interaction,26177389,Reduced virulence,,,
PHIG:8908,I1RFK0,,5518,Fusarium graminearum,229533,PH-1,strain,Rab6delta (deletion),,,4565,Triticum aestivum,,Unknown strain,none,,PHIPO:0000365,,BTO:0001278,Macroscopic observation (qualitative observation),interspecies interaction,26177389,Loss of pathogenicity,,,
PHIG:8879,A0A098DVM4,,5518,Fusarium graminearum,229533,PH-1,strain,Rab51delta (deletion),,,4565,Triticum aestivum,,Unknown strain,none,,PHIPO:0000365,,BTO:0001278,Macroscopic observation (qualitative observation),interspecies interaction,26177389,Loss of pathogenicity,,,
PHIG:8883,A0A1C3YHW1,,5518,Fusarium graminearum,229533,PH-1,strain,Rab52delta (deletion),,,4565,Triticum aestivum,,Unknown strain,none,,PHIPO:0000365,,BTO:0001278,Macroscopic observation (qualitative observation),interspecies interaction,26177389,Loss of pathogenicity,,,
PHIG:8924,I1RMF2,,5518,Fusarium graminearum,229533,PH-1,strain,Rab7delta (deletion),,,4565,Triticum aestivum,,Unknown strain,none,,PHIPO:0000365,,BTO:0001278,Macroscopic observation (qualitative observation),interspecies interaction,26177389,Loss of pathogenicity,,,
PHIG:8934,I1RQ70,,5518,Fusarium graminearum,229533,PH-1,strain,Rab8delta (deletion),,,4565,Triticum aestivum,,Unknown strain,none,,PHIPO:0000365,,BTO:0001278,Macroscopic observation (qualitative observation),interspecies interaction,26177389,Loss of pathogenicity,,,
PHIG:8919,I1RKC7,,,Fusarium graminearum,,PH-1,species,Rab11DN(I121N) (amino acid mutation) [Not assayed],,,4565,Triticum aestivum,,Unknown strain,none,,PHIPO:0000365,,BTO:0001278,Macroscopic observation (qualitative observation),interspecies interaction,26177389,Loss of pathogenicity,,,
PHIG:8919,I1RKC7,,,Fusarium graminearum,,PH-1,species,Rab11CA(Q68L) (amino acid mutation) [Not assayed],,,4565,Triticum aestivum,,Unknown strain,none,,PHIPO:0000365,,BTO:0001278,Macroscopic observation (qualitative observation),interspecies interaction,26177389,Reduced virulence,,,
PHIG:4577,I1RBK6,,5518,Fusarium graminearum,229533,PH-1,strain,Spa2delta (deletion),,,4565,Triticum aestivum,,Unknown strain,none,,PHIPO:0000365,,BTO:0001278,Macroscopic observation (qualitative observation),interspecies interaction,26177389,Reduced virulence,,,
PHIG:8952,I1RYU1,,5518,Fusarium graminearum,229533,PH-1,strain,Rab51delta+Rab51 transformant(complement by re-introducing the wild-type allele at an ectopic locus) (transformant) [Ectopic],,,4565,Triticum aestivum,,Unknown strain,none,,PHIPO:0000365,,BTO:0001278,Macroscopic observation (qualitative observation),interspecies interaction,26177389,Unaffected pathogenicity,,,
PHIG:8883,A0A1C3YHW1,,5518,Fusarium graminearum,229533,PH-1,strain,Rab52delta+Rab52 transformant(complement by re-introducing the wild-type allele at an ectopic locus) (transformant) [Ectopic],,,4565,Triticum aestivum,,Unknown strain,none,,PHIPO:0000365,,BTO:0001278,Macroscopic observation (qualitative observation),interspecies interaction,26177389,Unaffected pathogenicity,,,
PHIG:8924,I1RMF2,,5518,Fusarium graminearum,229533,PH-1,strain,Rab7delta+Rab7 transformant(complement by re-introducing the wild-type allele at an ectopic locus) (transformant) [Ectopic],,,4565,Triticum aestivum,,Unknown strain,none,,PHIPO:0000365,,BTO:0001278,Macroscopic observation (qualitative observation),interspecies interaction,26177389,Unaffected pathogenicity,,,
PHIG:8934,I1RQ70,,5518,Fusarium graminearum,229533,PH-1,strain,Rab8delta+Rab8 transformant(complement by re-introducing the wild-type allele at an ectopic locus) (transformant) [Ectopic],,,4565,Triticum aestivum,,Unknown strain,none,,PHIPO:0000365,,BTO:0001278,Macroscopic observation (qualitative observation),interspecies interaction,26177389,Unaffected pathogenicity,,,
PHIG:4577,I1RBK6,,5518,Fusarium graminearum,229533,PH-1,strain,Spa2delta+Spa2 transformant(complement by re-introducing the wild-type allele at an ectopic locus) (transformant) [Ectopic],,,4565,Triticum aestivum,,Unknown strain,none,,PHIPO:0000365,,BTO:0001278,Macroscopic observation (qualitative observation),interspecies interaction,26177389,Unaffected pathogenicity,,,
PHIG:252,Q8X1A2,,,Fusarium graminearum,,PH-1,species,pmk1delta (deletion),,,4565,Triticum aestivum,,cv. Bobwhite,none,,PHIPO:0000481,,BTO:0000628,Macroscopic observation (qualitative observation),interspecies interaction,18179606,Loss of pathogenicity,,,
PHIG:252,Q8X1A2,,,Fusarium graminearum,,PH-1,species,pmk1delta (deletion),,,4565,Triticum aestivum,,cv. Bobwhite,none,,PHIPO:0001160,,BTO:0000628,Macroscopic observation (qualitative observation),interspecies interaction,18179606,Loss of pathogenicity,,,
PHIG:253,Q00909,,5518,Fusarium graminearum,229533,PH-1,strain,TRI5delta (deletion),,,4565,Triticum aestivum,,cv. Bobwhite,none,,PHIPO:0000985,,BTO:0000628,Macroscopic observation (qualitative observation),interspecies interaction,18179606,Reduced virulence,,,
PHIG:253,Q00909,,5518,Fusarium graminearum,229533,PH-1,strain,TRI5delta (deletion),,,4565,Triticum aestivum,,cv. Bobwhite,none,,PHIPO:0001166,,BTO:0000628,Macroscopic observation (qualitative observation),interspecies interaction,18179606,Reduced virulence,,,
PHIG:253,Q00909,,5518,Fusarium graminearum,229533,PH-1,strain,TRI5delta (deletion),,,4565,Triticum aestivum,,cv. Bobwhite,none,,PHIPO:0001160,,BTO:0000628,Macroscopic observation (qualitative observation),interspecies interaction,18179606,Reduced virulence,,,
PHIG:253,Q00909,,5518,Fusarium graminearum,229533,PH-1,strain,TRI5delta (deletion),,,4565,Triticum aestivum,,cv. Bobwhite,none,,PHIPO:0001161,,BTO:0000628,Microscopy,interspecies interaction,18179606,,,,
PHIG:252,Q8X1A2,,,Fusarium graminearum,,PH-1,species,pmk1delta (deletion),,,4565,Triticum aestivum,,cv. Bobwhite,none,,PHIPO:0001161,,BTO:0000628,Microscopy,interspecies interaction,18179606,,,,
PHIG:253,Q00909,,5518,Fusarium graminearum,229533,PH-1,strain,TRI5delta (deletion),,,4565,Triticum aestivum,,cv. Bobwhite,none,,PHIPO:0000234,,BTO:0000628,Substance quantification evidence,interspecies interaction,18179606,,,,
PHIG:252,Q8X1A2,,,Fusarium graminearum,,PH-1,species,pmk1delta (deletion),,,4565,Triticum aestivum,,cv. Bobwhite,none,,PHIPO:0000219,,BTO:0000628,Substance quantification evidence,interspecies interaction,18179606,,,,
PHIG:253,Q00909,,5518,Fusarium graminearum,229533,PH-1,strain,TRI5delta (deletion),,,3702,Arabidopsis thaliana,,ecotype Landsberg erecta,none,,PHIPO:0000234,,BTO:0000628,Substance quantification evidence,interspecies interaction,18179606,,,,
PHIG:252,Q8X1A2,,,Fusarium graminearum,,PH-1,species,pmk1delta (deletion),,,3702,Arabidopsis thaliana,,ecotype Landsberg erecta,none,,PHIPO:0000219,,BTO:0000628,Substance quantification evidence,interspecies interaction,18179606,,,,
PHIG:252,Q8X1A2,,,Fusarium graminearum,,PH-1,species,pmk1delta (deletion),,,3702,Arabidopsis thaliana,,ecotype Landsberg erecta,none,,PHIPO:0000481,,BTO:0000628,Macroscopic observation (quantitative observation),interspecies interaction,18179606,Loss of pathogenicity,,,
PHIG:253,Q00909,,5518,Fusarium graminearum,229533,PH-1,strain,TRI5delta (deletion),,,3702,Arabidopsis thaliana,,ecotype Landsberg erecta,none,,PHIPO:0000480,,BTO:0000628,Macroscopic observation (quantitative observation),interspecies interaction,18179606,Unaffected pathogenicity,,,
PHIG:252,Q8X1A2,,,Fusarium graminearum,,PH-1,species,pmk1delta (deletion),,,3702,Arabidopsis thaliana,,ecotype Landsberg erecta,none,,PHIPO:0000985,,BTO:0001095,Macroscopic observation (quantitative observation),interspecies interaction,18179606,Reduced virulence,,,
PHIG:253,Q00909,,5518,Fusarium graminearum,229533,PH-1,strain,TRI5delta (deletion),,,3702,Arabidopsis thaliana,,ecotype Landsberg erecta,none,,PHIPO:0000480,,BTO:0001095,Macroscopic observation (quantitative observation),interspecies interaction,18179606,Unaffected pathogenicity,,,
PHIG:252,Q8X1A2,,,Fusarium graminearum,,PH-1,species,pmk1+ (wild type) [Wild type product level],,,4565,Triticum aestivum,,cv. Bobwhite,none,,PHIPO:0000480,,BTO:0000628,Macroscopic observation (qualitative observation),interspecies interaction,18179606,,,,
PHIG:252,Q8X1A2,,,Fusarium graminearum,,PH-1,species,pmk1+ (wild type) [Wild type product level],,,4565,Triticum aestivum,,cv. Bobwhite,none,,,PHIDO:0000162,BTO:0000628,,interspecies interaction,18179606,,,,
PHIG:253,Q00909,,5518,Fusarium graminearum,229533,PH-1,strain,TRI5+ (wild type) [Wild type product level],,,4565,Triticum aestivum,,cv. Bobwhite,none,,,PHIDO:0000162,BTO:0000628,,interspecies interaction,18179606,,,,
PHIG:253,Q00909,,5518,Fusarium graminearum,229533,PH-1,strain,TRI5+ (wild type) [Wild type product level],,,4565,Triticum aestivum,,cv. Bobwhite,none,,PHIPO:0000480,,BTO:0000628,Macroscopic observation (qualitative observation),interspecies interaction,18179606,,,,
PHIG:252,Q8X1A2,,,Fusarium graminearum,,PH-1,species,pmk1+ (wild type) [Wild type product level],,,4565,Triticum aestivum,,cv. Bobwhite,none,,PHIPO:0001229,,BTO:0000628,Macroscopic observation (qualitative observation),interspecies interaction,18179606,,,,
PHIG:253,Q00909,,5518,Fusarium graminearum,229533,PH-1,strain,TRI5+ (wild type) [Wild type product level],,,4565,Triticum aestivum,,cv. Bobwhite,none,,PHIPO:0001229,,BTO:0000628,Macroscopic observation (qualitative observation),interspecies interaction,18179606,,,,
PHIG:253,Q00909,,5518,Fusarium graminearum,229533,PH-1,strain,TRI5+ (wild type) [Wild type product level],,,4565,Triticum aestivum,,cv. Bobwhite,none,,PHIPO:0001230,,BTO:0000628,Microscopy,interspecies interaction,18179606,,,,
PHIG:252,Q8X1A2,,,Fusarium graminearum,,PH-1,species,pmk1+ (wild type) [Wild type product level],,,4565,Triticum aestivum,,cv. Bobwhite,none,,PHIPO:0001230,,BTO:0000628,Microscopy,interspecies interaction,18179606,,,,
PHIG:253,Q00909,,5518,Fusarium graminearum,229533,PH-1,strain,TRI5+ (wild type) [Wild type product level],,,4565,Triticum aestivum,,cv. Bobwhite,none,,PHIPO:0000233,,BTO:0000628,Substance quantification evidence,interspecies interaction,18179606,,,,
PHIG:252,Q8X1A2,,,Fusarium graminearum,,PH-1,species,pmk1+ (wild type) [Wild type product level],,,4565,Triticum aestivum,,cv. Bobwhite,none,,PHIPO:0000233,,BTO:0000628,Substance quantification evidence,interspecies interaction,18179606,,,,
PHIG:253,Q00909,,5518,Fusarium graminearum,229533,PH-1,strain,TRI5+ (wild type) [Wild type product level],,,3702,Arabidopsis thaliana,,ecotype Landsberg erecta,none,,PHIPO:0000233,,BTO:0000628,Substance quantification evidence,interspecies interaction,18179606,,,,
PHIG:252,Q8X1A2,,,Fusarium graminearum,,PH-1,species,pmk1+ (wild type) [Wild type product level],,,3702,Arabidopsis thaliana,,ecotype Landsberg erecta,none,,PHIPO:0000233,,BTO:0000628,Substance quantification evidence,interspecies interaction,18179606,,,,
PHIG:252,Q8X1A2,,,Fusarium graminearum,,PH-1,species,pmk1+ (wild type) [Wild type product level],,,3702,Arabidopsis thaliana,,ecotype Landsberg erecta,none,,PHIPO:0000480,,BTO:0000628,Macroscopic observation (quantitative observation),interspecies interaction,18179606,,,,
PHIG:253,Q00909,,5518,Fusarium graminearum,229533,PH-1,strain,TRI5+ (wild type) [Wild type product level],,,3702,Arabidopsis thaliana,,ecotype Landsberg erecta,none,,PHIPO:0000480,,BTO:0000628,Macroscopic observation (quantitative observation),interspecies interaction,18179606,,,,
PHIG:252,Q8X1A2,,,Fusarium graminearum,,PH-1,species,pmk1+ (wild type) [Wild type product level],,,3702,Arabidopsis thaliana,,ecotype Landsberg erecta,none,,PHIPO:0000480,,BTO:0001095,Macroscopic observation (quantitative observation),interspecies interaction,18179606,,,,
PHIG:253,Q00909,,5518,Fusarium graminearum,229533,PH-1,strain,TRI5+ (wild type) [Wild type product level],,,3702,Arabidopsis thaliana,,ecotype Landsberg erecta,none,,PHIPO:0000480,,BTO:0001095,Macroscopic observation (quantitative observation),interspecies interaction,18179606,,,,
PHIG:9172,D0N607,,4787,Phytophthora infestans,403677,T30-4,strain,Pi05910+ (wild type) [Wild type product level],,,4113,Solanum tuberosum,,cv. Longshu 12,none,,,PHIDO:0000206,,,interspecies interaction,39487604,,,,
PHIG:9172,D0N607,,4787,Phytophthora infestans,403677,T30-4,strain,Pi05910-GFP transformant(GFP tag added) (transformant) [Ectopic],,,4113,Solanum tuberosum,,cv. Longshu 12,none,,PHIPO:0000477,,BTO:0000713,Macroscopic observation (qualitative observation),interspecies interaction,39487604,,,,
,,,4787,Phytophthora infestans,,T30-4,none,,M1CN80,,4113,Solanum tuberosum,,Atlantic,species,Gox4+ (wild type) [Wild type product level],PHIPO:0000954,,BTO:0000713,Macroscopic observation (quantitative observation),interspecies interaction,39487604,,,,
,,,4787,Phytophthora infestans,,T30-4,none,,M1CN80,,4113,Solanum tuberosum,,Atlantic,species,Gox4 transformant(overexpression) (transformant) [Ectopic],PHIPO:0000365,,BTO:0000713,Macroscopic observation (quantitative observation),interspecies interaction,39487604,,,,
,,,4787,Phytophthora infestans,,T30-4,none,,M1CN80,,4113,Solanum tuberosum,,Atlantic,species,Gox4+ (wild type) [Wild type product level],PHIPO:0000927,,BTO:0000713,Macroscopic observation (qualitative observation),interspecies interaction,39487604,,,,
,,,4787,Phytophthora infestans,,T30-4,none,,M1CN80,,4113,Solanum tuberosum,,Atlantic,species,Gox4 transformant(overexpression) (transformant) [Ectopic],PHIPO:0001193,,BTO:0000713,Macroscopic observation (qualitative observation),interspecies interaction,39487604,,,,
,,,4787,Phytophthora infestans,,T30-4,none,,M1CN80,,4113,Solanum tuberosum,,Atlantic,species,Gox4(Y25A) (amino acid mutation) [Overexpression],PHIPO:0000954,,BTO:0000713,Macroscopic observation (quantitative observation),interspecies interaction,39487604,,,,
PHIG:9172,D0N607,,4787,Phytophthora infestans,403677,,strain,,M1CN80,,4113,Solanum tuberosum,,,species,,,,,Two-hybrid,protein-protein interaction,39487604,,,,
PHIG:9172,D0N607,,4787,Phytophthora infestans,403677,,strain,,M1CN80,,4113,Solanum tuberosum,,,species,,,,,PCA,protein-protein interaction,39487604,,,,
PHIG:9172,D0N607,,4787,Phytophthora infestans,403677,,strain,,M1CN80,,4113,Solanum tuberosum,,,species,,,,,Co-purification,protein-protein interaction,39487604,,,,
PHIG:10445,G4MMY9,,318829,Magnaporthe oryzae,242507,Guy11,strain,RPL12(RNAi) (disruption) [Knockdown],,,4530,Oryza sativa,,cv. CO-39,none,,PHIPO:0000365,,BTO:0000713,Macroscopic observation (qualitative observation),interspecies interaction,39352788,Reduced virulence,,,
PHIG:10445,G4MMY9,,318829,Magnaporthe oryzae,242507,Guy11,strain,Rpl12+ (wild type) [Wild type product level],,,4530,Oryza sativa,,cv. CO-39,none,,PHIPO:0000951,,BTO:0000713,Macroscopic observation (qualitative observation),interspecies interaction,39352788,,,,
PHIG:10445,G4MMY9,,318829,Magnaporthe oryzae,242507,Guy11,strain,Rpl12+ (wild type) [Wild type product level],,,4530,Oryza sativa,,cv. CO-39,none,,,PHIDO:0000315,,,interspecies interaction,39352788,,,,
PHIG:10445,G4MMY9,,318829,Magnaporthe oryzae,242507,,strain,,Q6NDD2,,1076,Rhodopseudomonas palustris (strain ATCC BAA-98 / CGA009),258594,,strain,,,,,Two-hybrid,protein-protein interaction,39352788,,,,
PHIG:10445,G4MMY9,,318829,Magnaporthe oryzae,242507,,strain,,Q6NDD2,,1076,Rhodopseudomonas palustris (strain ATCC BAA-98 / CGA009),258594,,strain,,,,,Affinity Capture-Western,protein-protein interaction,39352788,,,,
PHIG:10403,A0A8H4CTG3,,474922,Colletotrichum gloeosporioides,,GL1,species,Cg043+ (wild type) [Wild type product level],,,2711,Citrus sinensis,,Newhall,none,,PHIPO:0000954,,BTO:0000713,Macroscopic observation (qualitative observation),interspecies interaction,40251727,,,,
PHIG:10403,A0A8H4CTG3,,474922,Colletotrichum gloeosporioides,,GL1,species,Cg043delta-Cg043 transformant(complement by re-introducing the wild-type allele at an ectopic locus) (transformant) [Ectopic],,,2711,Citrus sinensis,,Newhall,none,,PHIPO:0000954,,BTO:0000713,Macroscopic observation (qualitative observation),interspecies interaction,40251727,Unaffected pathogenicity,,,
PHIG:10403,A0A8H4CTG3,,474922,Colletotrichum gloeosporioides,,GL1,species,Cg043+ (wild type) [Wild type product level],,,2711,Citrus sinensis,,Newhall,none,,,PHIDO:0000157,,,interspecies interaction,40251727,,,,
PHIG:10403,A0A8H4CTG3,,474922,Colletotrichum gloeosporioides,,GL1,species,Cg043delta (deletion),,,2711,Citrus sinensis,,Newhall,none,,PHIPO:0000365,,BTO:0000713,Macroscopic observation (qualitative observation),interspecies interaction,40251727,Reduced virulence,,,
PHIG:11381,N4V7L8,,5465,Colletotrichum orbiculare,1213857,104-T,strain,Pex8delta (deletion),,,3659,Cucumis sativus,,Unknown strain,none,,PHIPO:0000365,,BTO:0000713,Macroscopic observation (qualitative observation),interspecies interaction,42042343,Reduced virulence,,,
PHIG:11381,N4V7L8,,5465,Colletotrichum orbiculare,1213857,104-T,strain,Pex8+ (wild type) [Wild type product level],,,3659,Cucumis sativus,,Unknown strain,none,,PHIPO:0000954,,BTO:0000713,Macroscopic observation (qualitative observation),interspecies interaction,42042343,,,,
PHIG:11381,N4V7L8,,5465,Colletotrichum orbiculare,1213857,104-T,strain,Pex8delta-Pex8 transformant(complement by re-introducing the wild-type allele at an ectopic locus) (transformant) [Ectopic],,,3659,Cucumis sativus,,Unknown strain,none,,PHIPO:0000954,,BTO:0000713,Macroscopic observation (qualitative observation),interspecies interaction,42042343,Unaffected pathogenicity,,,
PHIG:11381,N4V7L8,,5465,Colletotrichum orbiculare,1213857,104-T,strain,Pex8+ (wild type) [Wild type product level],,,3659,Cucumis sativus,,Unknown strain,none,,,PHIDO:0000013,,,interspecies interaction,42042343,,,,
PHIG:10356,K3V019,,101028,Fusarium pseudograminearum,1028729,WZ‐8A,strain,FpCDP1+ (wild type) [Ectopic],,,4100,Nicotiana benthamiana,,Unknown strain,none,,PHIPO:0000477,,BTO:0000713,Macroscopic observation (qualitative observation),interspecies interaction,40230318,,,,
PHIG:10356,K3V019,,101028,Fusarium pseudograminearum,1028729,WZ‐8A,strain,FpCDP1(nsp)(1-18 (signal peptide deleted)) (partial amino acid deletion) [Ectopic],,,4100,Nicotiana benthamiana,,Unknown strain,none,,PHIPO:0000465,,BTO:0000713,Macroscopic observation (qualitative observation),interspecies interaction,40230318,,,,
PHIG:10356,K3V019,,101028,Fusarium pseudograminearum,1028729,WZ‐8A,strain,FpCDP1+ (wild type) [Ectopic],,,4100,Nicotiana benthamiana,,Unknown strain,none,,PHIPO:0001156,,BTO:0000713,Macroscopic observation (qualitative observation),interspecies interaction,40230318,,,,
PHIG:10356,K3V019,,101028,Fusarium pseudograminearum,1028729,WZ‐8A,strain,FpCDP1(nsp)(1-18 (signal peptide deleted)) (partial amino acid deletion) [Ectopic],,,4100,Nicotiana benthamiana,,Unknown strain,none,,PHIPO:0001155,,BTO:0000713,Macroscopic observation (qualitative observation),interspecies interaction,40230318,,,,
PHIG:10356,K3V019,,101028,Fusarium pseudograminearum,1028729,WZ‐8A,strain,FpCDP1+ (wild type) [Wild type product level],,,4565,Triticum aestivum,,Unknown strain,none,,PHIPO:0000954,,BTO:0000268,Macroscopic observation (quantitative observation),interspecies interaction,40230318,,,,
PHIG:10356,K3V019,,101028,Fusarium pseudograminearum,1028729,WZ‐8A,strain,FpCDP1delta (deletion),,,4565,Triticum aestivum,,Unknown strain,none,,PHIPO:0000365,,BTO:0000268,Macroscopic observation (quantitative observation),interspecies interaction,40230318,Reduced virulence,,,
PHIG:10356,K3V019,,101028,Fusarium pseudograminearum,1028729,WZ‐8A,strain,FpCDP1delta-FpCDP1 transformant(complement by re-introducing the wild-type allele at an ectopic locus) (transformant) [Ectopic],,,4565,Triticum aestivum,,Unknown strain,none,,PHIPO:0000954,,BTO:0000268,Macroscopic observation (quantitative observation),interspecies interaction,40230318,Unaffected pathogenicity,,,
PHIG:10356,K3V019,,101028,Fusarium pseudograminearum,1028729,WZ‐8A,strain,FpCDP1 (M1)(105-200) (partial amino acid deletion) [Ectopic],,,4100,Nicotiana benthamiana,,Unknown strain,none,,PHIPO:0000465,,BTO:0000713,Macroscopic observation (qualitative observation),interspecies interaction,40230318,,,,
PHIG:10356,K3V019,,101028,Fusarium pseudograminearum,1028729,WZ‐8A,strain,FpCDP1 (M7)(19-104) (partial amino acid deletion) [Ectopic],,,4100,Nicotiana benthamiana,,Unknown strain,none,,PHIPO:0000477,,BTO:0000713,Macroscopic observation (qualitative observation),interspecies interaction,40230318,,,,
PHIG:10356,K3V019,,101028,Fusarium pseudograminearum,1028729,WZ‐8A,strain,FpCDP1 (M9)(19-164) (partial amino acid deletion) [Ectopic],,,4100,Nicotiana benthamiana,,Unknown strain,none,,PHIPO:0000477,,BTO:0000713,Macroscopic observation (qualitative observation),interspecies interaction,40230318,,,,
PHIG:10356,K3V019,,101028,Fusarium pseudograminearum,1028729,WZ‐8A,strain,FpCDP1 (M11)(19-174) (partial amino acid deletion) [Ectopic],,,4100,Nicotiana benthamiana,,Unknown strain,none,,PHIPO:0000477,,BTO:0000713,Macroscopic observation (qualitative observation),interspecies interaction,40230318,,,,
PHIG:10356,K3V019,,101028,Fusarium pseudograminearum,1028729,WZ‐8A,strain,FpCDP1 (M17)(19-179) (partial amino acid deletion) [Ectopic],,,4100,Nicotiana benthamiana,,Unknown strain,none,,PHIPO:0000477,,BTO:0000713,Macroscopic observation (qualitative observation),interspecies interaction,40230318,,,,
PHIG:9761,I1RAG4,,5518,Fusarium graminearum,229533,PH-1,strain,FgCDP1+ (wild type) [Ectopic],,,4100,Nicotiana benthamiana,,Unknown strain,none,,PHIPO:0000477,,BTO:0000713,Macroscopic observation (qualitative observation),interspecies interaction,40230318,,,,
PHIG:10353,W9L2Q2,,,Fusarium oxysporum,,Fo47,species,FolCDP1+ (wild type) [Ectopic],,,4100,Nicotiana benthamiana,,Unknown strain,none,,PHIPO:0000477,,BTO:0000713,Macroscopic observation (qualitative observation),interspecies interaction,40230318,,,,
PHIG:10356,K3V019,,101028,Fusarium pseudograminearum,1028729,WZ‐8A,strain,FpCDP1 (M8)(19-111) (partial amino acid deletion) [Ectopic],,,4100,Nicotiana benthamiana,,Unknown strain,none,,PHIPO:0000477,,BTO:0000713,Macroscopic observation (qualitative observation),interspecies interaction,40230318,,,,
PHIG:10441,A0A1L7V3D6,,948311,Fusarium proliferatum (strain ET1),1227346,Fp9,strain,VeA+ (wild type) [Wild type product level],,,4530,Oryza sativa,,Unknown strain,none,,PHIPO:0000951,,BTO:0002119,Macroscopic observation (quantitative observation),interspecies interaction,41227638,,,,
PHIG:10441,A0A1L7V3D6,,948311,Fusarium proliferatum (strain ET1),1227346,Fp9,strain,VeAdelta (deletion),,,4530,Oryza sativa,,Unknown strain,none,,PHIPO:0000365,,BTO:0002119,Macroscopic observation (quantitative observation),interspecies interaction,41227638,Reduced virulence,,,
PHIG:10440,A0A1L7V339,,948311,Fusarium proliferatum (strain ET1),1227346,Fp9,strain,VeBdelta (deletion),,,4530,Oryza sativa,,Unknown strain,none,,PHIPO:0000365,,BTO:0002119,Macroscopic observation (quantitative observation),interspecies interaction,41227638,Reduced virulence,,,
PHIG:10441,A0A1L7V3D6,,948311,Fusarium proliferatum (strain ET1),1227346,Fp9,strain,VeAdelta-VeA transformant(complement by re-introducing the wild-type allele at an ectopic locus) (transformant) [Ectopic],,,4530,Oryza sativa,,Unknown strain,none,,PHIPO:0000951,,BTO:0002119,Macroscopic observation (quantitative observation),interspecies interaction,41227638,Unaffected pathogenicity,,,
PHIG:10440,A0A1L7V339,,948311,Fusarium proliferatum (strain ET1),1227346,Fp9,strain,VeBdelta-VeB transformant(complement by re-introducing the wild-type allele at an ectopic locus) (transformant) [Ectopic],,,4530,Oryza sativa,,Unknown strain,none,,PHIPO:0000951,,BTO:0002119,Macroscopic observation (quantitative observation),interspecies interaction,41227638,Unaffected pathogenicity,,,
PHIG:10441,A0A1L7V3D6,,948311,Fusarium proliferatum (strain ET1),1227346,Fp9,strain,VeA+ (wild type) [Wild type product level],,,4530,Oryza sativa,,Unknown strain,none,,,PHIDO:0000474,,,interspecies interaction,41227638,,,,
PHIG:9047,G4MMD3,,318829,Magnaporthe oryzae,242507,KJ201,strain,MobZIP03+ (wild type) [Wild type product level],,,4565,Triticum aestivum,,Nakdongbyeo,none,,,PHIDO:0000315,,,interspecies interaction,25314920,,,,
PHIG:10447,G4MNY4,,318829,Magnaporthe oryzae,242507,KJ201,strain,MobZIP22delta (deletion),,,4565,Triticum aestivum,,Nakdongbyeo,none,,PHIPO:0000363,,BTO:0000713,Macroscopic observation (qualitative observation),interspecies interaction,25314920,Loss of pathogenicity,,,
PHIG:10455,G4N4C2,,318829,Magnaporthe oryzae,242507,KJ201,strain,MobZIP13delta (deletion),,,4565,Triticum aestivum,,Nakdongbyeo,none,,PHIPO:0000365,,BTO:0000713,Macroscopic observation (qualitative observation),interspecies interaction,25314920,Reduced virulence,,,
PHIG:10454,G4N3U2,,318829,Magnaporthe oryzae,242507,KJ201,strain,MobZIP11delta (deletion),,,4565,Triticum aestivum,,Nakdongbyeo,none,,PHIPO:0000365,,BTO:0000713,Macroscopic observation (qualitative observation),interspecies interaction,25314920,Reduced virulence,,,
PHIG:10447,G4MNY4,,318829,Magnaporthe oryzae,242507,KJ201,strain,MobZIP22delta+MobZIP22 transformant(complement by re-introducing the wild-type allele at an ectopic locus) (transformant) [Ectopic],,,4565,Triticum aestivum,,Nakdongbyeo,none,,PHIPO:0000951,,BTO:0000713,Macroscopic observation (qualitative observation),interspecies interaction,25314920,Unaffected pathogenicity,,,
PHIG:10455,G4N4C2,,318829,Magnaporthe oryzae,242507,KJ201,strain,MobZIP13delta+MobZIP13 transformant(complement by re-introducing the wild-type allele at an ectopic locus) (transformant) [Ectopic],,,4565,Triticum aestivum,,Nakdongbyeo,none,,PHIPO:0000951,,BTO:0000713,Macroscopic observation (qualitative observation),interspecies interaction,25314920,Unaffected pathogenicity,,,
PHIG:10454,G4N3U2,,318829,Magnaporthe oryzae,242507,KJ201,strain,MobZIP11delta+MobZIP11 transformant(complement by re-introducing the wild-type allele at an ectopic locus) (transformant) [Ectopic],,,4565,Triticum aestivum,,Nakdongbyeo,none,,PHIPO:0000951,,BTO:0000713,Macroscopic observation (qualitative observation),interspecies interaction,25314920,Unaffected pathogenicity,,,
PHIG:10447,G4MNY4,,318829,Magnaporthe oryzae,242507,KJ201,strain,MobZIP22delta (deletion),,,4565,Triticum aestivum,,Nakdongbyeo,none,,PHIPO:0000954,,BTO:0000713,Macroscopic observation (qualitative observation),interspecies interaction,25314920,Unaffected pathogenicity,,,
PHIG:10456,G4N5K0,,318829,Magnaporthe oryzae,242507,KJ201,strain,MobZIP14delta (deletion),,,4565,Triticum aestivum,,Nakdongbyeo,none,,PHIPO:0000365,,BTO:0000713,Macroscopic observation (qualitative observation),interspecies interaction,25314920,Reduced virulence,,,
PHIG:5854,G4N9G2,,318829,Magnaporthe oryzae,242507,KJ201,strain,MobZIP07delta (deletion),,,4565,Triticum aestivum,,Nakdongbyeo,none,,PHIPO:0000365,,BTO:0000713,Macroscopic observation (qualitative observation),interspecies interaction,25314920,Reduced virulence,,,
PHIG:5854,G4N9G2,,318829,Magnaporthe oryzae,242507,KJ201,strain,MobZIP07delta+MobZIP07 transformant(complement by re-introducing the wild-type allele at an ectopic locus) (transformant) [Ectopic],,,4565,Triticum aestivum,,Nakdongbyeo,none,,PHIPO:0000951,,BTO:0000713,Macroscopic observation (qualitative observation),interspecies interaction,25314920,Unaffected pathogenicity,,,
PHIG:10456,G4N5K0,,318829,Magnaporthe oryzae,242507,KJ201,strain,MobZIP14delta+MobZIP14 transformant(complement by re-introducing the wild-type allele at an ectopic locus) (transformant) [Ectopic],,,4565,Triticum aestivum,,Nakdongbyeo,none,,PHIPO:0000951,,BTO:0000713,Macroscopic observation (qualitative observation),interspecies interaction,25314920,Unaffected pathogenicity,,,
PHIG:9047,G4MMD3,,318829,Magnaporthe oryzae,242507,KJ201,strain,MobZIP03delta (deletion),,,4565,Triticum aestivum,,Nakdongbyeo,none,,PHIPO:0000951,,BTO:0000713,Macroscopic observation (qualitative observation),interspecies interaction,25314920,Unaffected pathogenicity,,,
PHIG:10444,G4MMF1,,318829,Magnaporthe oryzae,242507,KJ201,strain,MobZIP04delta (deletion),,,4565,Triticum aestivum,,Nakdongbyeo,none,,PHIPO:0000951,,BTO:0000713,Macroscopic observation (qualitative observation),interspecies interaction,25314920,Unaffected pathogenicity,,,
PHIG:10457,G4N5S1,,318829,Magnaporthe oryzae,242507,KJ201,strain,MobZIP12delta (deletion),,,4565,Triticum aestivum,,Nakdongbyeo,none,,PHIPO:0000951,,BTO:0000713,Macroscopic observation (qualitative observation),interspecies interaction,25314920,Unaffected pathogenicity,,,
PHIG:1914,G4N6V5,,318829,Magnaporthe oryzae,242507,KJ201,strain,MobZIP21delta (deletion),,,4565,Triticum aestivum,,Nakdongbyeo,none,,PHIPO:0000951,,BTO:0000713,Macroscopic observation (qualitative observation),interspecies interaction,25314920,Unaffected pathogenicity,,,
PHIG:10462,G4NGW4,,318829,Magnaporthe oryzae,242507,KJ201,strain,MobZIP08delta (deletion),,,4565,Triticum aestivum,,Nakdongbyeo,none,,PHIPO:0000951,,BTO:0000713,Macroscopic observation (qualitative observation),interspecies interaction,25314920,Unaffected pathogenicity,,,
PHIG:10465,G4NLI4,,318829,Magnaporthe oryzae,242507,KJ201,strain,MobZIP20delta (deletion),,,4565,Triticum aestivum,,Nakdongbyeo,none,,PHIPO:0000951,,BTO:0000713,Macroscopic observation (qualitative observation),interspecies interaction,25314920,Unaffected pathogenicity,,,
PHIG:10450,G4MUZ6,,318829,Magnaporthe oryzae,242507,KJ201,strain,MobZIP15delta (deletion),,,4565,Triticum aestivum,,Nakdongbyeo,none,,PHIPO:0000951,,BTO:0000713,Macroscopic observation (qualitative observation),interspecies interaction,25314920,Unaffected pathogenicity,,,
PHIG:10459,G4NB89,,318829,Magnaporthe oryzae,242507,KJ201,strain,MobZIP02delta (deletion),,,4565,Triticum aestivum,,Nakdongbyeo,none,,PHIPO:0000951,,BTO:0000713,Macroscopic observation (qualitative observation),interspecies interaction,25314920,Unaffected pathogenicity,,,
PHIG:10464,G4NJJ5,,318829,Magnaporthe oryzae,242507,KJ201,strain,MobZIP05delta (deletion),,,4565,Triticum aestivum,,Nakdongbyeo,none,,PHIPO:0000951,,BTO:0000713,Macroscopic observation (qualitative observation),interspecies interaction,25314920,Unaffected pathogenicity,,,
PHIG:10448,G4MS16,,318829,Magnaporthe oryzae,242507,KJ201,strain,MobZIP19delta (deletion),,,4565,Triticum aestivum,,Nakdongbyeo,none,,PHIPO:0000951,,BTO:0000713,Macroscopic observation (qualitative observation),interspecies interaction,25314920,Unaffected pathogenicity,,,
PHIG:10449,G4MTR7,,318829,Magnaporthe oryzae,242507,KJ201,strain,MobZIP10delta (deletion),,,4565,Triticum aestivum,,Nakdongbyeo,none,,PHIPO:0000951,,BTO:0000713,Macroscopic observation (qualitative observation),interspecies interaction,25314920,Unaffected pathogenicity,,,
PHIG:10467,G5EI02,,318829,Magnaporthe oryzae,242507,KJ201,strain,MobZIP18delta (deletion),,,4565,Triticum aestivum,,Nakdongbyeo,none,,PHIPO:0000951,,BTO:0000713,Macroscopic observation (qualitative observation),interspecies interaction,25314920,Unaffected pathogenicity,,,
PHIG:972,G4MZM4,,318829,Magnaporthe oryzae,242507,KJ201,strain,MobZIP17delta (deletion),,,4565,Triticum aestivum,,Nakdongbyeo,none,,PHIPO:0000951,,BTO:0000713,Macroscopic observation (qualitative observation),interspecies interaction,25314920,Unaffected pathogenicity,,,
PHIG:10461,G4NCR2,,318829,Magnaporthe oryzae,242507,KJ201,strain,MobZIP01delta (deletion),,,4565,Triticum aestivum,,Nakdongbyeo,none,,PHIPO:0000951,,BTO:0000713,Macroscopic observation (qualitative observation),interspecies interaction,25314920,Unaffected pathogenicity,,,
PHIG:10466,G4NLS5,,318829,Magnaporthe oryzae,242507,KJ201,strain,MobZIP06delta (deletion),,,4565,Triticum aestivum,,Nakdongbyeo,none,,PHIPO:0000951,,BTO:0000713,Macroscopic observation (qualitative observation),interspecies interaction,25314920,Unaffected pathogenicity,,,
PHIG:10453,G4N2F8,,318829,Magnaporthe oryzae,242507,KJ201,strain,MobZIP16delta (deletion),,,4565,Triticum aestivum,,Nakdongbyeo,none,,PHIPO:0000951,,BTO:0000713,Macroscopic observation (qualitative observation),interspecies interaction,25314920,Unaffected pathogenicity,,,
PHIG:10463,G4NIT5,,318829,Magnaporthe oryzae,242507,KJ201,strain,MobZIP09delta (deletion),,,4565,Triticum aestivum,,Nakdongbyeo,none,,PHIPO:0000951,,BTO:0000713,Macroscopic observation (qualitative observation),interspecies interaction,25314920,Unaffected pathogenicity,,,
PHIG:3590,F9XJ73,,1047171,Zymoseptoria tritici,336722,IPO323,strain,MgAtr7::Hyg cassette (disruption) [Not assayed],,,4565,Triticum aestivum,,cv. Obelisk,none,,PHIPO:0000480,,BTO:0003938,Macroscopic observation (quantitative observation),interspecies interaction,17379549,Unaffected pathogenicity,,,
PHIG:3590,F9XJ73,,1047171,Zymoseptoria tritici,336722,IPO323,strain,MgAtr7delta (deletion),,,4565,Triticum aestivum,,cv. Obelisk,none,,PHIPO:0000480,,BTO:0003938,Macroscopic observation (quantitative observation),interspecies interaction,17379549,Unaffected pathogenicity,,,
PHIG:3590,F9XJ73,,1047171,Zymoseptoria tritici,336722,IPO323,strain,MgAtr7+ (wild type) [Wild type product level],,,4565,Triticum aestivum,,cv. Obelisk,none,,PHIPO:0000480,,BTO:0003938,Macroscopic observation (quantitative observation),interspecies interaction,17379549,,,,
PHIG:4817,O94100,,40559,Botrytis cinerea,,T4,species,PG1+ (wild type) [Wild type product level],,,29760,Vitis vinifera,,cv. Gamay,none,,PHIPO:0001193,,,Substance quantification evidence,interspecies interaction,12795381,,,,
PHIG:4817,O94100,,40559,Botrytis cinerea,,T4,species,PG1+ (wild type) [Wild type product level],,,29760,Vitis vinifera,,cv. Gamay,none,,GO:0141071,,,Substance quantification evidence,interspecies interaction,12795381,,,,
PHIG:4817,O94100,,40559,Botrytis cinerea,,T4,species,PG1+ (wild type) [Wild type product level],,,29760,Vitis vinifera,,cv. Gamay,none,,,PHIDO:0000178,,,interspecies interaction,12795381,,,,
PHIG:8901,I1RCN2,,5518,Fusarium graminearum,229533,PH-1,strain,Hdf1+ (wild type) [Wild type product level],,,4565,Triticum aestivum,,cv. Norm,none,,,PHIDO:0000163,,,interspecies interaction,21138346,,,,
PHIG:8901,I1RCN2,,5518,Fusarium graminearum,229533,PH-1,strain,Hdf1delta (deletion),,,4565,Triticum aestivum,,cv. Norm,none,,PHIPO:0000365,,BTO:0001278,Macroscopic observation (qualitative observation),interspecies interaction,21138346,Reduced virulence,,,
PHIG:8901,I1RCN2,,5518,Fusarium graminearum,229533,PH-1,strain,Hdf1delta-Hdf1 transformant(complement by re-introducing the wild-type allele at an ectopic locus) (transformant) [Ectopic],,,4565,Triticum aestivum,,cv. Norm,none,,PHIPO:0000951,,BTO:0001278,Macroscopic observation (qualitative observation),interspecies interaction,21138346,Unaffected pathogenicity,,,
PHIG:8901,I1RCN2,,5518,Fusarium graminearum,229533,PH-1,strain,Hdf1delta (deletion),,,4577,Zea mays,,Unknown strain,none,,PHIPO:0000365,,BTO:0000713,Macroscopic observation (qualitative observation),interspecies interaction,21138346,Reduced virulence,,,
PHIG:8901,I1RCN2,,5518,Fusarium graminearum,229533,PH-1,strain,Hdf1delta-Hdf1 transformant(complement by re-introducing the wild-type allele at an ectopic locus) (transformant) [Ectopic],,,4577,Zea mays,,Unknown strain,none,,PHIPO:0000951,,BTO:0000713,Macroscopic observation (qualitative observation),interspecies interaction,21138346,Unaffected pathogenicity,,,
PHIG:8918,I1RKC4,,,Fusarium graminearum,,PH-1,species,Hdf2delta (deletion),,,4565,Triticum aestivum,,cv. Norm,none,,PHIPO:0000365,,BTO:0001278,Macroscopic observation (qualitative observation),interspecies interaction,21138346,Reduced virulence,,,
PHIG:8931,I1RNQ2,,,Fusarium graminearum,,PH-1,species,Hdf3delta (deletion),,,4565,Triticum aestivum,,cv. Norm,none,,PHIPO:0000951,,BTO:0001278,Macroscopic observation (qualitative observation),interspecies interaction,21138346,Unaffected pathogenicity,,,
PHIG:8901,I1RCN2,,5518,Fusarium graminearum,229533,PH-1,strain,Hdf1delta (deletion),,,4565,Triticum aestivum,,cv. Norm,none,,PHIPO:0000219,,BTO:0001278,Substance quantification evidence,interspecies interaction,21138346,,,,
PHIG:8901,I1RCN2,,5518,Fusarium graminearum,229533,,strain,,A0A1C3YHH5,,5518,Fusarium graminearum,229533,,strain,,,,,Two-hybrid,protein-protein interaction,21138346,,,,
PHIG:10429,I1RPK0,,5518,Fusarium graminearum,229533,PH-1,strain,Ndpkdelta (deletion),,,4565,Triticum aestivum,,no strain,none,,PHIPO:0000365,,BTO:0002119,Macroscopic observation (qualitative observation),interspecies interaction,38642053,Reduced virulence,,,
PHIG:10429,I1RPK0,,5518,Fusarium graminearum,229533,PH-1,strain,Ndpkdelta-Ndpk  transformant(complement by re-introducing the wild-type allele at an ectopic locus) (transformant) [Ectopic],,,4565,Triticum aestivum,,no strain,none,,PHIPO:0000951,,BTO:0002119,Macroscopic observation (qualitative observation),interspecies interaction,38642053,Unaffected pathogenicity,,,
PHIG:10429,I1RPK0,,5518,Fusarium graminearum,229533,PH-1,strain,Ndpk + (wild type) [Wild type product level],,,4565,Triticum aestivum,,no strain,none,,PHIPO:0000951,,BTO:0002119,Macroscopic observation (qualitative observation),interspecies interaction,38642053,,,,
PHIG:10429,I1RPK0,,5518,Fusarium graminearum,229533,PH-1,strain,Ndpk + (wild type) [Wild type product level],,,4565,Triticum aestivum,,no strain,none,,,PHIDO:0000162,,,interspecies interaction,38642053,,,,
PHIG:10429,I1RPK0,,5518,Fusarium graminearum,229533,PH-1,strain,Ndpkdelta (deletion),,,4565,Triticum aestivum,,no strain,none,,PHIPO:0000365,,BTO:0000268,Macroscopic observation (qualitative observation),interspecies interaction,38642053,Reduced virulence,,,
PHIG:10429,I1RPK0,,5518,Fusarium graminearum,229533,PH-1,strain,Ndpkdelta-Ndpk  transformant(complement by re-introducing the wild-type allele at an ectopic locus) (transformant) [Ectopic],,,4565,Triticum aestivum,,no strain,none,,PHIPO:0000951,,BTO:0000268,Macroscopic observation (qualitative observation),interspecies interaction,38642053,Unaffected pathogenicity,,,
PHIG:10429,I1RPK0,,5518,Fusarium graminearum,229533,PH-1,strain,Ndpk + (wild type) [Wild type product level],,,4565,Triticum aestivum,,no strain,none,,PHIPO:0000951,,BTO:0000268,Macroscopic observation (qualitative observation),interspecies interaction,38642053,,,,
PHIG:11330,A0A5J6DDN9,,27350,Puccinia striiformis,168172,CYR23,strain,Pst18363+ (wild type) [Wild type product level],,,4565,Triticum aestivum,,cv. Suwon 11,none,,PHIPO:0000954,,BTO:0000713,Macroscopic observation (quantitative observation),interspecies interaction,31529497,,,,
PHIG:11330,A0A5J6DDN9,,27350,Puccinia striiformis,168172,CYR23,strain,Pst18363(BSMV-induced gene silencing) (disruption) [Knockdown],,,4565,Triticum aestivum,,cv. Suwon 11,none,,PHIPO:0000365,,BTO:0000713,Macroscopic observation (quantitative observation),interspecies interaction,31529497,Reduced virulence,,,
PHIG:11330,A0A5J6DDN9,,27350,Puccinia striiformis,168172,,strain,,A0A3B6LSA5,,4565,Triticum aestivum,,,species,,,,,Two-hybrid,protein-protein interaction,31529497,,,,
PHIG:11330,A0A5J6DDN9,,27350,Puccinia striiformis,168172,,strain,,A0A3B6LSA5,,4565,Triticum aestivum,,,species,,,,,PCA,protein-protein interaction,31529497,,,,
PHIG:11330,A0A5J6DDN9,,27350,Puccinia striiformis,168172,,strain,,A0A3B6LSA5,,4565,Triticum aestivum,,,species,,,,,Affinity Capture-Western,protein-protein interaction,31529497,,,,
PHIG:11330,A0A5J6DDN9,,27350,Puccinia striiformis,168172,,strain,,A0A3B6LSA5,,4565,Triticum aestivum,,,species,,,,,Co-purification,protein-protein interaction,31529497,,,,
,,,27350,Puccinia striiformis,,CYR31,none,,A0A3B6LSA5,,4565,Triticum aestivum,,cv. Suwon 11,species,Nudx23+ (wild type) [Wild type product level],PHIPO:0000954,,BTO:0000713,Macroscopic observation (quantitative observation),interspecies interaction,31529497,,,,
,,,27350,Puccinia striiformis,,CYR31,none,,A0A3B6LSA5,,4565,Triticum aestivum,,cv. Suwon 11,species,Nudx23(BSMV-induced gene silencing) (disruption) [Knockdown],PHIPO:0000365,,BTO:0000713,Macroscopic observation (quantitative observation),interspecies interaction,31529497,,,,
PHIG:11330,A0A5J6DDN9,,27350,Puccinia striiformis,168172,CYR23,strain,Pst18363+ (wild type) [Wild type product level],,,4565,Triticum aestivum,,cv. Suwon 11,none,,,PHIDO:0000490,,,interspecies interaction,31529497,,,,
PHIG:10864,W7MHT5,,117187,Fusarium verticillioides,334819,7600,strain,Con7delta (deletion),,,4577,Zea mays,,cv. B73,none,,PHIPO:0000365,,BTO:0000266,Macroscopic observation (qualitative observation),interspecies interaction,40941890,Reduced virulence,,,
PHIG:10864,W7MHT5,,117187,Fusarium verticillioides,334819,7600,strain,Con7delta (deletion),,,4577,Zea mays,,cv. B73,none,,PHIPO:0000365,,BTO:0003938,Macroscopic observation (qualitative observation),interspecies interaction,40941890,Loss of pathogenicity,,,
PHIG:10864,W7MHT5,,117187,Fusarium verticillioides,334819,7600,strain,Con7+ (wild type) [Wild type product level],,,4577,Zea mays,,cv. B73,none,,PHIPO:0000951,,BTO:0000266,Macroscopic observation (qualitative observation),interspecies interaction,40941890,,,,
PHIG:10864,W7MHT5,,117187,Fusarium verticillioides,334819,7600,strain,Con7+ (wild type) [Wild type product level],,,4577,Zea mays,,cv. B73,none,,PHIPO:0000951,,BTO:0003938,Macroscopic observation (qualitative observation),interspecies interaction,40941890,,,,
PHIG:10864,W7MHT5,,117187,Fusarium verticillioides,334819,7600,strain,Con7delta-Con7 transformant(complement by re-introducing the wild-type allele at an ectopic locus) (transformant) [Ectopic],,,4577,Zea mays,,cv. B73,none,,PHIPO:0000951,,BTO:0000266,Macroscopic observation (qualitative observation),interspecies interaction,40941890,Unaffected pathogenicity,,,
PHIG:10864,W7MHT5,,117187,Fusarium verticillioides,334819,7600,strain,Con7delta-Con7 transformant(complement by re-introducing the wild-type allele at an ectopic locus) (transformant) [Ectopic],,,4577,Zea mays,,cv. B73,none,,PHIPO:0000951,,BTO:0003938,Macroscopic observation (qualitative observation),interspecies interaction,40941890,Unaffected pathogenicity,,,
PHIG:10864,W7MHT5,,117187,Fusarium verticillioides,334819,7600,strain,Con7delta (deletion),,,4547,Saccharum officinarum,,R570,none,,PHIPO:0000365,,BTO:0001300,Macroscopic observation (quantitative observation),interspecies interaction,40941890,Reduced virulence,,,
PHIG:10864,W7MHT5,,117187,Fusarium verticillioides,334819,7600,strain,Con7+ (wild type) [Wild type product level],,,4547,Saccharum officinarum,,R570,none,,PHIPO:0000951,,BTO:0001300,Macroscopic observation (qualitative observation),interspecies interaction,40941890,,,,
PHIG:10864,W7MHT5,,117187,Fusarium verticillioides,334819,7600,strain,Con7delta-Con7 transformant(complement by re-introducing the wild-type allele at an ectopic locus) (transformant) [Ectopic],,,4547,Saccharum officinarum,,R570,none,,PHIPO:0000951,,BTO:0001300,Macroscopic observation (qualitative observation),interspecies interaction,40941890,Unaffected pathogenicity,,,
PHIG:10864,W7MHT5,,117187,Fusarium verticillioides,334819,7600,strain,Con7+ (wild type) [Wild type product level],,,4577,Zea mays,,cv. B73,none,,,PHIDO:0000474,,,interspecies interaction,40941890,,,,
PHIG:10864,W7MHT5,,117187,Fusarium verticillioides,334819,7600,strain,Con7+ (wild type) [Wild type product level],,,4547,Saccharum officinarum,,R570,none,,,PHIDO:0000349,,,interspecies interaction,40941890,,,,
PHIG:11316,A0A0M4CJE7,,29920,Phytophthora cactorum,,10300,species,Scr96+ (wild type) [Ectopic],,,4100,Nicotiana benthamiana,,Unknown strain,none,,PHIPO:0000192,,BTO:0000713,Macroscopic observation (qualitative observation),interspecies interaction,26307454,,,,
PHIG:11316,A0A0M4CJE7,,29920,Phytophthora cactorum,,10300,species,Scr96+ (wild type) [Ectopic],,,4081,Solanum lycopersicum,,cv. Maofen-802,none,,PHIPO:0000192,,BTO:0000713,Macroscopic observation (qualitative observation),interspecies interaction,26307454,,,,
PHIG:11316,A0A0M4CJE7,,29920,Phytophthora cactorum,,10300,species,Scr96+ (wild type) [Ectopic],,,4097,Nicotiana tabacum,,cv. Samsun NN,none,,PHIPO:0000182,,BTO:0000713,Macroscopic observation (qualitative observation),interspecies interaction,26307454,,,,
PHIG:11318,A0A0M5ILE5,,29920,Phytophthora cactorum,,10300,species,Scr99+ (wild type) [Ectopic],,,4100,Nicotiana benthamiana,,Unknown strain,none,,PHIPO:0000182,,BTO:0000713,Macroscopic observation (qualitative observation),interspecies interaction,26307454,,,,
PHIG:11318,A0A0M5ILE5,,29920,Phytophthora cactorum,,10300,species,Scr99+ (wild type) [Ectopic],,,4081,Solanum lycopersicum,,cv. Maofen-802,none,,PHIPO:0000192,,BTO:0000713,Macroscopic observation (qualitative observation),interspecies interaction,26307454,,,,
PHIG:11318,A0A0M5ILE5,,29920,Phytophthora cactorum,,10300,species,Scr99+ (wild type) [Ectopic],,,4097,Nicotiana tabacum,,cv. Samsun NN,none,,PHIPO:0000182,,BTO:0000713,Macroscopic observation (qualitative observation),interspecies interaction,26307454,,,,
PHIG:11317,A0A0M4CUF5,,29920,Phytophthora cactorum,,10300,species,Scr121+ (wild type) [Ectopic],,,4100,Nicotiana benthamiana,,Unknown strain,none,,PHIPO:0000182,,BTO:0000713,Macroscopic observation (qualitative observation),interspecies interaction,26307454,,,,
PHIG:11317,A0A0M4CUF5,,29920,Phytophthora cactorum,,10300,species,Scr121+ (wild type) [Ectopic],,,4081,Solanum lycopersicum,,cv. Maofen-802,none,,PHIPO:0000192,,BTO:0000713,Macroscopic observation (qualitative observation),interspecies interaction,26307454,,,,
PHIG:11317,A0A0M4CUF5,,29920,Phytophthora cactorum,,10300,species,Scr121+ (wild type) [Ectopic],,,4097,Nicotiana tabacum,,cv. Samsun NN,none,,PHIPO:0000182,,BTO:0000713,Macroscopic observation (qualitative observation),interspecies interaction,26307454,,,,
PHIG:11316,A0A0M4CJE7,,29920,Phytophthora cactorum,,10300,species,Scr96+ (wild type) [Wild type product level],,,4100,Nicotiana benthamiana,,Unknown strain,none,,PHIPO:0000461,,BTO:0000713,Macroscopic observation (qualitative observation),interspecies interaction,26307454,,,,
PHIG:11316,A0A0M4CJE7,,29920,Phytophthora cactorum,,10300,species,Scr96 (disruption) [Knockdown],,,4100,Nicotiana benthamiana,,Unknown strain,none,,PHIPO:0000985,,BTO:0000713,Macroscopic observation (qualitative observation),interspecies interaction,26307454,,,,
PHIG:11316,A0A0M4CJE7,,29920,Phytophthora cactorum,,10300,species,Scr96+ (wild type) [Wild type product level],,,4100,Nicotiana benthamiana,,Unknown strain,none,,,PHIDO:0000318,,,interspecies interaction,26307454,,,,
PHIG:8888,A0A2H3G405,,5518,Fusarium graminearum,,PH-1,species,Gcn5+ (wild type) [Wild type product level],,,4565,Triticum aestivum,,Unknown strain,none,,,PHIDO:0000163,,,interspecies interaction,37504517,,,,
PHIG:8888,A0A2H3G405,,5518,Fusarium graminearum,,PH-1,species,Gcn5delta (deletion),,,4565,Triticum aestivum,,Unknown strain,none,,PHIPO:0000365,,BTO:0001278,Macroscopic observation (qualitative observation),interspecies interaction,37504517,Loss of pathogenicity,,,
PHIG:8888,A0A2H3G405,,5518,Fusarium graminearum,,PH-1,species,Gcn5delta (deletion),,,4565,Triticum aestivum,,Unknown strain,none,,PHIPO:0000365,,BTO:0000713,Macroscopic observation (qualitative observation),interspecies interaction,37504517,Loss of pathogenicity,,,
PHIG:8890,A0A2H3H0N3,,,Fusarium graminearum,,PH-1,species,Ubp14delta (deletion),,,4565,Triticum aestivum,,Unknown strain,none,,PHIPO:0000365,,BTO:0001278,Macroscopic observation (qualitative observation),interspecies interaction,37504517,Loss of pathogenicity,,,
PHIG:8890,A0A2H3H0N3,,,Fusarium graminearum,,PH-1,species,Ubp14delta (deletion),,,4565,Triticum aestivum,,Unknown strain,none,,PHIPO:0000365,,BTO:0000713,Macroscopic observation (qualitative observation),interspecies interaction,37504517,Loss of pathogenicity,,,
PHIG:8899,I1RAU6,,5518,Fusarium graminearum,229533,PH-1,strain,Tom1delta (deletion),,,4565,Triticum aestivum,,Unknown strain,none,,PHIPO:0000365,,BTO:0001278,Macroscopic observation (qualitative observation),interspecies interaction,37504517,Reduced virulence,,,
PHIG:8899,I1RAU6,,5518,Fusarium graminearum,229533,PH-1,strain,Tom1delta (deletion),,,4565,Triticum aestivum,,Unknown strain,none,,PHIPO:0000365,,BTO:0000713,Macroscopic observation (qualitative observation),interspecies interaction,37504517,Reduced virulence,,,
PHIG:8890,A0A2H3H0N3,,,Fusarium graminearum,,PH-1,species,Ubp14delta (deletion),,,4565,Triticum aestivum,,Unknown strain,none,,PHIPO:0000955,,BTO:0002631,Microscopy,interspecies interaction,37504517,,,,
PHIG:10438,A0A0J9VYG1,,,Fusarium oxysporum,,Unknown strain,species,Scp1+ (wild type) [Wild type product level],,,4081,Solanum lycopersicum,,Unknown strain,none,,PHIPO:0000954,,BTO:0001461,Macroscopic observation (quantitative observation),interspecies interaction,39400398,,,,
PHIG:10438,A0A0J9VYG1,,,Fusarium oxysporum,,Unknown strain,species,Scp1delta (deletion),,,4081,Solanum lycopersicum,,Unknown strain,none,,PHIPO:0000365,,BTO:0001461,Macroscopic observation (quantitative observation),interspecies interaction,39400398,Reduced virulence,,,
PHIG:10438,A0A0J9VYG1,,,Fusarium oxysporum,,Unknown strain,species,Scp1delta-Scp1 transformant(complement by re-introducing the wild-type allele at an ectopic locus) (transformant) [Ectopic],,,4081,Solanum lycopersicum,,Unknown strain,none,,PHIPO:0000954,,BTO:0001461,Macroscopic observation (quantitative observation),interspecies interaction,39400398,Unaffected pathogenicity,,,
PHIG:10438,A0A0J9VYG1,,,Fusarium oxysporum,,Unknown strain,species,Scp1+ (wild type) [Wild type product level],,,4081,Solanum lycopersicum,,Unknown strain,none,,,PHIDO:0000164,,,interspecies interaction,39400398,,,,
PHIG:10438,A0A0J9VYG1,,,Fusarium oxysporum,,Unknown strain,species,Scp1+ (wild type) [Ectopic],,,4100,Nicotiana benthamiana,,Unknown strain,none,,PHIPO:0001192,,,Substance quantification evidence,interspecies interaction,39400398,,,,
PHIG:10438,A0A0J9VYG1,,,Fusarium oxysporum,,Unknown strain,species,Scp1+ (wild type) [Wild type product level],,,4100,Nicotiana benthamiana,,Unknown strain,none,,PHIPO:0000954,,BTO:0001461,Macroscopic observation (qualitative observation),interspecies interaction,39400398,,,,
PHIG:10438,A0A0J9VYG1,,,Fusarium oxysporum,,Unknown strain,species,Scp1delta (deletion),,,4100,Nicotiana benthamiana,,Unknown strain,none,,PHIPO:0000365,,BTO:0001461,Macroscopic observation (qualitative observation),interspecies interaction,39400398,Reduced virulence,,,
PHIG:10438,A0A0J9VYG1,,,Fusarium oxysporum,,Unknown strain,species,Scp1delta-Scp1 transformant(complement by re-introducing the wild-type allele at an ectopic locus) (transformant) [Ectopic],,,4100,Nicotiana benthamiana,,Unknown strain,none,,PHIPO:0000954,,BTO:0001461,Macroscopic observation (qualitative observation),interspecies interaction,39400398,Unaffected pathogenicity,,,
PHIG:10438,A0A0J9VYG1,,,Fusarium oxysporum,,Unknown strain,species,Scp1deltasp(1-17 signal peptides deleted) (partial amino acid deletion) [Ectopic],,,4100,Nicotiana benthamiana,,Unknown strain,none,,PHIPO:0000365,,BTO:0001461,Macroscopic observation (qualitative observation),interspecies interaction,39400398,Reduced virulence,,,
PHIG:7590,P0C431,,5518,Fusarium graminearum,229533,PH-1,strain,Hog1+ (wild type) [Wild type product level],,,4565,Triticum aestivum,,cv. Norm,none,,,PHIDO:0000163,,,interspecies interaction,21037181,,,,
PHIG:7590,P0C431,,5518,Fusarium graminearum,229533,PH-1,strain,Hog1delta (deletion),,,4565,Triticum aestivum,,cv. Norm,none,,PHIPO:0000365,,BTO:0001278,Macroscopic observation (qualitative observation),interspecies interaction,21037181,Reduced virulence,,,
PHIG:546,A0A098DG50,,5518,Fusarium graminearum,229533,PH-1,strain,Ssk1delta (deletion),,,4565,Triticum aestivum,,cv. Norm,none,,PHIPO:0000365,,BTO:0001278,Macroscopic observation (qualitative observation),interspecies interaction,21037181,Reduced virulence,,,
PHIG:7590,P0C431,,5518,Fusarium graminearum,229533,PH-1,strain,Hog1delta (deletion),,,4577,Zea mays,,Unknown strain,none,,PHIPO:0000365,,BTO:0000713,Macroscopic observation (qualitative observation),interspecies interaction,21037181,Reduced virulence,,,
PHIG:546,A0A098DG50,,5518,Fusarium graminearum,229533,PH-1,strain,Ssk1delta (deletion),,,4577,Zea mays,,Unknown strain,none,,PHIPO:0000365,,BTO:0000713,Macroscopic observation (qualitative observation),interspecies interaction,21037181,Reduced virulence,,,
PHIG:10891,A4RF51,,318829,Magnaporthe oryzae,242507,,strain,,Q2KFH6,,318829,Magnaporthe oryzae,242507,,strain,,,,,Two-hybrid,protein-protein interaction,41556236,,,,
PHIG:10891,A4RF51,,318829,Magnaporthe oryzae,242507,P131,strain,Pan2delta (deletion),,,4513,Hordeum vulgare,,cv. E9,none,,PHIPO:0000365,,BTO:0000713,Macroscopic observation (quantitative observation),interspecies interaction,41556236,Reduced virulence,,,
PHIG:10891,A4RF51,,318829,Magnaporthe oryzae,242507,P131,strain,Pan2+ (wild type) [Wild type product level],,,4513,Hordeum vulgare,,cv. E9,none,,PHIPO:0000954,,BTO:0000713,Macroscopic observation (quantitative observation),interspecies interaction,41556236,,,,
PHIG:10891,A4RF51,,318829,Magnaporthe oryzae,242507,P131,strain,Pan2delta-Pan2 transformant(complement by re-introducing the wild-type allele at an ectopic locus) (transformant) [Ectopic],,,4513,Hordeum vulgare,,cv. E9,none,,PHIPO:0000954,,BTO:0000713,Macroscopic observation (quantitative observation),interspecies interaction,41556236,Unaffected pathogenicity,,,
PHIG:10942,Q2KFH6,,318829,Magnaporthe oryzae,242507,P131,strain,Pan3delta (deletion),,,4513,Hordeum vulgare,,cv. E9,none,,PHIPO:0000365,,BTO:0000713,Macroscopic observation (quantitative observation),interspecies interaction,41556236,Reduced virulence,,,
PHIG:10942,Q2KFH6,,318829,Magnaporthe oryzae,242507,P131,strain,Pan3+ (wild type) [Wild type product level],,,4513,Hordeum vulgare,,cv. E9,none,,PHIPO:0000954,,BTO:0000713,Macroscopic observation (quantitative observation),interspecies interaction,41556236,,,,
PHIG:10942,Q2KFH6,,318829,Magnaporthe oryzae,242507,P131,strain,Pan3delta-Pan3 transformant(complement by re-introducing the wild-type allele at an ectopic locus) (transformant) [Ectopic],,,4513,Hordeum vulgare,,cv. E9,none,,PHIPO:0000954,,BTO:0000713,Macroscopic observation (quantitative observation),interspecies interaction,41556236,Unaffected pathogenicity,,,
PHIG:10891,A4RF51,,318829,Magnaporthe oryzae,242507,P131,strain,Pan2delta (deletion),,,4530,Oryza sativa,,cv. Lijiangxintuanheigu,none,,PHIPO:0000365,,BTO:0000713,Macroscopic observation (quantitative observation),interspecies interaction,41556236,Reduced virulence,,,
PHIG:10891,A4RF51,,318829,Magnaporthe oryzae,242507,P131,strain,Pan2+ (wild type) [Wild type product level],,,4530,Oryza sativa,,cv. Lijiangxintuanheigu,none,,PHIPO:0000480,,BTO:0000713,Macroscopic observation (quantitative observation),interspecies interaction,41556236,,,,
PHIG:10891,A4RF51,,318829,Magnaporthe oryzae,242507,P131,strain,Pan2delta-Pan2 transformant(complement by re-introducing the wild-type allele at an ectopic locus) (transformant) [Ectopic],,,4530,Oryza sativa,,cv. Lijiangxintuanheigu,none,,PHIPO:0000480,,BTO:0000713,Macroscopic observation (quantitative observation),interspecies interaction,41556236,Unaffected pathogenicity,,,
PHIG:10942,Q2KFH6,,318829,Magnaporthe oryzae,242507,P131,strain,Pan3delta (deletion),,,4530,Oryza sativa,,cv. Lijiangxintuanheigu,none,,PHIPO:0000985,,BTO:0000713,Macroscopic observation (quantitative observation),interspecies interaction,41556236,Reduced virulence,,,
PHIG:10942,Q2KFH6,,318829,Magnaporthe oryzae,242507,P131,strain,Pan3+ (wild type) [Wild type product level],,,4530,Oryza sativa,,cv. Lijiangxintuanheigu,none,,PHIPO:0000480,,BTO:0000713,Macroscopic observation (quantitative observation),interspecies interaction,41556236,,,,
PHIG:10942,Q2KFH6,,318829,Magnaporthe oryzae,242507,P131,strain,Pan3delta-Pan3 transformant(complement by re-introducing the wild-type allele at an ectopic locus) (transformant) [Ectopic],,,4530,Oryza sativa,,cv. Lijiangxintuanheigu,none,,PHIPO:0000480,,BTO:0000713,Macroscopic observation (quantitative observation),interspecies interaction,41556236,Unaffected pathogenicity,,,
PHIG:10891,A4RF51,,318829,Magnaporthe oryzae,242507,P131,strain,Pan2+ (wild type) [Wild type product level],,,4530,Oryza sativa,,cv. Lijiangxintuanheigu,none,,,PHIDO:0000315,,,interspecies interaction,41556236,,,,
PHIG:10942,Q2KFH6,,318829,Magnaporthe oryzae,242507,P131,strain,Pan3+ (wild type) [Wild type product level],,,4530,Oryza sativa,,cv. Lijiangxintuanheigu,none,,,PHIDO:0000315,,,interspecies interaction,41556236,,,,
PHIG:8939,I1RTN5,,,Fusarium graminearum,,PH-1,species,MYT2+ (wild type) [Wild type product level],,,4565,Triticum aestivum,,cv. Eunpamil,none,,,PHIDO:0000163,,,interspecies interaction,22649560,,,,
PHIG:8939,I1RTN5,,,Fusarium graminearum,,PH-1,species,MYT2delta (deletion),,,4565,Triticum aestivum,,cv. Eunpamil,none,,PHIPO:0000365,,BTO:0001278,Macroscopic observation (qualitative observation),interspecies interaction,22649560,Reduced virulence,,,
PHIG:8939,I1RTN5,,,Fusarium graminearum,,PH-1,species,MYT2OE transformant(gene expression is controlled by inserting an overexpression promoter) (transformant) [Overexpression],,,4565,Triticum aestivum,,cv. Eunpamil,none,,PHIPO:0000365,,BTO:0001278,Macroscopic observation (qualitative observation),interspecies interaction,22649560,Reduced virulence,,,
PHIG:11383,A0A194UUM6,,578113,Cytospora mali,,03-8,species,Rnt2delta (deletion),,,3750,Malus domestica,,GL-3,none,,PHIPO:0000365,,BTO:0001411,Macroscopic observation (qualitative observation),interspecies interaction,42261396,Reduced virulence,,,
PHIG:11383,A0A194UUM6,,578113,Cytospora mali,,03-8,species,Rnt2+ (wild type) [Wild type product level],,,3750,Malus domestica,,GL-3,none,,,PHIDO:0000499,BTO:0001411,,interspecies interaction,42261396,,,,
PHIG:11383,A0A194UUM6,,578113,Cytospora mali,,03-8,species,Rnt2-OE transformant(overexpression) (transformant) [Ectopic],,,4100,Nicotiana benthamiana,,Unknown strain,none,,PHIPO:0000465,,,Macroscopic observation (qualitative observation),interspecies interaction,42261396,,,,
PHIG:11383,A0A194UUM6,,578113,Cytospora mali,,03-8,species,Rnt2(Rnt2H80/H142A) (amino acid mutation) [Ectopic],,,4100,Nicotiana benthamiana,,Unknown strain,none,,PHIPO:0000465,,,Macroscopic observation (qualitative observation),interspecies interaction,42261396,,,,
PHIG:11383,A0A194UUM6,,578113,Cytospora mali,,03-8,species,Rnt2+ (wild type) [Wild type product level],,,3750,Malus domestica,,GL-3,none,,PHIPO:0000480,,BTO:0001411,Macroscopic observation (qualitative observation),interspecies interaction,42261396,,,,
PHIG:11383,A0A194UUM6,,578113,Cytospora mali,,03-8,species,Rnt2 transformant(complement by re-introducing the wild-type to an ectopic locus) (transformant) [Ectopic],,,3750,Malus domestica,,GL-3,none,,PHIPO:0000480,,BTO:0001411; BTO:0001411,Macroscopic observation (qualitative observation),interspecies interaction,42261396,,,,
PHIG:11383,A0A194UUM6,,578113,Cytospora mali,,03-8,species,Rnt2+ (wild type) [Wild type product level],,,4100,Nicotiana benthamiana,,Unknown strain,none,,PHIPO:0000465,,BTO:0000713,Macroscopic observation (qualitative observation),interspecies interaction,42261396,,,,
PHIG:11383,A0A194UUM6,,578113,Cytospora mali,,03-8,species,Rnt2-GFP transformant(GFP tagged) (transformant) [Ectopic],,,3750,Malus domestica,,GL-3,none,,PHIPO:0000368,,BTO:0000713,Macroscopic observation (quantitative observation),interspecies interaction,42261396,Increased virulence,,,
PHIG:11383,A0A194UUM6,,578113,Cytospora mali,,03-8,species,Rnt2-OE transformant(overexpression) (transformant) [Ectopic],,,4100,Nicotiana benthamiana,,Unknown strain,none,,PHIPO:0001192,,,Macroscopic observation (qualitative observation),interspecies interaction,42261396,,,,
PHIG:11383,A0A194UUM6,,578113,Cytospora mali,,03-8,species,Rnt2-OE transformant(overexpression) (transformant) [Ectopic],,,4100,Nicotiana benthamiana,,Unknown strain,none,,PHIPO:0001015,,,Macroscopic observation (qualitative observation),interspecies interaction,42261396,,,,
PHIG:11383,A0A194UUM6,,578113,Cytospora mali,,03-8,species,Rnt2-OE transformant(overexpression) (transformant) [Ectopic],,,4100,Nicotiana benthamiana,,Unknown strain,none,,PHIPO:0001192,,,Macroscopic observation (qualitative observation),interspecies interaction,42261396,,,,
PHIG:11383,A0A194UUM6,,578113,Cytospora mali,,03-8,species,Rnt2-GFP transformant(GFP tagged) (transformant) [Ectopic],,,3750,Malus domestica,,GL-3,none,,PHIPO:0001015,,BTO:0000713,Macroscopic observation (quantitative observation),interspecies interaction,42261396,,,,
PHIG:11383,A0A194UUM6,,578113,Cytospora mali,,03-8,species,Rnt2-GFP transformant(GFP tagged) (transformant) [Ectopic],,,3750,Malus domestica,,GL-3,none,,PHIPO:0001192,,BTO:0000713,Macroscopic observation (quantitative observation),interspecies interaction,42261396,,,,
PHIG:11383,A0A194UUM6,,578113,Cytospora mali,,03-8,species,Rnt2-GFP transformant(GFP tagged) (transformant) [Ectopic],,,3750,Malus domestica,,GL-3,none,,PHIPO:0001144,,BTO:0000713,Macroscopic observation (quantitative observation),interspecies interaction,42261396,,,,
PHIG:11383,A0A194UUM6,,578113,Cytospora mali,,,species,,D9ZJ66,,3750,Malus domestica,,,species,,,,,Two-hybrid,protein-protein interaction,42261396,,,,
PHIG:11383,A0A194UUM6,,578113,Cytospora mali,,,species,,D9ZJ66,,3750,Malus domestica,,,species,,,,,Co-purification,protein-protein interaction,42261396,,,,
PHIG:11383,A0A194UUM6,,578113,Cytospora mali,,,species,,D9ZJ66,,3750,Malus domestica,,,species,,,,,PCA,protein-protein interaction,42261396,,,,
PHIG:11383,A0A194UUM6,,578113,Cytospora mali,,,species,,D9ZJ66,,3750,Malus domestica,,,species,,,,,Affinity Capture-Western,protein-protein interaction,42261396,,,,
,,,578113,Cytospora mali,,03-8,none,,D9ZJ66,,3750,Malus domestica,,GL-3,species,Myb44-OE transformant(overexpression) (transformant) [Ectopic],PHIPO:0000365,,BTO:0000713,Macroscopic observation (quantitative observation),interspecies interaction,42261396,,,,
,,,578113,Cytospora mali,,03-8,none,,D9ZJ66,,3750,Malus domestica,,GL-3,species,siMyb44 transformant(RNAi) (transformant) [Knockdown],PHIPO:0000368,,BTO:0000713,Macroscopic observation (quantitative observation),interspecies interaction,42261396,,,,
PHIG:11383,A0A194UUM6,,578113,Cytospora mali,,03-8,species,Rnt2+ (wild type) [Wild type product level],D9ZJ66,,3750,Malus domestica,,GL-3,species,Myb44+ (wild type) [Wild type product level],PHIPO:0000149,,,Other,interspecies interaction,42261396,,,,
PHIG:11441,G2XFG4,,27337,Verticillium dahliae,498257,V592,strain,Mfs2delta (deletion),,,3635,Gossypium hirsutum,,Xinluzao 7,none,,PHIPO:0000368,,BTO:0000713,Macroscopic observation (qualitative observation),interspecies interaction,42112916,Increased virulence,,,
PHIG:11441,G2XFG4,,27337,Verticillium dahliae,498257,V592,strain,Mfs2delta-Mfs2 transformant(complement by re-introducing the wild-type allele at an ectopic locus) (transformant) [Ectopic],,,3635,Gossypium hirsutum,,Xinluzao 7,none,,PHIPO:0000951,,BTO:0000713,Macroscopic observation (qualitative observation),interspecies interaction,42112916,Unaffected pathogenicity,,,
PHIG:11441,G2XFG4,,27337,Verticillium dahliae,498257,V592,strain,Mfs2+ (wild type) [Wild type product level],,,3635,Gossypium hirsutum,,Xinluzao 7,none,,PHIPO:0000951,,BTO:0000713,Macroscopic observation (qualitative observation),interspecies interaction,42112916,,,,
PHIG:11441,G2XFG4,,27337,Verticillium dahliae,498257,V592,strain,siMfs2+(TRV2-mediated gene silencing) (disruption) [Knockdown],,,3635,Gossypium hirsutum,,Xinluzao 7,none,,PHIPO:0000368,,BTO:0000713,Macroscopic observation (qualitative observation),interspecies interaction,42112916,Increased virulence,,,
PHIG:11441,G2XFG4,,27337,Verticillium dahliae,498257,V592,strain,Mfs2+ (wild type) [Wild type product level],,,3635,Gossypium hirsutum,,Xinluzao 7,none,,,PHIDO:0000382,,,interspecies interaction,42112916,,,,
PHIG:11440,G2WZT4,,27337,Verticillium dahliae,498257,V592,strain,siAgl1(TRV2-mediated gene silencing) (disruption) [Knockdown],,,3635,Gossypium hirsutum,,Xinluzao 7,none,,PHIPO:0000365,,BTO:0000713,Macroscopic observation (qualitative observation),interspecies interaction,42112916,Reduced virulence,,,
PHIG:11440,G2WZT4,,27337,Verticillium dahliae,498257,V592,strain,Agl1+ (wild type) [Wild type product level],,,3635,Gossypium hirsutum,,Xinluzao 7,none,,PHIPO:0000951,,BTO:0000713,Macroscopic observation (qualitative observation),interspecies interaction,42112916,,,,
PHIG:11440,G2WZT4,,27337,Verticillium dahliae,498257,V592,strain,Agl1+ (wild type) [Wild type product level],,,3635,Gossypium hirsutum,,Xinluzao 7,none,,,PHIDO:0000382,,,interspecies interaction,42112916,,,,
PHIG:1422,Q258K5,,5022,Leptosphaeria maculans,225342,v23.1.3,strain,AvrLm1+ (wild type) [Wild type product level],,,3708,Brassica napus,,Topas DH16516,none,,,PHIDO:0000274,,,interspecies interaction,30428318,,,,
PHIG:1422,Q258K5,,5022,Leptosphaeria maculans,225342,v23.1.3,strain,deltaspAvrLm1(deletion of the signal peptide) (partial amino acid deletion) [Ectopic],A0A078IFE9,,3708,Brassica napus,,Topas DH16516,species,Mpk9+ (wild type) [Ectopic],PHIPO:0000192,,BTO:0000713,Macroscopic observation (qualitative observation),interspecies interaction,30428318,Increased virulence,,,
,,,5022,Leptosphaeria maculans,,v23.1.3,none,,A0A078IFE9,,3708,Brassica napus,,Topas DH16516,species,Mpk9-OE transformant(overexpression) (transformant) [Ectopic],PHIPO:0000368,,BTO:0000300,Macroscopic observation (qualitative observation),interspecies interaction,30428318,,,,
,,,5022,Leptosphaeria maculans,,v23.1.3,none,,A0A078IFE9,,3708,Brassica napus,,Topas DH16516,species,Mpk9-OE transformant(overexpression) (transformant) [Ectopic],PHIPO:0001193,,BTO:0000300,Macroscopic observation (qualitative observation),interspecies interaction,30428318,,,,
PHIG:1422,Q258K5,,5022,Leptosphaeria maculans,225342,,strain,,A0A078IFE9,,3708,Brassica napus,,,species,,,,,Two-hybrid,protein-protein interaction,30428318,,,,
PHIG:1422,Q258K5,,5022,Leptosphaeria maculans,225342,,strain,,A0A078IFE9,,3708,Brassica napus,,,species,,,,,PCA,protein-protein interaction,30428318,,,,
PHIG:1422,Q258K5,,5022,Leptosphaeria maculans,225342,,strain,,A0A078IFE9,,3708,Brassica napus,,,species,,,,,Co-purification,protein-protein interaction,30428318,,,,
PHIG:1422,Q258K5,,5022,Leptosphaeria maculans,225342,v23.1.3,strain,deltaspAvrLm1(deletion of the signal peptide) (partial amino acid deletion) [Ectopic],A0A078IFE9,,3708,Brassica napus,,Topas DH16516,species,Mpk9+ (wild type) [Ectopic],PHIPO:0001283,,BTO:0000713,Macroscopic observation (qualitative observation),interspecies interaction,30428318,Increased virulence,,,
PHIG:10435,V6REE9,,5518,Fusarium graminearum,229533,Unknown strain,strain,Bmh1+ (wild type) [Wild type product level],,,4565,Triticum aestivum,,cv. Roblin,none,,PHIPO:0000951,,BTO:0001278,Macroscopic observation (quantitative observation),interspecies interaction,31605748,,,,
PHIG:10435,V6REE9,,5518,Fusarium graminearum,229533,Unknown strain,strain,Bmh1delta (deletion),,,4565,Triticum aestivum,,cv. Roblin,none,,PHIPO:0000951,,BTO:0001278,Macroscopic observation (quantitative observation),interspecies interaction,31605748,Unaffected pathogenicity,,,
PHIG:10421,I1RCU1,,5518,Fusarium graminearum,229533,Unknown strain,strain,Bmh2delta (deletion),,,4565,Triticum aestivum,,cv. Roblin,none,,PHIPO:0000365,,BTO:0001278,Macroscopic observation (quantitative observation),interspecies interaction,31605748,Reduced virulence,,,
PHIG:10435,V6REE9,,5518,Fusarium graminearum,229533,Unknown strain,strain,Bmh1+ (wild type) [Wild type product level],,,4565,Triticum aestivum,,cv. Roblin,none,,PHIPO:0000233,,BTO:0001278,Macroscopic observation (quantitative observation),interspecies interaction,31605748,,,,
PHIG:10435,V6REE9,,5518,Fusarium graminearum,229533,Unknown strain,strain,Bmh1delta (deletion),,,4565,Triticum aestivum,,cv. Roblin,none,,PHIPO:0000233,,BTO:0001278,Macroscopic observation (quantitative observation),interspecies interaction,31605748,,,,
PHIG:10421,I1RCU1,,5518,Fusarium graminearum,229533,Unknown strain,strain,Bmh2delta (deletion),,,4565,Triticum aestivum,,cv. Roblin,none,,PHIPO:0000219,,BTO:0001278,Macroscopic observation (quantitative observation),interspecies interaction,31605748,,,,
PHIG:10435,V6REE9,,5518,Fusarium graminearum,229533,Unknown strain,strain,Bmh1+ (wild type) [Wild type product level],,,4565,Triticum aestivum,,cv. Roblin,none,,,PHIDO:0000162,,,interspecies interaction,31605748,,,,
PHIG:8680,Q9SKB2,,3702,Arabidopsis thaliana,,,species,,A0A0B5L618,,3708,Brassica napus,,,species,,,,,Co-purification,protein-protein interaction,25644479,,,,
PHIG:9034,A0A8K1BLL6,,,Leptosphaeria maculans,,00-100,species,AvrLm2+ (wild type) [Wild type product level],A0A0B5L618,,3708,Brassica napus,,NLA51-1,species,Rlm2+ (wild type) [Wild type product level],PHIPO:0000481,,BTO:0000300,Macroscopic observation (qualitative observation),gene-for-gene interaction,25644479,,,,
PHIG:9034,A0A8K1BLL6,,,Leptosphaeria maculans,,00-100,species,AvrLm2+ (wild type) [Wild type product level],A0A0B5L618,,3708,Brassica napus,,Topas DH16516,species,Rlm2delta (deletion),PHIPO:0000480,,BTO:0000300,Macroscopic observation (qualitative observation),gene-for-gene interaction,25644479,,,,
PHIG:9034,A0A8K1BLL6,,,Leptosphaeria maculans,,v23.1.3,species,AvrLm2delta (deletion),A0A0B5L618,,3708,Brassica napus,,NLA51-1,species,Rlm2+ (wild type) [Wild type product level],PHIPO:0000480,,BTO:0000300,Macroscopic observation (qualitative observation),gene-for-gene interaction,25644479,,,,
PHIG:9034,A0A8K1BLL6,,,Leptosphaeria maculans,,v23.1.3,species,AvrLm2delta (deletion),A0A0B5L618,,3708,Brassica napus,,Topas DH16516,species,Rlm2delta (deletion),PHIPO:0000480,,BTO:0000300,Macroscopic observation (qualitative observation),gene-for-gene interaction,25644479,,,,
PHIG:9034,A0A8K1BLL6,,,Leptosphaeria maculans,,00-100,species,AvrLm2+ (wild type) [Wild type product level],A0A0B5L618,,3708,Brassica napus,,Topas DH16516,species,Rlm2delta (deletion),,PHIDO:0000051,,,interspecies interaction,25644479,,,,
PHIG:8680,Q9SKB2,,3702,Arabidopsis thaliana,,,species,,A0A0B5L618,,3708,Brassica napus,,,species,,,,,PCA,protein-protein interaction,25644479,,,,
PHIG:8932,I1RNS1,,,Fusarium graminearum,,PH-1,species,FG05658.1delta (deletion),,,4513,Hordeum vulgare,,Unknown strain,none,,PHIPO:0000365,,BTO:0001278,Macroscopic observation (qualitative observation),interspecies interaction,15378266,Reduced virulence,,,
PHIG:8932,I1RNS1,,,Fusarium graminearum,,PH-1,species,FG05658.1delta (deletion),,,4577,Zea mays,,Unknown strain,none,,PHIPO:0000365,,BTO:0005985,Macroscopic observation (qualitative observation),interspecies interaction,15378266,Reduced virulence,,,
PHIG:1655,D0NVB5,,4787,Phytophthora infestans,403677,T20-2,strain,Avr1+ (wild type) [Wild type product level],,,4100,Nicotiana benthamiana,,Unknown strain,none,,PHIPO:0000368,,BTO:0000713,Macroscopic observation (qualitative observation),interspecies interaction,26336092,Increased virulence,,,
PHIG:1655,D0NVB5,,4787,Phytophthora infestans,403677,T20-2,strain,Avr1deltaT (deletion),,,4100,Nicotiana benthamiana,,Unknown strain,none,,PHIPO:0000365,,BTO:0000713,Macroscopic observation (qualitative observation),interspecies interaction,26336092,Reduced virulence,,,
PHIG:1655,D0NVB5,,4787,Phytophthora infestans,403677,T20-2,strain,Avr1+ (wild type) [Wild type product level],,,4100,Nicotiana benthamiana,,Unknown strain,none,,PHIPO:0001015,,BTO:0000713,Macroscopic observation (qualitative observation),interspecies interaction,26336092,Increased virulence,,,
PHIG:1655,D0NVB5,,4787,Phytophthora infestans,403677,T20-2,strain,Avr1+ (wild type) [Wild type product level],M1C8A4,,4113,Solanum tuberosum,,Unknown strain,species,Sec5+ (wild type) [Wild type product level],,PHIDO:0000206,,,interspecies interaction,26336092,,,,
,,,4787,Phytophthora infestans,,T20-2,none,,M1C8A4,,4113,Solanum tuberosum,,Unknown strain,species,siSec5(TRV-mediated gene silencing) (disruption) [Knockdown],PHIPO:0000368,,BTO:0000713,Macroscopic observation (quantitative observation),interspecies interaction,26336092,,,,
,,,4787,Phytophthora infestans,,T20-2,none,,P0DXK0,,4100,Nicotiana benthamiana,,Unknown strain,species,siSec5(TRV-mediated gene silencing) (disruption) [Knockdown],PHIPO:0000368,,BTO:0000713,Macroscopic observation (quantitative observation),interspecies interaction,26336092,,,,
PHIG:4794,Q8H6Z4,,4787,Phytophthora infestans,,T20-2,species,Crn2+ (wild type) [Ectopic],P0DXK0,,4100,Nicotiana benthamiana,,Unknown strain,species,siSec5(TRV-mediated gene silencing) (disruption) [Knockdown],PHIPO:0000465,,BTO:0000713,Macroscopic observation (quantitative observation),interspecies interaction,26336092,,,,
PHIG:4794,Q8H6Z4,,4787,Phytophthora infestans,,T20-2,species,Crn2+ (wild type) [Ectopic],P0DXK0,,4100,Nicotiana benthamiana,,Unknown strain,species,siSec5(TRV-mediated gene silencing) (disruption) [Knockdown],PHIPO:0001192,,BTO:0000713,Macroscopic observation (quantitative observation),interspecies interaction,26336092,,,,
PHIG:1655,D0NVB5,,4787,Phytophthora infestans,403677,88069,strain,Avr1-myc transformant(myc-tagged) (transformant) [Ectopic],,,4100,Nicotiana benthamiana,,Unknown strain,none,,PHIPO:0001015,,BTO:0000713,Macroscopic observation (quantitative observation),interspecies interaction,26336092,Increased virulence,,,
PHIG:1655,D0NVB5,,4787,Phytophthora infestans,403677,,strain,,M1C8A4,,4113,Solanum tuberosum,,,species,,,,,Two-hybrid,protein-protein interaction,26336092,,,,
PHIG:11275,A0A9P4XXT2,,5116,Cryphonectria parasitica,660469,KU80,strain,Ire1+ (wild type) [Wild type product level],,,60419,Castanea mollissima,,Unknown strain,none,,,PHIDO:0000485,,,interspecies interaction,41693261,,,,
PHIG:11275,A0A9P4XXT2,,5116,Cryphonectria parasitica,660469,KU80,strain,Ire1+ (wild type) [Wild type product level],,,3750,Malus domestica,,cv. Fuji,none,,,PHIDO:0000430,,,interspecies interaction,41693261,,,,
PHIG:11275,A0A9P4XXT2,,5116,Cryphonectria parasitica,660469,KU80,strain,Ire1delta (deletion),,,60419,Castanea mollissima,,Unknown strain,none,,PHIPO:0000365,,BTO:0001300,Macroscopic observation (quantitative observation),interspecies interaction,41693261,Reduced virulence,,,
PHIG:11275,A0A9P4XXT2,,5116,Cryphonectria parasitica,660469,KU80,strain,Ire1delta-Ire1 transformant(complement by re-introducing the wild-type allele at an ectopic locus) (transformant) [Ectopic],,,60419,Castanea mollissima,,Unknown strain,none,,PHIPO:0000954,,BTO:0001300,Macroscopic observation (quantitative observation),interspecies interaction,41693261,Unaffected pathogenicity,,,
PHIG:11275,A0A9P4XXT2,,5116,Cryphonectria parasitica,660469,KU80,strain,Ire1+ (wild type) [Wild type product level],,,60419,Castanea mollissima,,Unknown strain,none,,PHIPO:0000954,,BTO:0001300,Macroscopic observation (quantitative observation),interspecies interaction,41693261,,,,
PHIG:11275,A0A9P4XXT2,,5116,Cryphonectria parasitica,660469,KU80,strain,Ire1delta (deletion),,,3750,Malus domestica,,cv. Fuji,none,,PHIPO:0000365,,BTO:0000486,Macroscopic observation (quantitative observation),interspecies interaction,41693261,Reduced virulence,,,
PHIG:11275,A0A9P4XXT2,,5116,Cryphonectria parasitica,660469,KU80,strain,Ire1+ (wild type) [Wild type product level],,,3750,Malus domestica,,cv. Fuji,none,,PHIPO:0000954,,BTO:0000486,Macroscopic observation (quantitative observation),interspecies interaction,41693261,,,,
PHIG:11275,A0A9P4XXT2,,5116,Cryphonectria parasitica,660469,KU80,strain,Ire1delta-Ire1 transformant(complement by re-introducing the wild-type allele at an ectopic locus) (transformant) [Ectopic],,,3750,Malus domestica,,cv. Fuji,none,,PHIPO:0000954,,BTO:0000486,Macroscopic observation (quantitative observation),interspecies interaction,41693261,Unaffected pathogenicity,,,
PHIG:11275,A0A9P4XXT2,,5116,Cryphonectria parasitica,660469,KU80,strain,Ire1(S896A) (amino acid mutation) [Ectopic],,,60419,Castanea mollissima,,Unknown strain,none,,PHIPO:0000365,,BTO:0001300,Macroscopic observation (quantitative observation),interspecies interaction,41693261,Reduced virulence,,,
PHIG:11275,A0A9P4XXT2,,5116,Cryphonectria parasitica,660469,KU80,strain,Ire1(S897A) (amino acid mutation) [Ectopic],,,60419,Castanea mollissima,,Unknown strain,none,,PHIPO:0000365,,BTO:0001300,Macroscopic observation (quantitative observation),interspecies interaction,41693261,Reduced virulence,,,
PHIG:11275,A0A9P4XXT2,,5116,Cryphonectria parasitica,660469,KU80,strain,"Ire1(S896A, S897A) (amino acid mutation) [Ectopic]",,,60419,Castanea mollissima,,Unknown strain,none,,PHIPO:0000365,,BTO:0001300,Macroscopic observation (quantitative observation),interspecies interaction,41693261,Reduced virulence,,,
PHIG:11275,A0A9P4XXT2,,5116,Cryphonectria parasitica,660469,KU80,strain,Ire1(S896A) (amino acid mutation) [Ectopic],,,3750,Malus domestica,,cv. Fuji,none,,PHIPO:0000365,,BTO:0000486,Macroscopic observation (quantitative observation),interspecies interaction,41693261,Reduced virulence,,,
PHIG:11275,A0A9P4XXT2,,5116,Cryphonectria parasitica,660469,KU80,strain,Ire1(S897A) (amino acid mutation) [Ectopic],,,3750,Malus domestica,,cv. Fuji,none,,PHIPO:0000365,,BTO:0000486,Macroscopic observation (quantitative observation),interspecies interaction,41693261,Reduced virulence,,,
PHIG:11275,A0A9P4XXT2,,5116,Cryphonectria parasitica,660469,KU80,strain,"Ire1(S896A, S897A) (amino acid mutation) [Ectopic]",,,3750,Malus domestica,,cv. Fuji,none,,PHIPO:0000365,,BTO:0000486,Macroscopic observation (quantitative observation),interspecies interaction,41693261,Reduced virulence,,,
PHIG:9202,A0A0P9HUE7,,,Pseudomonas syringae,,pv. tomato DC3000,species,HopF2a+ (wild type) [Ectopic],,,3702,Arabidopsis thaliana,,ecotype Columbia-0,none,,PHIPO:0001199,,BTO:0001461,Macroscopic observation (qualitative observation),interspecies interaction,28288096,,,,
PHIG:9202,A0A0P9HUE7,,,Pseudomonas syringae,,pv. tomato DC3000,species,HopF2a(D174A) (amino acid mutation) [Ectopic],,,3702,Arabidopsis thaliana,,ecotype Columbia-0,none,,PHIPO:0001200,,BTO:0001461,Macroscopic observation (qualitative observation),interspecies interaction,28288096,,,,
PHIG:9202,A0A0P9HUE7,,,Pseudomonas syringae,,pv. tomato DC3000,species,HopF2a(R72A) (amino acid mutation) [Ectopic],,,3702,Arabidopsis thaliana,,ecotype Columbia-0,none,,PHIPO:0001200,,BTO:0001461,Macroscopic observation (qualitative observation),interspecies interaction,28288096,,,,
PHIG:9202,A0A0P9HUE7,,,Pseudomonas syringae,,pv. tomato DC3000,species,HopF2a+ (wild type) [Ectopic],Q9ZU46,,3702,Arabidopsis thaliana,,ecotype Columbia-0,species,zar1-1(ARTIC insertion line) (amino acid insertion) [Knockdown],PHIPO:0001200,,BTO:0001461,Macroscopic observation (qualitative observation),gene-for-gene interaction,28288096,,,,
PHIG:9202,A0A0P9HUE7,,,Pseudomonas syringae,,pv. tomato DC3000,species,HopF2a+ (wild type) [Ectopic],Q8VZF4,,3702,Arabidopsis thaliana,,ecotype Columbia-0,species,zrk3-1(SALK_206318C) (amino acid insertion) [Knockdown],PHIPO:0001200,,BTO:0001461,Macroscopic observation (qualitative observation),gene-for-gene interaction,28288096,,,,
PHIG:9202,A0A0P9HUE7,,,Pseudomonas syringae,,pv. tomato DC3000,species,HopF2a+ (wild type) [Ectopic],Q9ZU46,,3702,Arabidopsis thaliana,,ecotype Columbia-0,species,zar1-1(ARTIC insertion line) (amino acid insertion) [Knockdown],,PHIDO:0000211,,,interspecies interaction,28288096,,,,
PHIG:8675,Q9FE20,,3702,Arabidopsis thaliana,,,species,,Q42484,,3702,Arabidopsis thaliana,,,species,,,,,Affinity Capture-Western,protein-protein interaction,22331412,,,,
PHIG:8675,Q9FE20,,3702,Arabidopsis thaliana,,,species,,O64973,,3702,Arabidopsis thaliana,,,species,,,,,Affinity Capture-Western,protein-protein interaction,22331412,,,,
PHIG:9201,Q52430,,29438,Pseudomonas savastanoi,319,Unknown strain,strain,AvrPphB (wild type) [Ectopic],O64973,,3702,Arabidopsis thaliana,,Unknown strain,species,RPS5(D266E) (amino acid mutation) [Ectopic],PHIPO:0000192,,BTO:0000713,Macroscopic observation (quantitative observation),gene-for-gene interaction,22331412,,,,
PHIG:9201,Q52430,,29438,Pseudomonas savastanoi,319,Unknown strain,strain,AvrPphB (wild type) [Ectopic],O64973,,3702,Arabidopsis thaliana,,Unknown strain,species,RPS5(D266E-G2/3A) (amino acid mutation) [Ectopic],PHIPO:0001204,,BTO:0000713,Macroscopic observation (quantitative observation),gene-for-gene interaction,22331412,,,,
PHIG:9201,Q52430,,29438,Pseudomonas savastanoi,319,Unknown strain,strain,AvrPphB (wild type) [Ectopic],O64973,,3702,Arabidopsis thaliana,,Unknown strain,species,RPS5(D266E-C4A) (amino acid mutation) [Ectopic],PHIPO:0001204,,BTO:0000713,Macroscopic observation (quantitative observation),gene-for-gene interaction,22331412,,,,
PHIG:9201,Q52430,,29438,Pseudomonas savastanoi,319,Unknown strain,strain,AvrPphB (wild type) [Ectopic],,,4146,Olea europaea,,Unknown strain,none,,,PHIDO:0000258,,,interspecies interaction,22331412,,,,
PHIG:11387,N1RXC9,,2502994,Fusarium oxysporum f. sp. cubense (strain race 4),,Foc4,species,His2delta (deletion),,,4641,Musa acuminata,,Cavendish subgroup,none,,PHIPO:0000365,,BTO:0001084,Macroscopic observation (quantitative observation),interspecies interaction,41745264,Reduced virulence,,,
PHIG:11387,N1RXC9,,2502994,Fusarium oxysporum f. sp. cubense (strain race 4),,Foc4,species,His+ (wild type) [Wild type product level],,,4641,Musa acuminata,,Cavendish subgroup,none,,PHIPO:0000951,,BTO:0001084,Macroscopic observation (quantitative observation),interspecies interaction,41745264,,,,
PHIG:11387,N1RXC9,,2502994,Fusarium oxysporum f. sp. cubense (strain race 4),,Foc4,species,His2 transformant(complement by re-introducing the wild-type to an ectopic locus) (transformant) [Ectopic],,,4641,Musa acuminata,,Cavendish subgroup,none,,PHIPO:0000951,,BTO:0001084,Macroscopic observation (quantitative observation),interspecies interaction,41745264,Unaffected pathogenicity,,,
PHIG:11387,N1RXC9,,2502994,Fusarium oxysporum f. sp. cubense (strain race 4),,Foc4,species,His+ (wild type) [Wild type product level],,,4641,Musa acuminata,,Cavendish subgroup,none,,,PHIDO:0000037,,,interspecies interaction,41745264,,,,
PHIG:10446,G4MNS0,,318829,Magnaporthe oryzae,242507,Guy11,strain,Glu16delta (deletion),,,4530,Oryza sativa,,cv. CO-39,none,,PHIPO:0000365,,BTO:0000713,Macroscopic observation (qualitative observation),interspecies interaction,41291040,Reduced virulence,,,
PHIG:10446,G4MNS0,,318829,Magnaporthe oryzae,242507,Guy11,strain,Glu16+ (wild type) [Wild type product level],,,4530,Oryza sativa,,cv. CO-39,none,,PHIPO:0000954,,BTO:0000713,Macroscopic observation (qualitative observation),interspecies interaction,41291040,,,,
PHIG:10446,G4MNS0,,318829,Magnaporthe oryzae,242507,Guy11,strain,Glu16delta-Glu16 transformant(complement by re-introducing the wild-type allele at an ectopic locus) (transformant) [Ectopic],,,4530,Oryza sativa,,cv. CO-39,none,,PHIPO:0000954,,BTO:0000713,Macroscopic observation (qualitative observation),interspecies interaction,41291040,Unaffected pathogenicity,,,
PHIG:10446,G4MNS0,,318829,Magnaporthe oryzae,242507,Guy11,strain,Glu16delta (deletion),,,4513,Hordeum vulgare,,Unknown strain,none,,PHIPO:0000359,,BTO:0001600,Macroscopic observation (qualitative observation),interspecies interaction,41291040,Reduced virulence,,,
PHIG:10446,G4MNS0,,318829,Magnaporthe oryzae,242507,Guy11,strain,Glu16+ (wild type) [Wild type product level],,,4513,Hordeum vulgare,,Unknown strain,none,,PHIPO:0000331,,BTO:0001600,Macroscopic observation (qualitative observation),interspecies interaction,41291040,,,,
PHIG:10446,G4MNS0,,318829,Magnaporthe oryzae,242507,Guy11,strain,Glu16delta-Glu16 transformant(complement by re-introducing the wild-type allele at an ectopic locus) (transformant) [Ectopic],,,4513,Hordeum vulgare,,Unknown strain,none,,PHIPO:0000331,,BTO:0001600,Macroscopic observation (qualitative observation),interspecies interaction,41291040,Unaffected pathogenicity,,,
PHIG:10446,G4MNS0,,318829,Magnaporthe oryzae,242507,Guy11,strain,Glu16+ (wild type) [Wild type product level],,,4530,Oryza sativa,,cv. CO-39,none,,,PHIDO:0000315,,,interspecies interaction,41291040,,,,
PHIG:790,Q00363,,5499,Passalora fulva,,Unknown strain,species,Avr4+ (wild type) [Wild type product level],,,4081,Solanum lycopersicum,,cv. Moneymaker Cf-0,none,,PHIPO:0000182,,BTO:0000713,Macroscopic observation (qualitative observation),gene-for-gene interaction,10998185,,,,
PHIG:9161,P22287,,5499,Passalora fulva,,Unknown strain,species,Avr9+ (wild type) [Wild type product level],,,4081,Solanum lycopersicum,,cv. Moneymaker Cf-0,none,,PHIPO:0000182,,BTO:0000713,Macroscopic observation (qualitative observation),gene-for-gene interaction,10998185,,,,
PHIG:10376,Q00364,,5499,Passalora fulva,,Unknown strain,species,Ecp1+ (wild type) [Wild type product level],,,4081,Solanum lycopersicum,,cv. Moneymaker Cf-0,none,,PHIPO:0000182,,BTO:0000713,Macroscopic observation (qualitative observation),gene-for-gene interaction,10998185,,,,
PHIG:10377,Q00365,,5499,Passalora fulva,,Unknown strain,species,Ecp2+ (wild type) [Wild type product level],,,4081,Solanum lycopersicum,,cv. Moneymaker Cf-0,none,,PHIPO:0000182,,BTO:0000713,Macroscopic observation (qualitative observation),gene-for-gene interaction,10998185,,,,
PHIG:10379,Q9P408,,5499,Passalora fulva,,Unknown strain,species,Ecp4+ (wild type) [Wild type product level],,,4081,Solanum lycopersicum,,cv. Moneymaker Cf-0,none,,PHIPO:0000182,,BTO:0000713,Macroscopic observation (qualitative observation),gene-for-gene interaction,10998185,,,,
PHIG:10378,Q9P407,,5499,Passalora fulva,,Unknown strain,species,Ecp5+ (wild type) [Wild type product level],,,4081,Solanum lycopersicum,,cv. Moneymaker Cf-0,none,,PHIPO:0000182,,BTO:0000713,Macroscopic observation (qualitative observation),gene-for-gene interaction,10998185,,,,
PHIG:790,Q00363,,5499,Passalora fulva,,Unknown strain,species,Avr4+ (wild type) [Wild type product level],,,4081,Solanum lycopersicum,,cv.Moneymaker cf-4,none,,PHIPO:0000192,,BTO:0000713,Macroscopic observation (qualitative observation),gene-for-gene interaction,10998185,,,,
PHIG:9161,P22287,,5499,Passalora fulva,,Unknown strain,species,Avr9+ (wild type) [Wild type product level],,,4081,Solanum lycopersicum,,cv.Moneymaker cf-4,none,,PHIPO:0000182,,BTO:0000713,Macroscopic observation (qualitative observation),gene-for-gene interaction,10998185,,,,
PHIG:10376,Q00364,,5499,Passalora fulva,,Unknown strain,species,Ecp1+ (wild type) [Wild type product level],,,4081,Solanum lycopersicum,,cv.Moneymaker cf-4,none,,PHIPO:0000182,,BTO:0000713,Macroscopic observation (qualitative observation),gene-for-gene interaction,10998185,,,,
PHIG:10377,Q00365,,5499,Passalora fulva,,Unknown strain,species,Ecp2+ (wild type) [Wild type product level],,,4081,Solanum lycopersicum,,cv.Moneymaker cf-4,none,,PHIPO:0000182,,BTO:0000713,Macroscopic observation (qualitative observation),gene-for-gene interaction,10998185,,,,
PHIG:10379,Q9P408,,5499,Passalora fulva,,Unknown strain,species,Ecp4+ (wild type) [Wild type product level],,,4081,Solanum lycopersicum,,cv.Moneymaker cf-4,none,,PHIPO:0000182,,BTO:0000713,Macroscopic observation (qualitative observation),gene-for-gene interaction,10998185,,,,
PHIG:10378,Q9P407,,5499,Passalora fulva,,Unknown strain,species,Ecp5+ (wild type) [Wild type product level],,,4081,Solanum lycopersicum,,cv.Moneymaker cf-4,none,,PHIPO:0000182,,BTO:0000713,Macroscopic observation (qualitative observation),gene-for-gene interaction,10998185,,,,
PHIG:790,Q00363,,5499,Passalora fulva,,Unknown strain,species,Avr4+ (wild type) [Wild type product level],,,4081,Solanum lycopersicum,,cv.Moneymaker cf-9,none,,PHIPO:0000182,,BTO:0000713,Macroscopic observation (qualitative observation),gene-for-gene interaction,10998185,,,,
PHIG:9161,P22287,,5499,Passalora fulva,,Unknown strain,species,Avr9+ (wild type) [Wild type product level],,,4081,Solanum lycopersicum,,cv.Moneymaker cf-9,none,,PHIPO:0000192,,BTO:0000713,Macroscopic observation (qualitative observation),gene-for-gene interaction,10998185,,,,
PHIG:10376,Q00364,,5499,Passalora fulva,,Unknown strain,species,Ecp1+ (wild type) [Wild type product level],,,4081,Solanum lycopersicum,,cv.Moneymaker cf-9,none,,PHIPO:0000182,,BTO:0000713,Macroscopic observation (qualitative observation),gene-for-gene interaction,10998185,,,,
PHIG:10377,Q00365,,5499,Passalora fulva,,Unknown strain,species,Ecp2+ (wild type) [Wild type product level],,,4081,Solanum lycopersicum,,cv.Moneymaker cf-9,none,,PHIPO:0000182,,BTO:0000713,Macroscopic observation (qualitative observation),gene-for-gene interaction,10998185,,,,
PHIG:10379,Q9P408,,5499,Passalora fulva,,Unknown strain,species,Ecp4+ (wild type) [Wild type product level],,,4081,Solanum lycopersicum,,cv.Moneymaker cf-9,none,,PHIPO:0000182,,BTO:0000713,Macroscopic observation (qualitative observation),gene-for-gene interaction,10998185,,,,
PHIG:10378,Q9P407,,5499,Passalora fulva,,Unknown strain,species,Ecp5+ (wild type) [Wild type product level],,,4081,Solanum lycopersicum,,cv.Moneymaker cf-9,none,,PHIPO:0000182,,BTO:0000713,Macroscopic observation (qualitative observation),gene-for-gene interaction,10998185,,,,
PHIG:790,Q00363,,5499,Passalora fulva,,Unknown strain,species,Avr4+ (wild type) [Wild type product level],,,4081,Solanum lycopersicum,,Cf-ECP2,none,,PHIPO:0000182,,BTO:0000713,Macroscopic observation (qualitative observation),gene-for-gene interaction,10998185,,,,
PHIG:9161,P22287,,5499,Passalora fulva,,Unknown strain,species,Avr9+ (wild type) [Wild type product level],,,4081,Solanum lycopersicum,,Cf-ECP2,none,,PHIPO:0000182,,BTO:0000713,Macroscopic observation (qualitative observation),gene-for-gene interaction,10998185,,,,
PHIG:10376,Q00364,,5499,Passalora fulva,,Unknown strain,species,Ecp1+ (wild type) [Wild type product level],,,4081,Solanum lycopersicum,,Cf-ECP2,none,,PHIPO:0000182,,BTO:0000713,Macroscopic observation (qualitative observation),gene-for-gene interaction,10998185,,,,
PHIG:10377,Q00365,,5499,Passalora fulva,,Unknown strain,species,Ecp2+ (wild type) [Wild type product level],,,4081,Solanum lycopersicum,,Cf-ECP2,none,,PHIPO:0000192,,BTO:0000713,Macroscopic observation (qualitative observation),gene-for-gene interaction,10998185,,,,
PHIG:10379,Q9P408,,5499,Passalora fulva,,Unknown strain,species,Ecp4+ (wild type) [Wild type product level],,,4081,Solanum lycopersicum,,Cf-ECP2,none,,PHIPO:0000182,,BTO:0000713,Macroscopic observation (qualitative observation),gene-for-gene interaction,10998185,,,,
PHIG:10378,Q9P407,,5499,Passalora fulva,,Unknown strain,species,Ecp5+ (wild type) [Wild type product level],,,4081,Solanum lycopersicum,,Cf-ECP2,none,,PHIPO:0000182,,BTO:0000713,Macroscopic observation (qualitative observation),gene-for-gene interaction,10998185,,,,
PHIG:790,Q00363,,5499,Passalora fulva,,Unknown strain,species,Avr4+ (wild type) [Wild type product level],,,4081,Solanum lycopersicum,,line 80,none,,PHIPO:0000182,,BTO:0000713,Macroscopic observation (qualitative observation),gene-for-gene interaction,10998185,,,,
PHIG:10377,Q00365,,5499,Passalora fulva,,Unknown strain,species,Ecp2+ (wild type) [Wild type product level],,,4081,Solanum lycopersicum,,line 80,none,,PHIPO:0000182,,BTO:0000713,Macroscopic observation (qualitative observation),gene-for-gene interaction,10998185,,,,
PHIG:10379,Q9P408,,5499,Passalora fulva,,Unknown strain,species,Ecp4+ (wild type) [Wild type product level],,,4081,Solanum lycopersicum,,line 80,none,,PHIPO:0000182,,BTO:0000713,Macroscopic observation (qualitative observation),gene-for-gene interaction,10998185,,,,
PHIG:10378,Q9P407,,5499,Passalora fulva,,Unknown strain,species,Ecp5+ (wild type) [Wild type product level],,,4081,Solanum lycopersicum,,line 80,none,,PHIPO:0000182,,BTO:0000713,Macroscopic observation (qualitative observation),gene-for-gene interaction,10998185,,,,
PHIG:790,Q00363,,5499,Passalora fulva,,Unknown strain,species,Avr4+ (wild type) [Wild type product level],,,4081,Solanum lycopersicum,,line 95,none,,PHIPO:0000182,,BTO:0000713,Macroscopic observation (qualitative observation),gene-for-gene interaction,10998185,,,,
PHIG:9161,P22287,,5499,Passalora fulva,,Unknown strain,species,Avr9+ (wild type) [Wild type product level],,,4081,Solanum lycopersicum,,line 95,none,,PHIPO:0000182,,BTO:0000713,Macroscopic observation (qualitative observation),gene-for-gene interaction,10998185,,,,
PHIG:10376,Q00364,,5499,Passalora fulva,,Unknown strain,species,Ecp1+ (wild type) [Wild type product level],,,4081,Solanum lycopersicum,,line 95,none,,PHIPO:0000182,,BTO:0000713,Macroscopic observation (qualitative observation),gene-for-gene interaction,10998185,,,,
PHIG:10377,Q00365,,5499,Passalora fulva,,Unknown strain,species,Ecp2+ (wild type) [Wild type product level],,,4081,Solanum lycopersicum,,line 95,none,,PHIPO:0000182,,BTO:0000713,Macroscopic observation (qualitative observation),gene-for-gene interaction,10998185,,,,
PHIG:10379,Q9P408,,5499,Passalora fulva,,Unknown strain,species,Ecp4+ (wild type) [Wild type product level],,,4081,Solanum lycopersicum,,line 95,none,,PHIPO:0000182,,BTO:0000713,Macroscopic observation (qualitative observation),gene-for-gene interaction,10998185,,,,
PHIG:10378,Q9P407,,5499,Passalora fulva,,Unknown strain,species,Ecp5+ (wild type) [Wild type product level],,,4081,Solanum lycopersicum,,line 95,none,,PHIPO:0000192,,BTO:0000713,Macroscopic observation (qualitative observation),gene-for-gene interaction,10998185,,,,
PHIG:790,Q00363,,5499,Passalora fulva,,Unknown strain,species,Avr4+ (wild type) [Wild type product level],,,4084,Solanum pimpinellifolium,,Lp1,none,,PHIPO:0000182,,BTO:0000713,Macroscopic observation (qualitative observation),gene-for-gene interaction,10998185,,,,
PHIG:9161,P22287,,5499,Passalora fulva,,Unknown strain,species,Avr9+ (wild type) [Wild type product level],,,4084,Solanum pimpinellifolium,,Lp1,none,,PHIPO:0000192,,BTO:0000713,Macroscopic observation (qualitative observation),gene-for-gene interaction,10998185,,,,
PHIG:10376,Q00364,,5499,Passalora fulva,,Unknown strain,species,Ecp1+ (wild type) [Wild type product level],,,4084,Solanum pimpinellifolium,,Lp1,none,,PHIPO:0000182,,BTO:0000713,Macroscopic observation (qualitative observation),gene-for-gene interaction,10998185,,,,
PHIG:10377,Q00365,,5499,Passalora fulva,,Unknown strain,species,Ecp2+ (wild type) [Wild type product level],,,4084,Solanum pimpinellifolium,,Lp1,none,,PHIPO:0000182,,BTO:0000713,Macroscopic observation (qualitative observation),gene-for-gene interaction,10998185,,,,
PHIG:10379,Q9P408,,5499,Passalora fulva,,Unknown strain,species,Ecp4+ (wild type) [Wild type product level],,,4084,Solanum pimpinellifolium,,Lp1,none,,PHIPO:0000182,,BTO:0000713,Macroscopic observation (qualitative observation),gene-for-gene interaction,10998185,,,,
PHIG:10378,Q9P407,,5499,Passalora fulva,,Unknown strain,species,Ecp5+ (wild type) [Wild type product level],,,4084,Solanum pimpinellifolium,,Lp1,none,,PHIPO:0000182,,BTO:0000713,Macroscopic observation (qualitative observation),gene-for-gene interaction,10998185,,,,
PHIG:790,Q00363,,5499,Passalora fulva,,Unknown strain,species,Avr4+ (wild type) [Wild type product level],,,4084,Solanum pimpinellifolium,,Lp2,none,,PHIPO:0000182,,BTO:0000713,Macroscopic observation (qualitative observation),gene-for-gene interaction,10998185,,,,
PHIG:9161,P22287,,5499,Passalora fulva,,Unknown strain,species,Avr9+ (wild type) [Wild type product level],,,4084,Solanum pimpinellifolium,,Lp2,none,,PHIPO:0000182,,BTO:0000713,Macroscopic observation (qualitative observation),gene-for-gene interaction,10998185,,,,
PHIG:10376,Q00364,,5499,Passalora fulva,,Unknown strain,species,Ecp1+ (wild type) [Wild type product level],,,4084,Solanum pimpinellifolium,,Lp2,none,,PHIPO:0000182,,BTO:0000713,Macroscopic observation (qualitative observation),gene-for-gene interaction,10998185,,,,
PHIG:10377,Q00365,,5499,Passalora fulva,,Unknown strain,species,Ecp2+ (wild type) [Wild type product level],,,4084,Solanum pimpinellifolium,,Lp2,none,,PHIPO:0000192,,BTO:0000713,Macroscopic observation (qualitative observation),gene-for-gene interaction,10998185,,,,
PHIG:10379,Q9P408,,5499,Passalora fulva,,Unknown strain,species,Ecp4+ (wild type) [Wild type product level],,,4084,Solanum pimpinellifolium,,Lp2,none,,PHIPO:0000182,,BTO:0000713,Macroscopic observation (qualitative observation),gene-for-gene interaction,10998185,,,,
PHIG:10378,Q9P407,,5499,Passalora fulva,,Unknown strain,species,Ecp5+ (wild type) [Wild type product level],,,4084,Solanum pimpinellifolium,,Lp2,none,,PHIPO:0000182,,BTO:0000713,Macroscopic observation (qualitative observation),gene-for-gene interaction,10998185,,,,
PHIG:790,Q00363,,5499,Passalora fulva,,Unknown strain,species,Avr4+ (wild type) [Wild type product level],,,4084,Solanum pimpinellifolium,,Lp8,none,,PHIPO:0000182,,BTO:0000713,Macroscopic observation (qualitative observation),gene-for-gene interaction,10998185,,,,
PHIG:9161,P22287,,5499,Passalora fulva,,Unknown strain,species,Avr9+ (wild type) [Wild type product level],,,4084,Solanum pimpinellifolium,,Lp8,none,,PHIPO:0000182,,BTO:0000713,Macroscopic observation (qualitative observation),gene-for-gene interaction,10998185,,,,
PHIG:10376,Q00364,,5499,Passalora fulva,,Unknown strain,species,Ecp1+ (wild type) [Wild type product level],,,4084,Solanum pimpinellifolium,,Lp8,none,,PHIPO:0000182,,BTO:0000713,Macroscopic observation (qualitative observation),gene-for-gene interaction,10998185,,,,
PHIG:10377,Q00365,,5499,Passalora fulva,,Unknown strain,species,Ecp2+ (wild type) [Wild type product level],,,4084,Solanum pimpinellifolium,,Lp8,none,,PHIPO:0000182,,BTO:0000713,Macroscopic observation (qualitative observation),gene-for-gene interaction,10998185,,,,
PHIG:10379,Q9P408,,5499,Passalora fulva,,Unknown strain,species,Ecp4+ (wild type) [Wild type product level],,,4084,Solanum pimpinellifolium,,Lp8,none,,PHIPO:0000182,,BTO:0000713,Macroscopic observation (qualitative observation),gene-for-gene interaction,10998185,,,,
PHIG:10378,Q9P407,,5499,Passalora fulva,,Unknown strain,species,Ecp5+ (wild type) [Wild type product level],,,4084,Solanum pimpinellifolium,,Lp8,none,,PHIPO:0000182,,BTO:0000713,Macroscopic observation (qualitative observation),gene-for-gene interaction,10998185,,,,
PHIG:790,Q00363,,5499,Passalora fulva,,Unknown strain,species,Avr4+ (wild type) [Wild type product level],,,4084,Solanum pimpinellifolium,,Lp12,none,,PHIPO:0000182,,BTO:0000713,Macroscopic observation (qualitative observation),gene-for-gene interaction,10998185,,,,
PHIG:9161,P22287,,5499,Passalora fulva,,Unknown strain,species,Avr9+ (wild type) [Wild type product level],,,4084,Solanum pimpinellifolium,,Lp12,none,,PHIPO:0000192,,BTO:0000713,Macroscopic observation (qualitative observation),gene-for-gene interaction,10998185,,,,
PHIG:10376,Q00364,,5499,Passalora fulva,,Unknown strain,species,Ecp1+ (wild type) [Wild type product level],,,4084,Solanum pimpinellifolium,,Lp12,none,,PHIPO:0000182,,BTO:0000713,Macroscopic observation (qualitative observation),gene-for-gene interaction,10998185,,,,
PHIG:10377,Q00365,,5499,Passalora fulva,,Unknown strain,species,Ecp2+ (wild type) [Wild type product level],,,4084,Solanum pimpinellifolium,,Lp12,none,,PHIPO:0000182,,BTO:0000713,Macroscopic observation (qualitative observation),gene-for-gene interaction,10998185,,,,
PHIG:10379,Q9P408,,5499,Passalora fulva,,Unknown strain,species,Ecp4+ (wild type) [Wild type product level],,,4084,Solanum pimpinellifolium,,Lp12,none,,PHIPO:0000182,,BTO:0000713,Macroscopic observation (qualitative observation),gene-for-gene interaction,10998185,,,,
PHIG:10378,Q9P407,,5499,Passalora fulva,,Unknown strain,species,Ecp5+ (wild type) [Wild type product level],,,4084,Solanum pimpinellifolium,,Lp12,none,,PHIPO:0000182,,BTO:0000713,Macroscopic observation (qualitative observation),gene-for-gene interaction,10998185,,,,
PHIG:790,Q00363,,5499,Passalora fulva,,Unknown strain,species,Avr4+ (wild type) [Wild type product level],,,4084,Solanum pimpinellifolium,,Lp15,none,,PHIPO:0000182,,BTO:0000713,Macroscopic observation (qualitative observation),gene-for-gene interaction,10998185,,,,
PHIG:9161,P22287,,5499,Passalora fulva,,Unknown strain,species,Avr9+ (wild type) [Wild type product level],,,4084,Solanum pimpinellifolium,,Lp15,none,,PHIPO:0000192,,BTO:0000713,Macroscopic observation (qualitative observation),gene-for-gene interaction,10998185,,,,
PHIG:10376,Q00364,,5499,Passalora fulva,,Unknown strain,species,Ecp1+ (wild type) [Wild type product level],,,4084,Solanum pimpinellifolium,,Lp15,none,,PHIPO:0000182,,BTO:0000713,Macroscopic observation (qualitative observation),gene-for-gene interaction,10998185,,,,
PHIG:10377,Q00365,,5499,Passalora fulva,,Unknown strain,species,Ecp2+ (wild type) [Wild type product level],,,4084,Solanum pimpinellifolium,,Lp15,none,,PHIPO:0000182,,BTO:0000713,Macroscopic observation (qualitative observation),gene-for-gene interaction,10998185,,,,
PHIG:10379,Q9P408,,5499,Passalora fulva,,Unknown strain,species,Ecp4+ (wild type) [Wild type product level],,,4084,Solanum pimpinellifolium,,Lp15,none,,PHIPO:0000182,,BTO:0000713,Macroscopic observation (qualitative observation),gene-for-gene interaction,10998185,,,,
PHIG:10378,Q9P407,,5499,Passalora fulva,,Unknown strain,species,Ecp5+ (wild type) [Wild type product level],,,4084,Solanum pimpinellifolium,,Lp15,none,,PHIPO:0000182,,BTO:0000713,Macroscopic observation (qualitative observation),gene-for-gene interaction,10998185,,,,
PHIG:790,Q00363,,5499,Passalora fulva,,Unknown strain,species,Avr4+ (wild type) [Wild type product level],,,4084,Solanum pimpinellifolium,,Lp18,none,,PHIPO:0000182,,BTO:0000713,Macroscopic observation (qualitative observation),gene-for-gene interaction,10998185,,,,
PHIG:9161,P22287,,5499,Passalora fulva,,Unknown strain,species,Avr9+ (wild type) [Wild type product level],,,4084,Solanum pimpinellifolium,,Lp18,none,,PHIPO:0000182,,BTO:0000713,Macroscopic observation (qualitative observation),gene-for-gene interaction,10998185,,,,
PHIG:10376,Q00364,,5499,Passalora fulva,,Unknown strain,species,Ecp1+ (wild type) [Wild type product level],,,4084,Solanum pimpinellifolium,,Lp18,none,,PHIPO:0000192,,BTO:0000713,Macroscopic observation (qualitative observation),gene-for-gene interaction,10998185,,,,
PHIG:10377,Q00365,,5499,Passalora fulva,,Unknown strain,species,Ecp2+ (wild type) [Wild type product level],,,4084,Solanum pimpinellifolium,,Lp18,none,,PHIPO:0000182,,BTO:0000713,Macroscopic observation (qualitative observation),gene-for-gene interaction,10998185,,,,
PHIG:10379,Q9P408,,5499,Passalora fulva,,Unknown strain,species,Ecp4+ (wild type) [Wild type product level],,,4084,Solanum pimpinellifolium,,Lp18,none,,PHIPO:0000182,,BTO:0000713,Macroscopic observation (qualitative observation),gene-for-gene interaction,10998185,,,,
PHIG:10378,Q9P407,,5499,Passalora fulva,,Unknown strain,species,Ecp5+ (wild type) [Wild type product level],,,4084,Solanum pimpinellifolium,,Lp18,none,,PHIPO:0000182,,BTO:0000713,Macroscopic observation (qualitative observation),gene-for-gene interaction,10998185,,,,
PHIG:790,Q00363,,5499,Passalora fulva,,Unknown strain,species,Avr4+ (wild type) [Wild type product level],,,4084,Solanum pimpinellifolium,,Lp28,none,,PHIPO:0000182,,BTO:0000713,Macroscopic observation (qualitative observation),gene-for-gene interaction,10998185,,,,
PHIG:9161,P22287,,5499,Passalora fulva,,Unknown strain,species,Avr9+ (wild type) [Wild type product level],,,4084,Solanum pimpinellifolium,,Lp28,none,,PHIPO:0000192,,BTO:0000713,Macroscopic observation (qualitative observation),gene-for-gene interaction,10998185,,,,
PHIG:10376,Q00364,,5499,Passalora fulva,,Unknown strain,species,Ecp1+ (wild type) [Wild type product level],,,4084,Solanum pimpinellifolium,,Lp28,none,,PHIPO:0000182,,BTO:0000713,Macroscopic observation (qualitative observation),gene-for-gene interaction,10998185,,,,
PHIG:10377,Q00365,,5499,Passalora fulva,,Unknown strain,species,Ecp2+ (wild type) [Wild type product level],,,4084,Solanum pimpinellifolium,,Lp28,none,,PHIPO:0000182,,BTO:0000713,Macroscopic observation (qualitative observation),gene-for-gene interaction,10998185,,,,
PHIG:10379,Q9P408,,5499,Passalora fulva,,Unknown strain,species,Ecp4+ (wild type) [Wild type product level],,,4084,Solanum pimpinellifolium,,Lp28,none,,PHIPO:0000182,,BTO:0000713,Macroscopic observation (qualitative observation),gene-for-gene interaction,10998185,,,,
PHIG:10378,Q9P407,,5499,Passalora fulva,,Unknown strain,species,Ecp5+ (wild type) [Wild type product level],,,4084,Solanum pimpinellifolium,,Lp28,none,,PHIPO:0000182,,BTO:0000713,Macroscopic observation (qualitative observation),gene-for-gene interaction,10998185,,,,
PHIG:790,Q00363,,5499,Passalora fulva,,Unknown strain,species,Avr4+ (wild type) [Wild type product level],,,4084,Solanum pimpinellifolium,,Lp30,none,,PHIPO:0000182,,BTO:0000713,Macroscopic observation (qualitative observation),gene-for-gene interaction,10998185,,,,
PHIG:9161,P22287,,5499,Passalora fulva,,Unknown strain,species,Avr9+ (wild type) [Wild type product level],,,4084,Solanum pimpinellifolium,,Lp30,none,,PHIPO:0000192,,BTO:0000713,Macroscopic observation (qualitative observation),gene-for-gene interaction,10998185,,,,
PHIG:10376,Q00364,,5499,Passalora fulva,,Unknown strain,species,Ecp1+ (wild type) [Wild type product level],,,4084,Solanum pimpinellifolium,,Lp30,none,,PHIPO:0000182,,BTO:0000713,Macroscopic observation (qualitative observation),gene-for-gene interaction,10998185,,,,
PHIG:10377,Q00365,,5499,Passalora fulva,,Unknown strain,species,Ecp2+ (wild type) [Wild type product level],,,4084,Solanum pimpinellifolium,,Lp30,none,,PHIPO:0000182,,BTO:0000713,Macroscopic observation (qualitative observation),gene-for-gene interaction,10998185,,,,
PHIG:10379,Q9P408,,5499,Passalora fulva,,Unknown strain,species,Ecp4+ (wild type) [Wild type product level],,,4084,Solanum pimpinellifolium,,Lp30,none,,PHIPO:0000182,,BTO:0000713,Macroscopic observation (qualitative observation),gene-for-gene interaction,10998185,,,,
PHIG:10378,Q9P407,,5499,Passalora fulva,,Unknown strain,species,Ecp5+ (wild type) [Wild type product level],,,4084,Solanum pimpinellifolium,,Lp30,none,,PHIPO:0000182,,BTO:0000713,Macroscopic observation (qualitative observation),gene-for-gene interaction,10998185,,,,
PHIG:790,Q00363,,5499,Passalora fulva,,Unknown strain,species,Avr4+ (wild type) [Wild type product level],,,4084,Solanum pimpinellifolium,,Lp31,none,,PHIPO:0000182,,BTO:0000713,Macroscopic observation (qualitative observation),gene-for-gene interaction,10998185,,,,
PHIG:9161,P22287,,5499,Passalora fulva,,Unknown strain,species,Avr9+ (wild type) [Wild type product level],,,4084,Solanum pimpinellifolium,,Lp31,none,,PHIPO:0000182,,BTO:0000713,Macroscopic observation (qualitative observation),gene-for-gene interaction,10998185,,,,
PHIG:10376,Q00364,,5499,Passalora fulva,,Unknown strain,species,Ecp1+ (wild type) [Wild type product level],,,4084,Solanum pimpinellifolium,,Lp31,none,,PHIPO:0000182,,BTO:0000713,Macroscopic observation (qualitative observation),gene-for-gene interaction,10998185,,,,
PHIG:10377,Q00365,,5499,Passalora fulva,,Unknown strain,species,Ecp2+ (wild type) [Wild type product level],,,4084,Solanum pimpinellifolium,,Lp31,none,,PHIPO:0000182,,BTO:0000713,Macroscopic observation (qualitative observation),gene-for-gene interaction,10998185,,,,
PHIG:10379,Q9P408,,5499,Passalora fulva,,Unknown strain,species,Ecp4+ (wild type) [Wild type product level],,,4084,Solanum pimpinellifolium,,Lp31,none,,PHIPO:0000192,,BTO:0000713,Macroscopic observation (qualitative observation),gene-for-gene interaction,10998185,,,,
PHIG:10378,Q9P407,,5499,Passalora fulva,,Unknown strain,species,Ecp5+ (wild type) [Wild type product level],,,4084,Solanum pimpinellifolium,,Lp31,none,,PHIPO:0000182,,BTO:0000713,Macroscopic observation (qualitative observation),gene-for-gene interaction,10998185,,,,
PHIG:790,Q00363,,5499,Passalora fulva,,Unknown strain,species,Avr4+ (wild type) [Wild type product level],,,4084,Solanum pimpinellifolium,,Lp32,none,,PHIPO:0000182,,BTO:0000713,Macroscopic observation (qualitative observation),gene-for-gene interaction,10998185,,,,
PHIG:9161,P22287,,5499,Passalora fulva,,Unknown strain,species,Avr9+ (wild type) [Wild type product level],,,4084,Solanum pimpinellifolium,,Lp32,none,,PHIPO:0000182,,BTO:0000713,Macroscopic observation (qualitative observation),gene-for-gene interaction,10998185,,,,
PHIG:10376,Q00364,,5499,Passalora fulva,,Unknown strain,species,Ecp1+ (wild type) [Wild type product level],,,4084,Solanum pimpinellifolium,,Lp32,none,,PHIPO:0000182,,BTO:0000713,Macroscopic observation (qualitative observation),gene-for-gene interaction,10998185,,,,
PHIG:10377,Q00365,,5499,Passalora fulva,,Unknown strain,species,Ecp2+ (wild type) [Wild type product level],,,4084,Solanum pimpinellifolium,,Lp32,none,,PHIPO:0000182,,BTO:0000713,Macroscopic observation (qualitative observation),gene-for-gene interaction,10998185,,,,
PHIG:10379,Q9P408,,5499,Passalora fulva,,Unknown strain,species,Ecp4+ (wild type) [Wild type product level],,,4084,Solanum pimpinellifolium,,Lp32,none,,PHIPO:0000192,,BTO:0000713,Macroscopic observation (qualitative observation),gene-for-gene interaction,10998185,,,,
PHIG:10378,Q9P407,,5499,Passalora fulva,,Unknown strain,species,Ecp5+ (wild type) [Wild type product level],,,4084,Solanum pimpinellifolium,,Lp32,none,,PHIPO:0000192,,BTO:0000713,Macroscopic observation (qualitative observation),gene-for-gene interaction,10998185,,,,
PHIG:790,Q00363,,5499,Passalora fulva,,Unknown strain,species,Avr4+ (wild type) [Wild type product level],,,4084,Solanum pimpinellifolium,,Lp33,none,,PHIPO:0000182,,BTO:0000713,Macroscopic observation (qualitative observation),gene-for-gene interaction,10998185,,,,
PHIG:9161,P22287,,5499,Passalora fulva,,Unknown strain,species,Avr9+ (wild type) [Wild type product level],,,4084,Solanum pimpinellifolium,,Lp33,none,,PHIPO:0000192,,BTO:0000713,Macroscopic observation (qualitative observation),gene-for-gene interaction,10998185,,,,
PHIG:10376,Q00364,,5499,Passalora fulva,,Unknown strain,species,Ecp1+ (wild type) [Wild type product level],,,4084,Solanum pimpinellifolium,,Lp33,none,,PHIPO:0000182,,BTO:0000713,Macroscopic observation (qualitative observation),gene-for-gene interaction,10998185,,,,
PHIG:10377,Q00365,,5499,Passalora fulva,,Unknown strain,species,Ecp2+ (wild type) [Wild type product level],,,4084,Solanum pimpinellifolium,,Lp33,none,,PHIPO:0000182,,BTO:0000713,Macroscopic observation (qualitative observation),gene-for-gene interaction,10998185,,,,
PHIG:10379,Q9P408,,5499,Passalora fulva,,Unknown strain,species,Ecp4+ (wild type) [Wild type product level],,,4084,Solanum pimpinellifolium,,Lp33,none,,PHIPO:0000182,,BTO:0000713,Macroscopic observation (qualitative observation),gene-for-gene interaction,10998185,,,,
PHIG:10378,Q9P407,,5499,Passalora fulva,,Unknown strain,species,Ecp5+ (wild type) [Wild type product level],,,4084,Solanum pimpinellifolium,,Lp33,none,,PHIPO:0000182,,BTO:0000713,Macroscopic observation (qualitative observation),gene-for-gene interaction,10998185,,,,
PHIG:790,Q00363,,5499,Passalora fulva,,Unknown strain,species,Avr4+ (wild type) [Wild type product level],,,4084,Solanum pimpinellifolium,,Lp40,none,,PHIPO:0000182,,BTO:0000713,Macroscopic observation (qualitative observation),gene-for-gene interaction,10998185,,,,
PHIG:9161,P22287,,5499,Passalora fulva,,Unknown strain,species,Avr9+ (wild type) [Wild type product level],,,4084,Solanum pimpinellifolium,,Lp40,none,,PHIPO:0000182,,BTO:0000713,Macroscopic observation (qualitative observation),gene-for-gene interaction,10998185,,,,
PHIG:10376,Q00364,,5499,Passalora fulva,,Unknown strain,species,Ecp1+ (wild type) [Wild type product level],,,4084,Solanum pimpinellifolium,,Lp40,none,,PHIPO:0000182,,BTO:0000713,Macroscopic observation (qualitative observation),gene-for-gene interaction,10998185,,,,
PHIG:10377,Q00365,,5499,Passalora fulva,,Unknown strain,species,Ecp2+ (wild type) [Wild type product level],,,4084,Solanum pimpinellifolium,,Lp40,none,,PHIPO:0000182,,BTO:0000713,Macroscopic observation (qualitative observation),gene-for-gene interaction,10998185,,,,
PHIG:10379,Q9P408,,5499,Passalora fulva,,Unknown strain,species,Ecp4+ (wild type) [Wild type product level],,,4084,Solanum pimpinellifolium,,Lp40,none,,PHIPO:0000182,,BTO:0000713,Macroscopic observation (qualitative observation),gene-for-gene interaction,10998185,,,,
PHIG:10378,Q9P407,,5499,Passalora fulva,,Unknown strain,species,Ecp5+ (wild type) [Wild type product level],,,4084,Solanum pimpinellifolium,,Lp40,none,,PHIPO:0000192,,BTO:0000713,Macroscopic observation (qualitative observation),gene-for-gene interaction,10998185,,,,
PHIG:790,Q00363,,5499,Passalora fulva,,Unknown strain,species,Avr4+ (wild type) [Wild type product level],,,4084,Solanum pimpinellifolium,,Lp41,none,,PHIPO:0000182,,BTO:0000713,Macroscopic observation (qualitative observation),gene-for-gene interaction,10998185,,,,
PHIG:9161,P22287,,5499,Passalora fulva,,Unknown strain,species,Avr9+ (wild type) [Wild type product level],,,4084,Solanum pimpinellifolium,,Lp41,none,,PHIPO:0000182,,BTO:0000713,Macroscopic observation (qualitative observation),gene-for-gene interaction,10998185,,,,
PHIG:10376,Q00364,,5499,Passalora fulva,,Unknown strain,species,Ecp1+ (wild type) [Wild type product level],,,4084,Solanum pimpinellifolium,,Lp41,none,,PHIPO:0000182,,BTO:0000713,Macroscopic observation (qualitative observation),gene-for-gene interaction,10998185,,,,
PHIG:10377,Q00365,,5499,Passalora fulva,,Unknown strain,species,Ecp2+ (wild type) [Wild type product level],,,4084,Solanum pimpinellifolium,,Lp41,none,,PHIPO:0000182,,BTO:0000713,Macroscopic observation (qualitative observation),gene-for-gene interaction,10998185,,,,
PHIG:10379,Q9P408,,5499,Passalora fulva,,Unknown strain,species,Ecp4+ (wild type) [Wild type product level],,,4084,Solanum pimpinellifolium,,Lp41,none,,PHIPO:0000182,,BTO:0000713,Macroscopic observation (qualitative observation),gene-for-gene interaction,10998185,,,,
PHIG:10378,Q9P407,,5499,Passalora fulva,,Unknown strain,species,Ecp5+ (wild type) [Wild type product level],,,4084,Solanum pimpinellifolium,,Lp41,none,,PHIPO:0000192,,BTO:0000713,Macroscopic observation (qualitative observation),gene-for-gene interaction,10998185,,,,
PHIG:790,Q00363,,5499,Passalora fulva,,Unknown strain,species,Avr4+ (wild type) [Wild type product level],,,4081,Solanum lycopersicum,,cv. Moneymaker Cf-0,none,,,PHIDO:0000209,,,interspecies interaction,10998185,,,,
PHIG:10514,G2XEP1,,27337,Verticillium dahliae,498257,XS11,strain,Ste7delta (deletion),,,269719,Cotinus coggygria,,Unknown strain,none,,PHIPO:0000363,,BTO:0001228,Macroscopic observation (qualitative observation),interspecies interaction,38241914,Loss of pathogenicity,,,
PHIG:10514,G2XEP1,,27337,Verticillium dahliae,498257,XS11,strain,Ste7+ (wild type) [Wild type product level],,,269719,Cotinus coggygria,,Unknown strain,none,,PHIPO:0000951,,BTO:0001228,Macroscopic observation (qualitative observation),interspecies interaction,38241914,,,,
PHIG:10514,G2XEP1,,27337,Verticillium dahliae,498257,XS11,strain,Ste7 transformant(complement by re-introducing the wild-type allele at an ectopic locus) (transformant) [Ectopic],,,269719,Cotinus coggygria,,Unknown strain,none,,PHIPO:0000951,,BTO:0001228,Macroscopic observation (qualitative observation),interspecies interaction,38241914,Unaffected pathogenicity,,,
PHIG:10515,G2XH29,,27337,Verticillium dahliae,498257,XS11,strain,Kss1delta (deletion),,,269719,Cotinus coggygria,,Unknown strain,none,,PHIPO:0000363,,BTO:0001228,Macroscopic observation (qualitative observation),interspecies interaction,38241914,Loss of pathogenicity,,,
PHIG:10515,G2XH29,,27337,Verticillium dahliae,498257,XS11,strain,Kss1+ (wild type) [Wild type product level],,,269719,Cotinus coggygria,,Unknown strain,none,,PHIPO:0000951,,BTO:0001228,Macroscopic observation (qualitative observation),interspecies interaction,38241914,,,,
PHIG:10515,G2XH29,,27337,Verticillium dahliae,498257,XS11,strain,Kss1delta-Kss1 transformant(complement by re-introducing the wild-type allele at an ectopic locus) (transformant) [Ectopic],,,269719,Cotinus coggygria,,Unknown strain,none,,PHIPO:0000951,,BTO:0001228,Macroscopic observation (qualitative observation),interspecies interaction,38241914,Unaffected pathogenicity,,,
PHIG:10513,G2WT16,,27337,Verticillium dahliae,498257,XS11,strain,Rlm1delta (deletion),,,4097,Nicotiana tabacum,,Unknown strain,none,,PHIPO:0000365,,BTO:0001228,Macroscopic observation (qualitative observation),interspecies interaction,38241914,Reduced virulence,,,
PHIG:10513,G2WT16,,27337,Verticillium dahliae,498257,XS11,strain,Rlm1+ (wild type) [Wild type product level],,,4097,Nicotiana tabacum,,Unknown strain,none,,PHIPO:0000951,,BTO:0001228,Macroscopic observation (qualitative observation),interspecies interaction,38241914,,,,
PHIG:10513,G2WT16,,27337,Verticillium dahliae,498257,XS11,strain,Rlm1delta-Rlm1 transformant(complement by re-introducing the wild-type allele at an ectopic locus) (transformant) [Ectopic],,,4097,Nicotiana tabacum,,Unknown strain,none,,PHIPO:0000951,,BTO:0001228,Macroscopic observation (qualitative observation),interspecies interaction,38241914,Unaffected pathogenicity,,,
PHIG:10514,G2XEP1,,27337,Verticillium dahliae,498257,XS11,strain,Ste7+ (wild type) [Wild type product level],,,269719,Cotinus coggygria,,Unknown strain,none,,,PHIDO:0000381,,,interspecies interaction,38241914,,,,
PHIG:10514,G2XEP1,,27337,Verticillium dahliae,498257,XS11,strain,Ste7delta (deletion),,,269719,Cotinus coggygria,,Unknown strain,none,,PHIPO:0000363,,BTO:0001300,Macroscopic observation (qualitative observation),interspecies interaction,38241914,Loss of pathogenicity,,,
PHIG:10515,G2XH29,,27337,Verticillium dahliae,498257,XS11,strain,Kss1delta (deletion),,,269719,Cotinus coggygria,,Unknown strain,none,,PHIPO:0000363,,BTO:0001300,Macroscopic observation (qualitative observation),interspecies interaction,38241914,Loss of pathogenicity,,,
PHIG:1807,M4B6G6,,272952,Hyaloperonospora arabidopsidis,559515,Emoy2,strain,"Atr1 transformant(overexpression, Citrine tagged) (transformant) [Ectopic]",F4J339,,3702,Arabidopsis thaliana,,ecotype Wassilewskija-0,species,Rpp1 transformant(HA-tagged) (transformant) [Ectopic],PHIPO:0000192,,BTO:0000713,Macroscopic observation (qualitative observation),gene-for-gene interaction,20601497,Effector,,,
PHIG:1807,M4B6G6,,272952,Hyaloperonospora arabidopsidis,559515,Emoy2,strain,"Atr1 transformant(overexpression, Citrine tagged) (transformant) [Ectopic]",F4J339,,3702,Arabidopsis thaliana,,ecotype Wassilewskija-0,species,Rpp1 transformant(HA-tagged) (transformant) [Ectopic],PHIPO:0000192,,BTO:0000713,Macroscopic observation (qualitative observation),gene-for-gene interaction,20601497,Effector,,,
PHIG:1807,M4B6G6,,272952,Hyaloperonospora arabidopsidis,559515,Emoy2,strain,"Atr1delta51(1-51 deleted, Citrine tagged) (partial amino acid deletion) [Overexpression]",F4J339,,3702,Arabidopsis thaliana,,ecotype Wassilewskija-0,species,Rpp1 transformant(HA-tagged) (transformant) [Ectopic],PHIPO:0000192,,BTO:0000713,Macroscopic observation (qualitative observation),gene-for-gene interaction,20601497,Effector,,,
PHIG:1807,M4B6G6,,272952,Hyaloperonospora arabidopsidis,559515,Emoy2,strain,"Atr1delta51(1-51 deleted, Citrine tagged) (partial amino acid deletion) [Overexpression]",F4J339,,3702,Arabidopsis thaliana,,ecotype Wassilewskija-0,species,Rpp1 transformant(HA-tagged) (transformant) [Ectopic],PHIPO:0000192,,BTO:0000713,Macroscopic observation (qualitative observation),gene-for-gene interaction,20601497,Effector,,,
PHIG:1807,M4B6G6,,272952,Hyaloperonospora arabidopsidis,559515,Cala2,strain,"Atr1delta51(1-51 deleted, Citrine tagged, Cala2) (partial amino acid deletion) [Overexpression]",F4J339,,3702,Arabidopsis thaliana,,ecotype Wassilewskija-0,species,Rpp1 transformant(HA-tagged) (transformant) [Ectopic],PHIPO:0000182,,BTO:0000713,Macroscopic observation (qualitative observation),gene-for-gene interaction,20601497,Effector,,,
PHIG:1807,M4B6G6,,272952,Hyaloperonospora arabidopsidis,559515,Cala2,strain,"Atr1delta51(1-51 deleted, Citrine tagged, Cala2) (partial amino acid deletion) [Overexpression]",F4J339,,3702,Arabidopsis thaliana,,ecotype Wassilewskija-0,species,Rpp1 transformant(HA-tagged) (transformant) [Ectopic],PHIPO:0000182,,BTO:0000713,Macroscopic observation (qualitative observation),gene-for-gene interaction,20601497,Effector,,,
PHIG:1807,M4B6G6,,272952,Hyaloperonospora arabidopsidis,559515,Emco5,strain,"Atr1delta51(1-51 deleted, Citrine tagged, Emco5) (partial amino acid deletion) [Overexpression]",F4J339,,3702,Arabidopsis thaliana,,ecotype Wassilewskija-0,species,Rpp1 transformant(HA-tagged) (transformant) [Ectopic],PHIPO:0000192,,BTO:0000713,Macroscopic observation (qualitative observation),gene-for-gene interaction,20601497,Effector,,,
PHIG:1807,M4B6G6,,272952,Hyaloperonospora arabidopsidis,559515,Emco5,strain,"Atr1delta51(1-51 deleted, Citrine tagged, Emco5) (partial amino acid deletion) [Overexpression]",F4J339,,3702,Arabidopsis thaliana,,ecotype Wassilewskija-0,species,Rpp1 transformant(HA-tagged) (transformant) [Ectopic],PHIPO:0000192,,BTO:0000713,Macroscopic observation (qualitative observation),gene-for-gene interaction,20601497,Effector,,,
PHIG:1807,M4B6G6,,272952,Hyaloperonospora arabidopsidis,559515,Emwa1,strain,"Atr1delta51(1-51 deleted, Citrine tagged, Emwa1) (partial amino acid deletion) [Overexpression]",F4J339,,3702,Arabidopsis thaliana,,ecotype Wassilewskija-0,species,Rpp1 transformant(HA-tagged) (transformant) [Ectopic],PHIPO:0000182,,BTO:0000713,Macroscopic observation (qualitative observation),gene-for-gene interaction,20601497,Effector,,,
PHIG:1807,M4B6G6,,272952,Hyaloperonospora arabidopsidis,559515,Emwa1,strain,"Atr1delta51(1-51 deleted, Citrine tagged, Emwa1) (partial amino acid deletion) [Overexpression]",F4J339,,3702,Arabidopsis thaliana,,ecotype Wassilewskija-0,species,Rpp1 transformant(HA-tagged) (transformant) [Ectopic],PHIPO:0000182,,BTO:0000713,Macroscopic observation (qualitative observation),gene-for-gene interaction,20601497,Effector,,,
PHIG:1807,M4B6G6,,272952,Hyaloperonospora arabidopsidis,559515,Maks9,strain,"Atr1delta51(1-51 deleted, Citrine tagged, Maks9) (partial amino acid deletion) [Overexpression]",F4J339,,3702,Arabidopsis thaliana,,ecotype Wassilewskija-0,species,Rpp1 transformant(HA-tagged) (transformant) [Ectopic],PHIPO:0000192,,BTO:0000713,Macroscopic observation (qualitative observation),gene-for-gene interaction,20601497,Effector,,,
PHIG:1807,M4B6G6,,272952,Hyaloperonospora arabidopsidis,559515,Maks9,strain,"Atr1delta51(1-51 deleted, Citrine tagged, Maks9) (partial amino acid deletion) [Overexpression]",F4J339,,3702,Arabidopsis thaliana,,ecotype Wassilewskija-0,species,Rpp1 transformant(HA-tagged) (transformant) [Ectopic],PHIPO:0000192,,BTO:0000713,Macroscopic observation (qualitative observation),gene-for-gene interaction,20601497,Effector,,,
PHIG:1807,M4B6G6,,272952,Hyaloperonospora arabidopsidis,559515,Emoy2,strain,"Atr1delta51(1-51 deleted, Citrine tagged) (partial amino acid deletion) [Overexpression]",F4J339,,3702,Arabidopsis thaliana,,ecotype Niederzenz-0,species,"Rpp1 transformant(HA-tagged, Niederzenz-0) (transformant) [Ectopic]",PHIPO:0000192,,BTO:0000713,Macroscopic observation (qualitative observation),gene-for-gene interaction,20601497,Effector,,,
PHIG:1807,M4B6G6,,272952,Hyaloperonospora arabidopsidis,559515,Emoy2,strain,"Atr1delta51(1-51 deleted, Citrine tagged) (partial amino acid deletion) [Overexpression]",F4J339,,3702,Arabidopsis thaliana,,ecotype Niederzenz-0,species,"Rpp1 transformant(HA-tagged, Niederzenz-0) (transformant) [Ectopic]",PHIPO:0000192,,BTO:0000713,Macroscopic observation (qualitative observation),gene-for-gene interaction,20601497,Effector,,,
PHIG:1807,M4B6G6,,272952,Hyaloperonospora arabidopsidis,559515,Cala2,strain,"Atr1delta51(1-51 deleted, Citrine tagged, Cala2) (partial amino acid deletion) [Overexpression]",F4J339,,3702,Arabidopsis thaliana,,ecotype Niederzenz-0,species,"Rpp1 transformant(HA-tagged, Niederzenz-0) (transformant) [Ectopic]",PHIPO:0000182,,BTO:0000713,Macroscopic observation (qualitative observation),gene-for-gene interaction,20601497,Effector,,,
PHIG:1807,M4B6G6,,272952,Hyaloperonospora arabidopsidis,559515,Cala2,strain,"Atr1delta51(1-51 deleted, Citrine tagged, Cala2) (partial amino acid deletion) [Overexpression]",F4J339,,3702,Arabidopsis thaliana,,ecotype Niederzenz-0,species,"Rpp1 transformant(HA-tagged, Niederzenz-0) (transformant) [Ectopic]",PHIPO:0000182,,BTO:0000713,Macroscopic observation (qualitative observation),gene-for-gene interaction,20601497,Effector,,,
PHIG:1807,M4B6G6,,272952,Hyaloperonospora arabidopsidis,559515,Emco5,strain,"Atr1delta51(1-51 deleted, Citrine tagged, Emco5) (partial amino acid deletion) [Overexpression]",F4J339,,3702,Arabidopsis thaliana,,ecotype Niederzenz-0,species,"Rpp1 transformant(HA-tagged, Niederzenz-0) (transformant) [Ectopic]",PHIPO:0000182,,BTO:0000713,Macroscopic observation (qualitative observation),gene-for-gene interaction,20601497,Effector,,,
PHIG:1807,M4B6G6,,272952,Hyaloperonospora arabidopsidis,559515,Emco5,strain,"Atr1delta51(1-51 deleted, Citrine tagged, Emco5) (partial amino acid deletion) [Overexpression]",F4J339,,3702,Arabidopsis thaliana,,ecotype Niederzenz-0,species,"Rpp1 transformant(HA-tagged, Niederzenz-0) (transformant) [Ectopic]",PHIPO:0000182,,BTO:0000713,Macroscopic observation (qualitative observation),gene-for-gene interaction,20601497,Effector,,,
PHIG:1807,M4B6G6,,272952,Hyaloperonospora arabidopsidis,559515,Emwa1,strain,"Atr1delta51(1-51 deleted, Citrine tagged, Emwa1) (partial amino acid deletion) [Overexpression]",F4J339,,3702,Arabidopsis thaliana,,ecotype Niederzenz-0,species,"Rpp1 transformant(HA-tagged, Niederzenz-0) (transformant) [Ectopic]",PHIPO:0000182,,BTO:0000713,Macroscopic observation (qualitative observation),gene-for-gene interaction,20601497,Effector,,,
PHIG:1807,M4B6G6,,272952,Hyaloperonospora arabidopsidis,559515,Emwa1,strain,"Atr1delta51(1-51 deleted, Citrine tagged, Emwa1) (partial amino acid deletion) [Overexpression]",F4J339,,3702,Arabidopsis thaliana,,ecotype Niederzenz-0,species,"Rpp1 transformant(HA-tagged, Niederzenz-0) (transformant) [Ectopic]",PHIPO:0000182,,BTO:0000713,Macroscopic observation (qualitative observation),gene-for-gene interaction,20601497,Effector,,,
PHIG:1807,M4B6G6,,272952,Hyaloperonospora arabidopsidis,559515,Maks9,strain,"Atr1delta51(1-51 deleted, Citrine tagged, Maks9) (partial amino acid deletion) [Overexpression]",F4J339,,3702,Arabidopsis thaliana,,ecotype Niederzenz-0,species,"Rpp1 transformant(HA-tagged, Niederzenz-0) (transformant) [Ectopic]",PHIPO:0000182,,BTO:0000713,Macroscopic observation (qualitative observation),gene-for-gene interaction,20601497,Effector,,,
PHIG:1807,M4B6G6,,272952,Hyaloperonospora arabidopsidis,559515,Maks9,strain,"Atr1delta51(1-51 deleted, Citrine tagged, Maks9) (partial amino acid deletion) [Overexpression]",F4J339,,3702,Arabidopsis thaliana,,ecotype Niederzenz-0,species,"Rpp1 transformant(HA-tagged, Niederzenz-0) (transformant) [Ectopic]",PHIPO:0000182,,BTO:0000713,Macroscopic observation (qualitative observation),gene-for-gene interaction,20601497,Effector,,,
PHIG:1807,M4B6G6,,272952,Hyaloperonospora arabidopsidis,559515,Emoy2,strain,"Atr1delta51(1-51 deleted, Citrine tagged) (partial amino acid deletion) [Overexpression]",F4J339,,3702,Arabidopsis thaliana,,ecotype Wassilewskija-0,species,"Rpp1(K293L, HA tagged) (amino acid mutation) [Overexpression]",PHIPO:0000182,,BTO:0000713,Macroscopic observation (qualitative observation),gene-for-gene interaction,20601497,Effector,,,
PHIG:1807,M4B6G6,,272952,Hyaloperonospora arabidopsidis,559515,Emoy2,strain,"Atr1delta51(1-51 deleted, Citrine tagged) (partial amino acid deletion) [Overexpression]",F4J339,,3702,Arabidopsis thaliana,,ecotype Wassilewskija-0,species,"Rpp1(K293L, HA tagged) (amino acid mutation) [Overexpression]",PHIPO:0000182,,BTO:0000713,Macroscopic observation (qualitative observation),gene-for-gene interaction,20601497,Effector,,,
PHIG:1807,M4B6G6,,272952,Hyaloperonospora arabidopsidis,559515,Emoy2,strain,"Atr1delta51(1-51 deleted, Citrine tagged) (partial amino acid deletion) [Overexpression]",F4J339,,3702,Arabidopsis thaliana,,ecotype Wassilewskija-0,species,"Rpp1(E158A, HA tagged) (amino acid mutation) [Overexpression]",PHIPO:0000182,,BTO:0000713,Macroscopic observation (qualitative observation),gene-for-gene interaction,20601497,Effector,,,
PHIG:1807,M4B6G6,,272952,Hyaloperonospora arabidopsidis,559515,Emoy2,strain,"Atr1delta51(1-51 deleted, Citrine tagged) (partial amino acid deletion) [Overexpression]",F4J339,,3702,Arabidopsis thaliana,,ecotype Wassilewskija-0,species,"Rpp1(E158A, HA tagged) (amino acid mutation) [Overexpression]",PHIPO:0000182,,BTO:0000713,Macroscopic observation (qualitative observation),gene-for-gene interaction,20601497,Effector,,,
PHIG:1807,M4B6G6,,272952,Hyaloperonospora arabidopsidis,559515,Cala2,strain,"Atr1delta51(1-51 deleted, Citrine tagged, Cala2) (partial amino acid deletion) [Overexpression]",F4J339,,3702,Arabidopsis thaliana,,ecotype Wassilewskija-0,species,"Rpp1(K293L, HA tagged) (amino acid mutation) [Overexpression]",PHIPO:0000182,,BTO:0000713,Macroscopic observation (qualitative observation),gene-for-gene interaction,20601497,Effector,,,
PHIG:1807,M4B6G6,,272952,Hyaloperonospora arabidopsidis,559515,Cala2,strain,"Atr1delta51(1-51 deleted, Citrine tagged, Cala2) (partial amino acid deletion) [Overexpression]",F4J339,,3702,Arabidopsis thaliana,,ecotype Wassilewskija-0,species,"Rpp1(K293L, HA tagged) (amino acid mutation) [Overexpression]",PHIPO:0000182,,BTO:0000713,Macroscopic observation (qualitative observation),gene-for-gene interaction,20601497,Effector,,,
PHIG:1807,M4B6G6,,272952,Hyaloperonospora arabidopsidis,559515,Cala2,strain,"Atr1delta51(1-51 deleted, Citrine tagged, Cala2) (partial amino acid deletion) [Overexpression]",F4J339,,3702,Arabidopsis thaliana,,ecotype Wassilewskija-0,species,"Rpp1(E158A, HA tagged) (amino acid mutation) [Overexpression]",PHIPO:0000182,,BTO:0000713,Macroscopic observation (qualitative observation),gene-for-gene interaction,20601497,Effector,,,
PHIG:1807,M4B6G6,,272952,Hyaloperonospora arabidopsidis,559515,Cala2,strain,"Atr1delta51(1-51 deleted, Citrine tagged, Cala2) (partial amino acid deletion) [Overexpression]",F4J339,,3702,Arabidopsis thaliana,,ecotype Wassilewskija-0,species,"Rpp1(E158A, HA tagged) (amino acid mutation) [Overexpression]",PHIPO:0000182,,BTO:0000713,Macroscopic observation (qualitative observation),gene-for-gene interaction,20601497,Effector,,,
PHIG:1807,M4B6G6,,272952,Hyaloperonospora arabidopsidis,559515,Maks9,strain,"ATR1delta51(1-51 deleted, E92K, Citrine, Maks9) (amino acid deletion and mutation) [Overexpression]",F4J339,,3702,Arabidopsis thaliana,,ecotype Niederzenz-0,species,"Rpp1 transformant(HA-tagged, Niederzenz-0) (transformant) [Ectopic]",PHIPO:0000192,,BTO:0000713,Macroscopic observation (qualitative observation),gene-for-gene interaction,20601497,Effector,,,
PHIG:1807,M4B6G6,,272952,Hyaloperonospora arabidopsidis,559515,Maks9,strain,"ATR1delta51(1-51 deleted, E92K, Citrine, Maks9) (amino acid deletion and mutation) [Overexpression]",F4J339,,3702,Arabidopsis thaliana,,ecotype Niederzenz-0,species,"Rpp1 transformant(HA-tagged, Niederzenz-0) (transformant) [Ectopic]",PHIPO:0000192,,BTO:0000713,Macroscopic observation (qualitative observation),gene-for-gene interaction,20601497,Effector,,,
PHIG:1807,M4B6G6,,272952,Hyaloperonospora arabidopsidis,559515,Maks9,strain,"Atr1delta51(1-51 deleted, D191G, Citrine tagged) (amino acid deletion and mutation) [Overexpression]",F4J339,,3702,Arabidopsis thaliana,,ecotype Niederzenz-0,species,"Rpp1 transformant(HA-tagged, Niederzenz-0) (transformant) [Ectopic]",PHIPO:0000192,,BTO:0000713,Macroscopic observation (qualitative observation),gene-for-gene interaction,20601497,Effector,,,
PHIG:1807,M4B6G6,,272952,Hyaloperonospora arabidopsidis,559515,Maks9,strain,"Atr1delta51(1-51 deleted, D191G, Citrine tagged) (amino acid deletion and mutation) [Overexpression]",F4J339,,3702,Arabidopsis thaliana,,ecotype Niederzenz-0,species,"Rpp1 transformant(HA-tagged, Niederzenz-0) (transformant) [Ectopic]",PHIPO:0000192,,BTO:0000713,Macroscopic observation (qualitative observation),gene-for-gene interaction,20601497,Effector,,,
PHIG:1807,M4B6G6,,272952,Hyaloperonospora arabidopsidis,559515,Maks9,strain,"ATR1delta51(1-51 deleted, E176G, Citrine tagged) (amino acid deletion and mutation) [Overexpression]",F4J339,,3702,Arabidopsis thaliana,,ecotype Niederzenz-0,species,"Rpp1 transformant(HA-tagged, Niederzenz-0) (transformant) [Ectopic]",PHIPO:0000182,,BTO:0000713,Macroscopic observation (qualitative observation),gene-for-gene interaction,20601497,Effector,,,
PHIG:1807,M4B6G6,,272952,Hyaloperonospora arabidopsidis,559515,Maks9,strain,"ATR1delta51(1-51 deleted, E176G, Citrine tagged) (amino acid deletion and mutation) [Overexpression]",F4J339,,3702,Arabidopsis thaliana,,ecotype Niederzenz-0,species,"Rpp1 transformant(HA-tagged, Niederzenz-0) (transformant) [Ectopic]",PHIPO:0000182,,BTO:0000713,Macroscopic observation (qualitative observation),gene-for-gene interaction,20601497,Effector,,,
PHIG:1807,M4B6G6,,272952,Hyaloperonospora arabidopsidis,559515,Maks9,strain,"Atr1delta51(1-51 deleted, H182D, Citrine tagged) (amino acid deletion and mutation) [Overexpression]",F4J339,,3702,Arabidopsis thaliana,,ecotype Niederzenz-0,species,"Rpp1 transformant(HA-tagged, Niederzenz-0) (transformant) [Ectopic]",PHIPO:0000182,,BTO:0000713,Macroscopic observation (qualitative observation),gene-for-gene interaction,20601497,Effector,,,
PHIG:1807,M4B6G6,,272952,Hyaloperonospora arabidopsidis,559515,Maks9,strain,"Atr1delta51(1-51 deleted, H182D, Citrine tagged) (amino acid deletion and mutation) [Overexpression]",F4J339,,3702,Arabidopsis thaliana,,ecotype Niederzenz-0,species,"Rpp1 transformant(HA-tagged, Niederzenz-0) (transformant) [Ectopic]",PHIPO:0000182,,BTO:0000713,Macroscopic observation (qualitative observation),gene-for-gene interaction,20601497,Effector,,,
PHIG:1807,M4B6G6,,272952,Hyaloperonospora arabidopsidis,559515,Maks9,strain,"ATR1delta51(1-51 deleted, D192H, Citrine tagged) (amino acid deletion and mutation) [Overexpression]",F4J339,,3702,Arabidopsis thaliana,,ecotype Niederzenz-0,species,"Rpp1 transformant(HA-tagged, Niederzenz-0) (transformant) [Ectopic]",PHIPO:0000182,,BTO:0000713,Macroscopic observation (qualitative observation),gene-for-gene interaction,20601497,Effector,,,
PHIG:1807,M4B6G6,,272952,Hyaloperonospora arabidopsidis,559515,Maks9,strain,"ATR1delta51(1-51 deleted, D192H, Citrine tagged) (amino acid deletion and mutation) [Overexpression]",F4J339,,3702,Arabidopsis thaliana,,ecotype Niederzenz-0,species,"Rpp1 transformant(HA-tagged, Niederzenz-0) (transformant) [Ectopic]",PHIPO:0000182,,BTO:0000713,Macroscopic observation (qualitative observation),gene-for-gene interaction,20601497,Effector,,,
PHIG:1807,M4B6G6,,272952,Hyaloperonospora arabidopsidis,559515,Emoy2,strain,"Atr1delta51(1-51 deleted, K92E, Citrine tagged) (amino acid deletion and mutation) [Overexpression]",F4J339,,3702,Arabidopsis thaliana,,ecotype Niederzenz-0,species,"Rpp1 transformant(HA-tagged, Niederzenz-0) (transformant) [Ectopic]",PHIPO:0000190,,BTO:0000713,Macroscopic observation (qualitative observation),gene-for-gene interaction,20601497,Effector,,,
PHIG:1807,M4B6G6,,272952,Hyaloperonospora arabidopsidis,559515,Emoy2,strain,"Atr1delta51(1-51 deleted, K92E, Citrine tagged) (amino acid deletion and mutation) [Overexpression]",F4J339,,3702,Arabidopsis thaliana,,ecotype Niederzenz-0,species,"Rpp1 transformant(HA-tagged, Niederzenz-0) (transformant) [Ectopic]",PHIPO:0000190,,BTO:0000713,Macroscopic observation (qualitative observation),gene-for-gene interaction,20601497,Effector,,,
PHIG:1807,M4B6G6,,272952,Hyaloperonospora arabidopsidis,559515,Emoy2,strain,"ATR1delta51(1-51 deleted, G191D, Citrine tagged) (amino acid deletion and mutation) [Overexpression]",F4J339,,3702,Arabidopsis thaliana,,ecotype Niederzenz-0,species,"Rpp1 transformant(HA-tagged, Niederzenz-0) (transformant) [Ectopic]",PHIPO:0000190,,BTO:0000713,Macroscopic observation (qualitative observation),gene-for-gene interaction,20601497,Effector,,,
PHIG:1807,M4B6G6,,272952,Hyaloperonospora arabidopsidis,559515,Emoy2,strain,"ATR1delta51(1-51 deleted, G191D, Citrine tagged) (amino acid deletion and mutation) [Overexpression]",F4J339,,3702,Arabidopsis thaliana,,ecotype Niederzenz-0,species,"Rpp1 transformant(HA-tagged, Niederzenz-0) (transformant) [Ectopic]",PHIPO:0000190,,BTO:0000713,Macroscopic observation (qualitative observation),gene-for-gene interaction,20601497,Effector,,,
PHIG:1807,M4B6G6,,272952,Hyaloperonospora arabidopsidis,559515,Emoy2,strain,"ATR1delta51(1-51, K92E,G191D, Citrine tagged) (amino acid deletion and mutation) [Overexpression]",F4J339,,3702,Arabidopsis thaliana,,ecotype Niederzenz-0,species,"Rpp1 transformant(HA-tagged, Niederzenz-0) (transformant) [Ectopic]",PHIPO:0000182,,BTO:0000713,Macroscopic observation (qualitative observation),gene-for-gene interaction,20601497,Effector,,,
PHIG:1807,M4B6G6,,272952,Hyaloperonospora arabidopsidis,559515,Emoy2,strain,"ATR1delta51(1-51, K92E,G191D, Citrine tagged) (amino acid deletion and mutation) [Overexpression]",F4J339,,3702,Arabidopsis thaliana,,ecotype Niederzenz-0,species,"Rpp1 transformant(HA-tagged, Niederzenz-0) (transformant) [Ectopic]",PHIPO:0000182,,BTO:0000713,Macroscopic observation (qualitative observation),gene-for-gene interaction,20601497,Effector,,,
PHIG:1807,M4B6G6,,272952,Hyaloperonospora arabidopsidis,559515,,strain,,F4J339,,3702,Arabidopsis thaliana,,,species,,,,,Affinity Capture-Western,protein-protein interaction,20601497,,,,
PHIG:1807,M4B6G6,,272952,Hyaloperonospora arabidopsidis,559515,,strain,,F4J339,,3702,Arabidopsis thaliana,,,species,,,,,Affinity Capture-Western,protein-protein interaction,20601497,,,,
PHIG:1807,M4B6G6,,272952,Hyaloperonospora arabidopsidis,559515,Cala2,strain,ATR1+ (wild type) [Wild type product level],,,3702,Arabidopsis thaliana,,ecotype Wassilewskija-0,none,,,PHIDO:0000124,,,interspecies interaction,20601497,Effector,,,
PHIG:1807,M4B6G6,,272952,Hyaloperonospora arabidopsidis,559515,Cala2,strain,ATR1+ (wild type) [Wild type product level],,,3702,Arabidopsis thaliana,,ecotype Wassilewskija-0,none,,,PHIDO:0000124,,,interspecies interaction,20601497,Effector,,,
PHIG:11207,A0A0P6VUR3,,,Xanthomonas axonopodis,,pv.glycines,species,RpoEdelta (deletion),,,3847,Glycine max,,Unknown strain,none,,PHIPO:0000365,,BTO:0000713,Macroscopic observation (quantitative observation),interspecies interaction,40294209,Reduced virulence,,,
PHIG:11207,A0A0P6VUR3,,,Xanthomonas axonopodis,,pv.glycines,species,RpoE+ (wild type) [Wild type product level],,,3847,Glycine max,,Unknown strain,none,,,PHIDO:0000024,,,interspecies interaction,40294209,,,,
PHIG:11207,A0A0P6VUR3,,,Xanthomonas axonopodis,,pv.glycines,species,RpoEdelta-RpoE transformant(complement by re-introducing the wild-type allele at an ectopic locus) (transformant) [Ectopic],,,3847,Glycine max,,Unknown strain,none,,PHIPO:0000954,,BTO:0000713,Macroscopic observation (quantitative observation),interspecies interaction,40294209,Unaffected pathogenicity,,,
PHIG:11207,A0A0P6VUR3,,,Xanthomonas axonopodis,,pv.glycines,species,RpoEdelta (deletion),,,4100,Nicotiana benthamiana,,Unknown strain,none,,PHIPO:0001204,,BTO:0000713,Macroscopic observation (qualitative observation),interspecies interaction,40294209,,,,
PHIG:11207,A0A0P6VUR3,,,Xanthomonas axonopodis,,pv.glycines,species,RpoEdelta (deletion),,,3847,Glycine max,,Unknown strain,none,,PHIPO:0001192,,BTO:0000713,Macroscopic observation (quantitative observation),interspecies interaction,40294209,,,,
PHIG:11207,A0A0P6VUR3,,,Xanthomonas axonopodis,,pv.glycines,species,RpoEdelta (deletion),,,3847,Glycine max,,Unknown strain,none,,PHIPO:0001015,,BTO:0000713,Macroscopic observation (quantitative observation),interspecies interaction,40294209,,,,
PHIG:11207,A0A0P6VUR3,,,Xanthomonas axonopodis,,pv.glycines,species,RpoE+ (wild type) [Wild type product level],,,3847,Glycine max,,Unknown strain,none,,PHIPO:0000954,,BTO:0000713,Macroscopic observation (quantitative observation),interspecies interaction,40294209,,,,
PHIG:11207,A0A0P6VUR3,,,Xanthomonas axonopodis,,pv.glycines,species,RpoE+ (wild type) [Wild type product level],,,4100,Nicotiana benthamiana,,Unknown strain,none,,PHIPO:0000192,,BTO:0000713,Macroscopic observation (qualitative observation),interspecies interaction,40294209,,,,
PHIG:11207,A0A0P6VUR3,,,Xanthomonas axonopodis,,pv.glycines,species,RpoE+ (wild type) [Wild type product level],,,3847,Glycine max,,Unknown strain,none,,PHIPO:0000927,,BTO:0000713,Macroscopic observation (quantitative observation),interspecies interaction,40294209,,,,
PHIG:11207,A0A0P6VUR3,,,Xanthomonas axonopodis,,pv.glycines,species,RpoE+ (wild type) [Wild type product level],,,3847,Glycine max,,Unknown strain,none,,PHIPO:0001083,,BTO:0000713,Macroscopic observation (quantitative observation),interspecies interaction,40294209,,,,
PHIG:11207,A0A0P6VUR3,,,Xanthomonas axonopodis,,pv.glycines,species,RpoEdelta-RpoE transformant(complement by re-introducing the wild-type allele at an ectopic locus) (transformant) [Ectopic],,,4100,Nicotiana benthamiana,,Unknown strain,none,,PHIPO:0000192,,BTO:0000713,Macroscopic observation (qualitative observation),interspecies interaction,40294209,,,,
PHIG:11207,A0A0P6VUR3,,,Xanthomonas axonopodis,,pv.glycines,species,RpoEdelta-RpoE transformant(complement by re-introducing the wild-type allele at an ectopic locus) (transformant) [Ectopic],,,3847,Glycine max,,Unknown strain,none,,PHIPO:0000927,,BTO:0000713,Macroscopic observation (quantitative observation),interspecies interaction,40294209,,,,
PHIG:11419,Q0TWY7,,,Parastagonospora nodorum,,Sn6,species,Tox6+ (wild type) [Wild type product level],,,4565,Triticum aestivum,,Opata 85,none,,,PHIDO:0000345,,,interspecies interaction,25608181,,,,
PHIG:11419,Q0TWY7,,,Parastagonospora nodorum,,Sn6,species,Tox6+ (wild type) [Wild type product level],,,4565,Triticum aestivum,,ITMI37,none,,PHIPO:0000477,,BTO:0000713,Macroscopic observation (qualitative observation),gene-for-gene interaction,25608181,,,,
PHIG:11419,Q0TWY7,,,Parastagonospora nodorum,,Sn6,species,Tox6+ (wild type) [Wild type product level],,,4565,Triticum aestivum,,ITMI37,none,,PHIPO:0000477,,BTO:0000713,Macroscopic observation (qualitative observation),gene-for-gene interaction,25608181,,,,
PHIG:11419,Q0TWY7,,,Parastagonospora nodorum,,Sn6,species,Tox6+ (wild type) [Wild type product level],,,4565,Triticum aestivum,,ITMI37,none,,PHIPO:0000465,,BTO:0000713,Macroscopic observation (qualitative observation),gene-for-gene interaction,25608181,,,,
PHIG:11123,A0A127Z4D4,,,Sporisorium scitamineum,,MAT-1×MAT-2,species,SsPHACA delta (deletion),,,4547,Saccharum officinarum,,XTT22,none,,PHIPO:0000365,,BTO:0001228,Macroscopic observation (qualitative observation),interspecies interaction,41382358,Reduced virulence,,,
PHIG:11123,A0A127Z4D4,,,Sporisorium scitamineum,,MAT-1×MAT-2,species,SsPHACA+ (wild type) [Wild type product level],,,4547,Saccharum officinarum,,XTT22,none,,PHIPO:0000951,,BTO:0001228,Macroscopic observation (qualitative observation),interspecies interaction,41382358,,,,
PHIG:11123,A0A127Z4D4,,,Sporisorium scitamineum,,MAT-1×MAT-2,species,SsPHACA+ (wild type) [Wild type product level],,,4547,Saccharum officinarum,,XTT22,none,,,PHIDO:0000338,,,interspecies interaction,41382358,,,,
PHIG:11285,A0ABX7MIC7,,552,Erwinia amylovora,,CFBP1430,species,hldE+ (wild type) [Wild type product level],,,3750,Malus domestica,,cv. Golden Delicious,none,,,PHIDO:0000148,,,interspecies interaction,41778772,,,,
PHIG:11286,A0ABX7MK15,,552,Erwinia amylovora,,CFBP1430,species,pgm+ (wild type) [Wild type product level],,,3750,Malus domestica,,cv. Golden Delicious,none,,,PHIDO:0000148,,,interspecies interaction,41778772,,,,
PHIG:11285,A0ABX7MIC7,,552,Erwinia amylovora,,CFBP1430,species,hldEdelta (deletion),,,3750,Malus domestica,,cv. Golden Delicious,none,,PHIPO:0000952,,BTO:0000469,Macroscopic observation (qualitative observation),interspecies interaction,41778772,Loss of pathogenicity,,,
PHIG:11286,A0ABX7MK15,,552,Erwinia amylovora,,CFBP1430,species,pgmdelta (deletion),,,3750,Malus domestica,,cv. Golden Delicious,none,,PHIPO:0000952,,BTO:0000469,Macroscopic observation (qualitative observation),interspecies interaction,41778772,Loss of pathogenicity,,,
PHIG:11285,A0ABX7MIC7,,552,Erwinia amylovora,,CFBP1430,species,hldE+ (wild type) [Wild type product level],,,3750,Malus domestica,,cv. Golden Delicious,none,,PHIPO:0000951,,BTO:0000469,Macroscopic observation (qualitative observation),interspecies interaction,41778772,,,,
PHIG:11286,A0ABX7MK15,,552,Erwinia amylovora,,CFBP1430,species,pgm+ (wild type) [Wild type product level],,,3750,Malus domestica,,cv. Golden Delicious,none,,PHIPO:0000951,,BTO:0000469,Macroscopic observation (qualitative observation),interspecies interaction,41778772,,,,
PHIG:11284,A0ABX7MCW4,,552,Erwinia amylovora,,CFBP1430,species,RS26425delta (deletion),,,3750,Malus domestica,,cv. Golden Delicious,none,,PHIPO:0000365,,BTO:0000469,Macroscopic observation (qualitative observation),interspecies interaction,41778772,Reduced virulence,,,
PHIG:11284,A0ABX7MCW4,,552,Erwinia amylovora,,CFBP1430,species,RS26425+ (wild type) [Wild type product level],,,3750,Malus domestica,,cv. Golden Delicious,none,,PHIPO:0000951,,BTO:0000469,Macroscopic observation (qualitative observation),interspecies interaction,41778772,,,,
PHIG:11284,A0ABX7MCW4,,552,Erwinia amylovora,,CFBP1430,species,RS26425+ (wild type) [Wild type product level],,,3750,Malus domestica,,cv. Golden Delicious,none,,,PHIDO:0000148,,,interspecies interaction,41778772,,,,
PHIG:4137,O42772,,1047171,Zymoseptoria tritici,,IRE30,species,SdhB(S221P) (amino acid mutation) [Not assayed],,,4565,Triticum aestivum,,cv. Riband,none,,PHIPO:0000480,,BTO:0000713,Macroscopic observation (quantitative observation),interspecies interaction,21933337,Unaffected pathogenicity,,,
PHIG:4137,O42772,,1047171,Zymoseptoria tritici,,IRE30,species,SdhB+ (wild type) [Wild type product level],,,4565,Triticum aestivum,,cv. Riband,none,,PHIPO:0000480,,BTO:0000713,Macroscopic observation (quantitative observation),interspecies interaction,21933337,,,,
PHIG:4137,O42772,,1047171,Zymoseptoria tritici,,IRE30,species,SdhB(H267Y) (amino acid mutation) [Not assayed],,,4565,Triticum aestivum,,cv. Riband,none,,PHIPO:0000480,,BTO:0000713,Macroscopic observation (quantitative observation),interspecies interaction,21933337,Unaffected pathogenicity,,,
PHIG:9472,F9X9V6,,1047171,Zymoseptoria tritici,336722,IRE30,strain,SdhD(D129E) (amino acid mutation) [Not assayed],,,4565,Triticum aestivum,,cv. Riband,none,,PHIPO:0000480,,BTO:0000713,Macroscopic observation (quantitative observation),interspecies interaction,21933337,Unaffected pathogenicity,,,
PHIG:9472,F9X9V6,,1047171,Zymoseptoria tritici,336722,IRE30,strain,SdhD+ (wild type) [Wild type product level],,,4565,Triticum aestivum,,cv. Riband,none,,PHIPO:0000480,,BTO:0000713,Macroscopic observation (quantitative observation),interspecies interaction,21933337,,,,
PHIG:4137,O42772,,1047171,Zymoseptoria tritici,,IRE30,species,SdhB(H267N) (amino acid mutation) [Not assayed],,,4565,Triticum aestivum,,cv. Riband,none,,PHIPO:0000480,,BTO:0000713,Macroscopic observation (quantitative observation),interspecies interaction,21933337,Unaffected pathogenicity,,,
PHIG:11192,G2XBQ9,,27337,Verticillium dahliae,498257,V592,strain,Aro2delta (deletion),,,3635,Gossypium hirsutum,,Junmian No.1,none,,PHIPO:0000365,,BTO:0001300; BTO:0001228,Macroscopic observation (qualitative observation),interspecies interaction,41472055,Reduced virulence,,,
PHIG:11192,G2XBQ9,,27337,Verticillium dahliae,498257,V592,strain,Aro2delta-Aro2 transformant(complement by re-introducing the wild-type allele at an ectopic locus) (transformant) [Ectopic],,,3635,Gossypium hirsutum,,Junmian No.1,none,,PHIPO:0000951,,BTO:0001300; BTO:0001228,Macroscopic observation (qualitative observation),interspecies interaction,41472055,Unaffected pathogenicity,,,
PHIG:11192,G2XBQ9,,27337,Verticillium dahliae,498257,V592,strain,Aro2+ (wild type) [Wild type product level],,,3635,Gossypium hirsutum,,Junmian No.1,none,,PHIPO:0000951,,BTO:0001300; BTO:0001228,Macroscopic observation (qualitative observation),interspecies interaction,41472055,,,,
PHIG:11201,G2XIR5,,27337,Verticillium dahliae,498257,V592,strain,Cpc1(asiRNA) (disruption) [Knockdown],,,3635,Gossypium hirsutum,,Junmian No.1,none,,PHIPO:0000365,,BTO:0001228,Macroscopic observation (qualitative observation),interspecies interaction,41472055,Reduced virulence,,,
PHIG:11201,G2XIR5,,27337,Verticillium dahliae,498257,V592,strain,Cpc1+ (wild type) [Wild type product level],,,3635,Gossypium hirsutum,,Junmian No.1,none,,PHIPO:0000951,,BTO:0001228,Macroscopic observation (qualitative observation),interspecies interaction,41472055,,,,
PHIG:11192,G2XBQ9,,27337,Verticillium dahliae,498257,V592,strain,Aro2+ (wild type) [Wild type product level],,,3635,Gossypium hirsutum,,Junmian No.1,none,,,PHIDO:0000381,,,interspecies interaction,41472055,,,,
PHIG:11201,G2XIR5,,27337,Verticillium dahliae,498257,V592,strain,Cpc1+ (wild type) [Wild type product level],,,3635,Gossypium hirsutum,,Junmian No.1,none,,,PHIDO:0000381,,,interspecies interaction,41472055,,,,
PHIG:10867,W7MZ22,,117187,Fusarium verticillioides,334819,M3125,strain,Mdm10delta (deletion),,,4577,Zea mays,,Unknown strain,none,,PHIPO:0000365,,BTO:0000668,Macroscopic observation (qualitative observation),interspecies interaction,40934067,Reduced virulence,,,
PHIG:10867,W7MZ22,,117187,Fusarium verticillioides,334819,M3125,strain,Mdm10+ (wild type) [Wild type product level],,,4577,Zea mays,,Unknown strain,none,,PHIPO:0000951,,BTO:0000668,Macroscopic observation (qualitative observation),interspecies interaction,40934067,,,,
PHIG:10867,W7MZ22,,117187,Fusarium verticillioides,334819,M3125,strain,Mdm10delta-Mdm10 transformant(complement by re-introducing the wild-type allele at an ectopic locus) (transformant) [Ectopic],,,4577,Zea mays,,Unknown strain,none,,PHIPO:0000951,,BTO:0000668,Macroscopic observation (qualitative observation),interspecies interaction,40934067,Unaffected pathogenicity,,,
PHIG:10867,W7MZ22,,117187,Fusarium verticillioides,334819,M3125,strain,Mdm10+ (wild type) [Wild type product level],,,4577,Zea mays,,Unknown strain,none,,,PHIDO:0000126,,,interspecies interaction,40934067,,,,
PHIG:3093,Q4UWF4,,339,Xanthomonas campestris,314565,8004,strain,xopACdelta (deletion),,,3702,Arabidopsis thaliana,,ecotype Columbia-0,none,,PHIPO:0001200,,BTO:0000713,Macroscopic observation (quantitative observation),interspecies interaction,23951354,,,,
PHIG:3093,Q4UWF4,,339,Xanthomonas campestris,314565,8004,strain,xopACdeltaLRR(LRR domain deletion) (partial amino acid deletion) [Ectopic],,,3702,Arabidopsis thaliana,,ecotype Columbia-0,none,,PHIPO:0001200,,BTO:0000713,Macroscopic observation (quantitative observation),interspecies interaction,23951354,,,,
PHIG:3093,Q4UWF4,,339,Xanthomonas campestris,314565,8004,strain,xopAC(H469A) (amino acid mutation) [Ectopic],,,3702,Arabidopsis thaliana,,ecotype Columbia-0,none,,PHIPO:0001200,,BTO:0000713,Macroscopic observation (quantitative observation),interspecies interaction,23951354,,,,
PHIG:3093,Q4UWF4,,339,Xanthomonas campestris,314565,8004,strain,xopACdeltafic(fic domain deletion) (partial amino acid deletion) [Ectopic],,,3702,Arabidopsis thaliana,,ecotype Columbia-0,none,,PHIPO:0001200,,BTO:0000713,Macroscopic observation (quantitative observation),interspecies interaction,23951354,,,,
PHIG:3093,Q4UWF4,,339,Xanthomonas campestris,314565,8004,strain,xopACΔLRR-xopAC transformant(complement LRRdelta mutant by re-introducing the wild-type allele at an ectopic locus) (transformant) [Ectopic],,,3702,Arabidopsis thaliana,,ecotype Columbia-0,none,,PHIPO:0001199,,BTO:0000713,Macroscopic observation (quantitative observation),interspecies interaction,23951354,,,,
PHIG:3093,Q4UWF4,,339,Xanthomonas campestris,314565,8004,strain,xopAC(H469A)-xopAC transformant(complement xopAC(H469A) mutant by re-introducing the wild-type allele at an ectopic locus) (transformant) [Ectopic],,,3702,Arabidopsis thaliana,,ecotype Columbia-0,none,,PHIPO:0001199,,BTO:0000713,Macroscopic observation (quantitative observation),interspecies interaction,23951354,,,,
PHIG:3093,Q4UWF4,,339,Xanthomonas campestris,314565,8004,strain,xopACdeltafic-xopAC transformant(complement xopACdeltafic mutant by re-introducing the wild-type allele at an ectopic locus) (transformant) [Ectopic],,,3702,Arabidopsis thaliana,,ecotype Columbia-0,none,,PHIPO:0001199,,BTO:0000713,Macroscopic observation (quantitative observation),interspecies interaction,23951354,,,,
PHIG:3093,Q4UWF4,,339,Xanthomonas campestris,314565,8004,strain,xopACdelta-xopAC transformant(complement by re-introducing the wild-type allele at an ectopic locus) (transformant) [Ectopic],,,3702,Arabidopsis thaliana,,ecotype Columbia-0,none,,PHIPO:0001199,,BTO:0000713,Macroscopic observation (quantitative observation),interspecies interaction,23951354,,,,
PHIG:3093,Q4UWF4,,339,Xanthomonas campestris,314565,,strain,,Q9SY91,,3702,Arabidopsis thaliana,,,species,,,,,Two-hybrid,protein-protein interaction,23951354,,,,
PHIG:3093,Q4UWF4,,339,Xanthomonas campestris,314565,,strain,,O49840,,3702,Arabidopsis thaliana,,,species,,,,,Two-hybrid,protein-protein interaction,23951354,,,,
PHIG:3093,Q4UWF4,,339,Xanthomonas campestris,314565,,strain,,Q9LFP7,,3702,Arabidopsis thaliana,,,species,,,,,Two-hybrid,protein-protein interaction,23951354,,,,
PHIG:3093,Q4UWF4,,339,Xanthomonas campestris,314565,,strain,,Q8GXZ3,,3702,Arabidopsis thaliana,,,species,,,,,Two-hybrid,protein-protein interaction,23951354,,,,
PHIG:3093,Q4UWF4,,339,Xanthomonas campestris,314565,,strain,,Q06548,,3702,Arabidopsis thaliana,,,species,,,,,Two-hybrid,protein-protein interaction,23951354,,,,
PHIG:3093,Q4UWF4,,339,Xanthomonas campestris,314565,,strain,,Q9SII6,,3702,Arabidopsis thaliana,,,species,,,,,Two-hybrid,protein-protein interaction,23951354,,,,
PHIG:3093,Q4UWF4,,339,Xanthomonas campestris,314565,,strain,,Q9ZUF4,,3702,Arabidopsis thaliana,,,species,,,,,Two-hybrid,protein-protein interaction,23951354,,,,
PHIG:3093,Q4UWF4,,339,Xanthomonas campestris,314565,,strain,,P46573,,3702,Arabidopsis thaliana,,,species,,,,,Two-hybrid,protein-protein interaction,23951354,,,,
PHIG:3093,Q4UWF4,,339,Xanthomonas campestris,314565,8004,strain,xopAC+ (wild type) [Wild type product level],O49839,,3702,Arabidopsis thaliana,,ecotype Columbia-0,species,pbl2 (unknown) [Knockdown],PHIPO:0001200,,BTO:0000713,Macroscopic observation (quantitative observation),gene-for-gene interaction,23951354,,,,
PHIG:3093,Q4UWF4,,339,Xanthomonas campestris,314565,8004,strain,xopAC+ (wild type) [Wild type product level],Q9ZUF4,,3702,Arabidopsis thaliana,,ecotype Columbia-0,species,ripk (unknown) [Knockdown],PHIPO:0001200,,BTO:0000713,Macroscopic observation (quantitative observation),gene-for-gene interaction,23951354,,,,
PHIG:3093,Q4UWF4,,339,Xanthomonas campestris,314565,8004,strain,xopAC+ (wild type) [Wild type product level],,,3702,Arabidopsis thaliana,,Kas,none,,PHIPO:0001200,,BTO:0000713,Macroscopic observation (quantitative observation),interspecies interaction,23951354,,,,
PHIG:3093,Q4UWF4,,339,Xanthomonas campestris,314565,8004,strain,xopACdelta (deletion),,,3702,Arabidopsis thaliana,,Kas,none,,PHIPO:0001200,,BTO:0000713,Macroscopic observation (quantitative observation),interspecies interaction,23951354,,,,
PHIG:3093,Q4UWF4,,339,Xanthomonas campestris,314565,8004,strain,xopAC+ (wild type) [Wild type product level],,,3702,Arabidopsis thaliana,,Kas,none,,,PHIDO:0000047,,,interspecies interaction,23951354,,,,
PHIG:11303,G4NGF9,,318829,Magnaporthe oryzae,242507,Guy11,strain,Wsc2delta (deletion),,,4530,Oryza sativa,,cv. CO-39,none,,PHIPO:0000951,,BTO:0000713,Macroscopic observation (qualitative observation),interspecies interaction,41734066,Unaffected pathogenicity,,,
PHIG:11303,G4NGF9,,318829,Magnaporthe oryzae,242507,Guy11,strain,Wsc2+ (wild type) [Wild type product level],,,4530,Oryza sativa,,cv. CO-39,none,,PHIPO:0000951,,BTO:0000713,Macroscopic observation (qualitative observation),interspecies interaction,41734066,,,,
PHIG:11302,G4MSJ9,,318829,Magnaporthe oryzae,242507,Guy11,strain,Wsc1delta (deletion),,,4530,Oryza sativa,,cv. CO-39,none,,PHIPO:0000951,,BTO:0000713,Macroscopic observation (qualitative observation),interspecies interaction,41734066,Unaffected pathogenicity,,,
PHIG:11302,G4MSJ9,,318829,Magnaporthe oryzae,242507,Guy11,strain,Wsc1+ (wild type) [Wild type product level],,,4530,Oryza sativa,,cv. CO-39,none,,PHIPO:0000951,,BTO:0000713,Macroscopic observation (qualitative observation),interspecies interaction,41734066,,,,
PHIG:11305,G5EI65,,318829,Magnaporthe oryzae,242507,Guy11,strain,Mid2delta (deletion),,,4530,Oryza sativa,,cv. CO-39,none,,PHIPO:0000951,,BTO:0000713,Macroscopic observation (qualitative observation),interspecies interaction,41734066,Unaffected pathogenicity,,,
PHIG:11305,G5EI65,,318829,Magnaporthe oryzae,242507,Guy11,strain,Mid2+ (wild type) [Wild type product level],,,4530,Oryza sativa,,cv. CO-39,none,,PHIPO:0000951,,BTO:0000713,Macroscopic observation (qualitative observation),interspecies interaction,41734066,,,,
PHIG:11303,G4NGF9,,318829,Magnaporthe oryzae,242507,Guy11,strain,Wsc2delta (deletion),,,4513,Hordeum vulgare,,cv. Four-arris,none,,PHIPO:0000331,,BTO:0000713,Macroscopic observation (qualitative observation),interspecies interaction,41734066,Unaffected pathogenicity,,,
PHIG:11303,G4NGF9,,318829,Magnaporthe oryzae,242507,Guy11,strain,Wsc2+ (wild type) [Wild type product level],,,4513,Hordeum vulgare,,cv. Four-arris,none,,PHIPO:0000331,,BTO:0000713,Macroscopic observation (qualitative observation),interspecies interaction,41734066,,,,
PHIG:11302,G4MSJ9,,318829,Magnaporthe oryzae,242507,Guy11,strain,Wsc1delta (deletion),,,4513,Hordeum vulgare,,cv. Four-arris,none,,PHIPO:0000331,,BTO:0000713,Macroscopic observation (qualitative observation),interspecies interaction,41734066,Unaffected pathogenicity,,,
PHIG:11302,G4MSJ9,,318829,Magnaporthe oryzae,242507,Guy11,strain,Wsc1+ (wild type) [Wild type product level],,,4513,Hordeum vulgare,,cv. Four-arris,none,,PHIPO:0000331,,BTO:0000713,Macroscopic observation (qualitative observation),interspecies interaction,41734066,,,,
PHIG:11305,G5EI65,,318829,Magnaporthe oryzae,242507,Guy11,strain,Mid2delta (deletion),,,4513,Hordeum vulgare,,cv. Four-arris,none,,PHIPO:0000331,,BTO:0000713,Macroscopic observation (qualitative observation),interspecies interaction,41734066,Unaffected pathogenicity,,,
PHIG:11305,G5EI65,,318829,Magnaporthe oryzae,242507,Guy11,strain,Mid2+ (wild type) [Wild type product level],,,4513,Hordeum vulgare,,cv. Four-arris,none,,PHIPO:0000331,,BTO:0000713,Macroscopic observation (qualitative observation),interspecies interaction,41734066,,,,
PHIG:11303,G4NGF9,,318829,Magnaporthe oryzae,242507,Guy11,strain,Wsc2+ (wild type) [Wild type product level],,,4530,Oryza sativa,,cv. CO-39,none,,,PHIDO:0000315,,,interspecies interaction,41734066,,,,
PHIG:11302,G4MSJ9,,318829,Magnaporthe oryzae,242507,Guy11,strain,Wsc1+ (wild type) [Wild type product level],,,4530,Oryza sativa,,cv. CO-39,none,,,PHIDO:0000315,,,interspecies interaction,41734066,,,,
PHIG:11305,G5EI65,,318829,Magnaporthe oryzae,242507,Guy11,strain,Mid2+ (wild type) [Wild type product level],,,4530,Oryza sativa,,cv. CO-39,none,,,PHIDO:0000315,,,interspecies interaction,41734066,,,,
PHIG:5452,P58371,,318829,Magnaporthe oryzae,242507,Guy11,strain,Prb1delta (deletion),,,4530,Oryza sativa,,cv. CO-39,none,,PHIPO:0000365,,BTO:0000713,Macroscopic observation (qualitative observation),interspecies interaction,40842061,Reduced virulence,,,
PHIG:5452,P58371,,318829,Magnaporthe oryzae,242507,Guy11,strain,Prb11delta-Prb1 transformant(complement by re-introducing the wild-type allele at an ectopic locus) (transformant) [Ectopic],,,4530,Oryza sativa,,cv. CO-39,none,,PHIPO:0000951,,BTO:0000713,Macroscopic observation (qualitative observation),interspecies interaction,40842061,Unaffected pathogenicity,,,
PHIG:5452,P58371,,318829,Magnaporthe oryzae,242507,Guy11,strain,Prb1delta (deletion),,,4513,Hordeum vulgare,,no strain,none,,PHIPO:0000365,,BTO:0000713,Macroscopic observation (qualitative observation),interspecies interaction,40842061,Reduced virulence,,,
PHIG:5452,P58371,,318829,Magnaporthe oryzae,242507,Guy11,strain,Prb11delta-Prb1 transformant(complement by re-introducing the wild-type allele at an ectopic locus) (transformant) [Ectopic],,,4513,Hordeum vulgare,,no strain,none,,PHIPO:0000951,,BTO:0000713,Macroscopic observation (qualitative observation),interspecies interaction,40842061,Unaffected pathogenicity,,,
PHIG:5452,P58371,,318829,Magnaporthe oryzae,242507,Guy11,strain,Prb1+ (wild type) [Wild type product level],,,4530,Oryza sativa,,cv. CO-39,none,,,PHIDO:0000315,,,interspecies interaction,40842061,,,,
PHIG:10928,G4NDG4,,318829,Magnaporthe oryzae,242507,Guy11,strain,Pep4delta (deletion),,,4530,Oryza sativa,,cv. CO-39,none,,PHIPO:0000951,,BTO:0000713,Macroscopic observation (qualitative observation),interspecies interaction,40842061,Unaffected pathogenicity,,,
PHIG:10928,G4NDG4,,318829,Magnaporthe oryzae,242507,Guy11,strain,Pep4delta (deletion),,,4513,Hordeum vulgare,,no strain,none,,PHIPO:0000951,,BTO:0000713,Macroscopic observation (qualitative observation),interspecies interaction,40842061,Unaffected pathogenicity,,,
PHIG:5452,P58371,,318829,Magnaporthe oryzae,242507,Guy11,strain,Prb1+ (wild type) [Wild type product level],,,4530,Oryza sativa,,cv. CO-39,none,,PHIPO:0000951,,BTO:0000713,Macroscopic observation (qualitative observation),interspecies interaction,40842061,,,,
PHIG:5452,P58371,,318829,Magnaporthe oryzae,242507,Guy11,strain,Prb1+ (wild type) [Wild type product level],,,4513,Hordeum vulgare,,no strain,none,,PHIPO:0000951,,BTO:0000713,Macroscopic observation (qualitative observation),interspecies interaction,40842061,,,,
PHIG:7315,G4N4D6,,318829,Magnaporthe oryzae,242507,,strain,,P58371,,318829,Magnaporthe oryzae,242507,,strain,,,,,Two-hybrid,protein-protein interaction,40842061,,,,
PHIG:7315,G4N4D6,,318829,Magnaporthe oryzae,242507,,strain,,P58371,,318829,Magnaporthe oryzae,242507,,strain,,,,,PCA,protein-protein interaction,40842061,,,,
PHIG:5452,P58371,,318829,Magnaporthe oryzae,242507,Guy11,strain,Prb1delta (deletion),,,4513,Hordeum vulgare,,no strain,none,,PHIPO:0000365,,BTO:0000713,Macroscopic observation (qualitative observation),interspecies interaction,40842061,Reduced virulence,,,
PHIG:5452,P58371,,318829,Magnaporthe oryzae,242507,Guy11,strain,Prb11delta-Prb1 transformant(complement by re-introducing the wild-type allele at an ectopic locus) (transformant) [Ectopic],,,4513,Hordeum vulgare,,no strain,none,,PHIPO:0000951,,BTO:0000713,Macroscopic observation (qualitative observation),interspecies interaction,40842061,Unaffected pathogenicity,,,
PHIG:5452,P58371,,318829,Magnaporthe oryzae,242507,,strain,,G4NDG4,,318829,Magnaporthe oryzae,242507,,strain,,,,,PCA,protein-protein interaction,40842061,,,,
PHIG:10511,A0A8E5MH76,,1159556,Ustilaginoidea virens,,Unknown strain,species,Scre6+ (wild type) [Wild type product level],,,4530,Oryza sativa,,cv. Liangyoupeijiu 9,none,,PHIPO:0000954,,BTO:0005436,Macroscopic observation (quantitative observation),interspecies interaction,35639755,,,,
PHIG:10511,A0A8E5MH76,,1159556,Ustilaginoidea virens,,Unknown strain,species,Scre6delta (deletion),,,4530,Oryza sativa,,cv. Liangyoupeijiu 9,none,,PHIPO:0000365,,BTO:0005436,Macroscopic observation (quantitative observation),interspecies interaction,35639755,Reduced virulence,,,
PHIG:10511,A0A8E5MH76,,1159556,Ustilaginoidea virens,,,species,,Q336X9,,4530,Oryza sativa,39947,,strain,,,,,Two-hybrid,protein-protein interaction,35639755,,,,
PHIG:10511,A0A8E5MH76,,1159556,Ustilaginoidea virens,,,species,,Q336X9,,4530,Oryza sativa,39947,,strain,,,,,PCA,protein-protein interaction,35639755,,,,
PHIG:10511,A0A8E5MH76,,1159556,Ustilaginoidea virens,,,species,,Q336X9,,4530,Oryza sativa,39947,,strain,,,,,Affinity Capture-Western,protein-protein interaction,35639755,,,,
PHIG:10511,A0A8E5MH76,,1159556,Ustilaginoidea virens,,,species,,Q336X9,,4530,Oryza sativa,39947,,strain,,,,,Co-purification,protein-protein interaction,35639755,,,,
PHIG:10511,A0A8E5MH76,,1159556,Ustilaginoidea virens,,Unknown strain,species,Scre6delta-Scre6 transformant(complement by reintroducing the wild-type allele at an ectopic locus) (transformant) [Ectopic],,,4530,Oryza sativa,,cv. Liangyoupeijiu 9,none,,PHIPO:0000954,,BTO:0005436,Macroscopic observation (quantitative observation),interspecies interaction,35639755,Unaffected pathogenicity,,,
PHIG:10511,A0A8E5MH76,,1159556,Ustilaginoidea virens,,Unknown strain,species,Scre6delta-Scre6 (C33A) transformant(complement by reintroducing the allele with the C33A substitution at an ectopic locus) (transformant) [Ectopic],,,4530,Oryza sativa,,cv. Liangyoupeijiu 9,none,,PHIPO:0000365,,BTO:0005436,Macroscopic observation (quantitative observation),interspecies interaction,35639755,Reduced virulence,,,
PHIG:10511,A0A8E5MH76,,1159556,Ustilaginoidea virens,,Unknown strain,species,Scre6+ (wild type) [Wild type product level],,,4530,Oryza sativa,,cv. Liangyoupeijiu 9,none,,,PHIDO:0000449,,,interspecies interaction,35639755,,,,
PHIG:11443,A0A0K0GIH4,,347,Xanthomonas oryzae,360094,PXO99A,strain,RaxMdelta-RaxM-AvrXa21 transformant(complement by re-introducing both RaxM and AvrXa21) (transformant) [Not assayed],Q2R2D5,,4530,Oryza sativa,39947,XA21-D62B,strain,XA21+ (wild type) [Wild type product level],PHIPO:0000365,,BTO:0000713,Macroscopic observation (quantitative observation),interspecies interaction,30011129,,,,
PHIG:10397,Q079H4,,40559,Botrytis cinerea,332648,IuRy-1,strain,Nep1(Nlp27)(27-amino-acid peptide derived from the Nep1) (other) [Not assayed],O48849,,3702,Arabidopsis thaliana,,ecotype Columbia-0,species,RLP23+ (wild type) [Wild type product level],PHIPO:0000927,,BTO:0000713,Substance quantification evidence,gene-for-gene interaction,32796867,,,,
PHIG:10396,Q079H3,,40559,Botrytis cinerea,332648,IuRy-1,strain,Nep2 (Nlp24)(24-amino-acid peptide derived from the Nep1) (other) [Not assayed],O48849,,3702,Arabidopsis thaliana,,ecotype Columbia-0,species,RLP23+ (wild type) [Wild type product level],PHIPO:0000927,,BTO:0000713,Substance quantification evidence,gene-for-gene interaction,32796867,,,,
PHIG:10397,Q079H4,,40559,Botrytis cinerea,332648,IuRy-1,strain,Nep1(Nlp27)(27-amino-acid peptide derived from the Nep1) (other) [Not assayed],O48849,,3702,Arabidopsis thaliana,,ecotype Columbia-0,species,rlp23-1 (disruption) [Null],PHIPO:0000928,,BTO:0000713,Substance quantification evidence,gene-for-gene interaction,32796867,,,,
PHIG:10396,Q079H3,,40559,Botrytis cinerea,332648,IuRy-1,strain,Nep2 (Nlp24)(24-amino-acid peptide derived from the Nep1) (other) [Not assayed],O48849,,3702,Arabidopsis thaliana,,ecotype Columbia-0,species,rlp23-1 (disruption) [Null],PHIPO:0000928,,BTO:0000713,Substance quantification evidence,gene-for-gene interaction,32796867,,,,
PHIG:10397,Q079H4,,40559,Botrytis cinerea,332648,IuRy-1,strain,Nep1(Nlp27)(27-amino-acid peptide derived from the Nep1) (other) [Not assayed],O48849,,3702,Arabidopsis thaliana,,ecotype Columbia-0,species,rlp23-2 (disruption) [Null],PHIPO:0000928,,BTO:0000713,Substance quantification evidence,gene-for-gene interaction,32796867,,,,
PHIG:10396,Q079H3,,40559,Botrytis cinerea,332648,IuRy-1,strain,Nep2 (Nlp24)(24-amino-acid peptide derived from the Nep1) (other) [Not assayed],O48849,,3702,Arabidopsis thaliana,,ecotype Columbia-0,species,rlp23-2 (disruption) [Null],PHIPO:0000928,,BTO:0000713,Substance quantification evidence,gene-for-gene interaction,32796867,,,,
,,,40559,Botrytis cinerea,,IuRy-1,none,,O48849,,3702,Arabidopsis thaliana,,ecotype Columbia-0,species,RLP23+ (wild type) [Wild type product level],PHIPO:0000954,,BTO:0000713,Macroscopic observation (quantitative observation),interspecies interaction,32796867,,,,
,,,40559,Botrytis cinerea,,IuRy-1,none,,O48849,,3702,Arabidopsis thaliana,,ecotype Columbia-0,species,rlp23-1 (disruption) [Null],PHIPO:0000368,,BTO:0000713,Macroscopic observation (quantitative observation),interspecies interaction,32796867,,,,
,,,40559,Botrytis cinerea,,IuRy-1,none,,O48849,,3702,Arabidopsis thaliana,,ecotype Columbia-0,species,rlp23-2 (disruption) [Null],PHIPO:0000368,,BTO:0000713,Macroscopic observation (quantitative observation),interspecies interaction,32796867,,,,
,,,80884,Colletotrichum higginsianum,,MAFF305635,none,,O48849,,3702,Arabidopsis thaliana,,ecotype Columbia-0,species,RLP23+ (wild type) [Wild type product level],PHIPO:0000954,,BTO:0000713,Macroscopic observation (quantitative observation),interspecies interaction,32796867,,,,
,,,80884,Colletotrichum higginsianum,,MAFF305635,none,,O48849,,3702,Arabidopsis thaliana,,ecotype Columbia-0,species,rlp23-1 (disruption) [Null],PHIPO:0000954,,BTO:0000713,Macroscopic observation (quantitative observation),interspecies interaction,32796867,,,,
,,,80884,Colletotrichum higginsianum,,MAFF305635,none,,O48849,,3702,Arabidopsis thaliana,,ecotype Columbia-0,species,rlp23-2 (disruption) [Null],PHIPO:0000954,,BTO:0000713,Macroscopic observation (quantitative observation),interspecies interaction,32796867,,,,
,,,40559,Botrytis cinerea,,IuRy-1,none,,O48849,,3702,Arabidopsis thaliana,,ecotype Columbia-0,species,RLP23+ (wild type) [Wild type product level],,PHIDO:0000178,,,interspecies interaction,32796867,,,,
